pid,cmb_bench,cmb_bmi,cmb_body_fat,cmb_hand_len,cmb_hand_width,cmb_lane_agility,cmb_max_vert,cmb_mod_lane_agility,cmb_offdrib_att,cmb_offdrib_pct,cmb_onmove_att,cmb_onmove_pct,cmb_reach_minus_height,cmb_spot15_att,cmb_spot15_pct,cmb_spotcol_att,cmb_spotcol_pct,cmb_spotnba_att,cmb_spotnba_pct,cmb_sprint,cmb_stand_vert,cmb_wing_minus_height
Pd1e82d8666,13.0,29.58,,,,11.83,29.0,,,,,,28.75,,,,,,,3.38,25.5,6.25
P91ba0ccfb7,,23.78,,,,11.53,29.5,,,,,,25.25,,,,,,,3.55,26.0,1.25
P1f7c85948b,2.0,23.26,,,,,,,,,,,27.5,,,,,,,,,3.25
P8b55924f31,6.0,23.48,,,,10.48,42.5,,,,,,24.0,,,,,,,3.06,36.0,1.5
P4d044e6517,0.0,21.02,,,,,,,,,,,26.0,,,,,,,,,5.5
P07fb065f28,6.0,29.53,,,,10.59,32.0,,,,,,24.0,,,,,,,3.32,27.5,4.5
P4f8c953cc8,2.0,23.32,,,,11.6,30.0,,,,,,24.75,,,,,,,3.44,27.0,-0.75
P9a587a1a63,13.0,24.03,,,,11.12,38.5,,,,,,21.25,,,,,,,3.18,35.0,4.25
P189ad0416e,9.0,23.24,,,,10.55,37.5,,,,,,24.75,,,,,,,3.22,33.0,3.0
P7903308993,9.0,23.39,,,,11.7,33.5,,,,,,23.75,,,,,,,3.34,29.5,4.25
P8df0a8788c,15.0,24.63,,,,11.23,32.5,,,,,,26.25,,,,,,,,33.0,5.25
P1d1b852c8c,5.0,24.1,,,,11.12,38.5,,,,,,23.25,,,,,,,3.27,29.5,3.75
P39bae689b5,,23.96,,,,11.32,33.0,,,,,,25.5,,,,,,,3.28,27.5,2.5
Pd5c75d3b01,12.0,21.16,,,,10.85,34.5,,,,,,23.0,,,,,,,3.24,31.0,-1.0
Pc3df7f8dbd,13.0,25.98,,,,12.12,33.5,,,,,,24.5,,,,,,,3.46,30.5,4.5
P0e7eb7e056,20.0,25.51,,,,11.52,35.0,,,,,,24.0,,,,,,,3.33,33.0,2.5
P98015d62ae,15.0,26.75,,,,11.38,35.0,,,,,,26.0,,,,,,,3.45,28.0,5.0
P497243f189,6.0,25.05,,,,10.93,35.0,,,,,,26.0,,,,,,,3.2,28.5,4.0
P620c88aaa1,17.0,24.63,,,,11.79,36.5,,,,,,25.0,,,,,,,3.3,33.5,4.0
Paff659398c,9.0,23.31,,,,10.4,34.0,,,,,,25.5,,,,,,,3.1,27.5,2.75
P65db320efe,12.0,25.54,,,,12.06,31.0,,,,,,25.25,,,,,,,3.34,27.0,4.25
P2899765f70,11.0,24.46,,,,11.66,32.5,,,,,,26.0,,,,,,,,29.0,2.5
P9aa2c80a45,8.0,24.25,,,,11.62,31.0,,,,,,21.0,,,,,,,3.44,26.0,0.5
P6c17983aad,12.0,22.59,,,,11.32,21.0,,,,,,24.5,,,,,,,3.22,33.0,2.0
Pd764197a9d,15.0,25.3,,,,12.45,30.0,,,,,,27.75,,,,,,,3.43,24.5,4.75
P07655923d4,12.0,25.38,5.3,,,,36.0,,,,,,25.25,,,,,,,3.25,31.5,7.25
Pcba63fe240,6.0,23.19,9.3,,,10.91,37.0,,,,,,24.0,,,,,,,3.2,30.0,6.0
P1d7e465328,12.0,25.0,9.3,,,10.95,33.0,,,,,,24.75,,,,,,,3.3,29.5,2.25
Pbd83a701c7,15.0,25.33,6.7,,,10.59,38.0,,,,,,23.0,,,,,,,3.12,31.5,5.0
Pc5a3285209,6.0,24.7,6.0,,,11.84,31.0,,,,,,27.5,,,,,,,3.33,26.5,4.5
P3a25271b04,13.0,24.03,9.3,,,11.11,30.0,,,,,,25.5,,,,,,,3.35,27.0,4.0
P002581103b,12.0,22.55,6.7,,,9.65,32.5,,,,,,28.0,,,,,,,3.15,26.0,6.25
P3f83cdea39,17.0,25.41,8.9,,,11.59,33.0,,,,,,26.0,,,,,,,3.45,30.0,3.0
Pf532d918b8,6.0,22.05,6.7,,,11.81,37.0,,,,,,24.25,,,,,,,3.27,32.0,3.5
Pc7c312fdc1,2.0,22.59,6.7,,,12.13,33.5,,,,,,26.5,,,,,,,3.36,31.0,3.5
P75d87cd190,8.0,26.08,12.9,,,12.1,28.5,,,,,,27.75,,,,,,,3.54,25.5,6.25
Pc0e2cf5bcc,10.0,26.84,15.2,,,11.65,29.0,,,,,,22.75,,,,,,,3.6,23.0,5.75
Pc0571f7238,9.0,25.99,5.5,,,10.77,35.5,,,,,,20.5,,,,,,,3.2,31.0,6.0
Pe88af25410,16.0,31.09,16.5,,,12.25,31.0,,,,,,28.5,,,,,,,3.53,28.0,8.0
P0fd2ff4395,15.0,32.83,21.0,,,12.37,25.5,,,,,,31.0,,,,,,,3.56,21.5,8.5
Pf7459f37f3,22.0,26.72,4.0,,,10.08,37.5,,,,,,24.75,,,,,,,3.12,34.5,3.75
P0a2d28a2d0,21.0,29.58,8.0,,,11.7,36.5,,,,,,22.25,,,,,,,3.16,34.5,2.25
P1bd862cc0f,10.0,23.8,,,,11.51,33.0,,,,,,25.0,,,,,,,3.19,26.5,3.0
Peca9b04dbf,3.0,23.64,4.0,,,11.77,33.0,,,,,,28.75,,,,,,,3.21,26.5,5.75
P2a8e69fc8a,12.0,24.79,5.3,,,11.57,37.5,,,,,,23.25,,,,,,,3.29,35.5,3.75
P563df84956,11.0,26.58,10.5,,,12.25,31.5,,,,,,26.0,,,,,,,3.35,27.0,4.25
P2ee25c689c,17.0,26.66,12.9,,,12.87,28.5,,,,,,29.75,,,,,,,3.5,27.0,6.75
P675a30c147,11.0,23.28,5.3,,,11.99,38.5,,,,,,25.75,,,,,,,3.15,30.5,5.75
Pdcd864f0fb,14.0,24.96,6.7,,,11.19,38.5,,,,,,23.75,,,,,,,3.15,33.0,4.75
P704a5fd478,12.0,25.62,6.7,,,12.05,36.5,,,,,,26.25,,,,,,,3.4,32.5,2.25
Pe0f44d3916,13.0,23.3,9.9,,,11.27,35.0,,,,,,26.75,,,,,,,3.12,32.5,5.25
P5303425662,12.0,24.93,8.0,,,11.06,40.0,,,,,,23.5,,,,,,,3.12,36.0,3.75
P842a2f3c2e,11.0,24.19,11.7,,,11.22,34.5,,,,,,23.75,,,,,,,3.43,28.5,1.25
P854c694553,15.0,25.42,5.3,,,11.75,39.5,,,,,,25.75,,,,,,,3.12,32.5,6.75
P9650bb1a40,1.0,22.71,6.7,,,11.47,34.0,,,,,,26.0,,,,,,,3.22,29.0,5.0
Pf65d71b77e,3.0,23.22,6.7,,,12.05,33.0,,,,,,25.0,,,,,,,3.2,28.5,3.5
P989fbfa539,14.0,25.98,13.6,,,11.75,30.5,,,,,,24.75,,,,,,,3.47,27.0,1.0
P6d3c0c239e,12.0,26.98,6.7,,,11.69,34.0,,,,,,26.75,,,,,,,3.41,27.5,6.0
Pd3b6bf6d79,4.0,23.49,4.0,,,11.3,35.0,,,,,,27.75,,,,,,,3.22,28.5,9.75
P3ebb78aaf3,1.0,26.43,13.6,,,11.96,37.5,,,,,,24.75,,,,,,,3.2,28.0,6.75
P3d1a59b5a2,4.0,24.95,4.0,,,10.97,37.5,,,,,,25.0,,,,,,,3.19,32.5,6.75
Pac419c235c,16.0,27.03,9.3,,,12.07,33.0,,,,,,25.0,,,,,,,3.47,27.5,4.0
P0fee52cfc4,10.0,24.08,9.3,,,11.83,28.0,,,,,,28.25,,,,,,,3.48,24.5,4.75
P634aaac9d4,16.0,26.94,,,,10.73,34.0,,,,,,27.75,,,,,,,3.19,30.0,7.25
Pfdab72198e,10.0,26.14,,,,11.34,27.5,,,,,,27.5,,,,,,,3.33,24.0,1.75
P3514cc9b35,11.0,25.62,,,,10.68,40.5,,,,,,17.75,,,,,,,3.28,35.5,2.25
P47eee57e35,14.0,30.31,,,,11.77,32.5,,,,,,29.25,,,,,,,3.21,28.0,7.25
P2abf5d1b69,13.0,28.52,,,,10.77,28.5,,,,,,28.75,,,,,,,3.31,26.5,6.5
P792efcc523,7.0,24.43,,,,12.56,27.0,,,,,,29.25,,,,,,,3.63,24.0,3.75
P3c40dc7411,24.0,24.63,,,,10.93,35.5,,,,,,22.75,,,,,,,3.1,30.0,1.0
P01fc763e95,2.0,26.15,,,,12.15,31.0,,,,,,26.25,,,,,,,3.33,27.0,6.25
Pdacee2a50f,10.0,22.44,,,,11.54,37.5,,,,,,26.75,,,,,,,3.29,31.5,5.25
P1199724869,11.0,25.26,,,,11.55,29.0,,,,,,26.0,,,,,,,3.3,24.5,1.0
Pebd90a92ff,12.0,31.9,,,,12.18,33.0,,,,,,27.25,,,,,,,3.31,28.5,3.5
P7662bd9a71,7.0,25.72,,,,11.96,29.0,,,,,,30.0,,,,,,,3.35,26.0,7.0
Pd72acae20f,15.0,27.81,,,,12.73,29.5,,,,,,28.0,,,,,,,3.26,26.0,7.0
P979bc77e15,13.0,24.47,,,,11.81,33.0,,,,,,25.75,,,,,,,3.19,29.0,3.75
Pb3ff680bd6,6.0,22.3,,,,,,,,,,,29.0,,,,,,,,,6.0
Pb7f87f6748,8.0,23.97,,,,11.35,36.5,,,,,,26.5,,,,,,,3.21,33.5,3.5
Pd073d30524,22.0,27.63,,,,11.8,33.5,,,,,,27.25,,,,,,,3.31,28.5,3.25
P648b9117f8,15.0,25.34,,,,12.85,35.5,,,,,,26.0,,,,,,,3.22,29.5,6.0
P59cd2b2d22,13.0,25.77,,,,11.75,37.5,,,,,,26.5,,,,,,,3.2,31.5,6.0
P91e42fff83,9.0,24.05,,,,11.73,30.0,,,,,,27.0,,,,,,,3.4,26.0,2.5
P540f972282,,27.8,,,,11.12,37.5,,,,,,25.75,,,,,,,3.13,33.5,9.75
P5635d18ecc,12.0,26.06,,,,,,,,,,,25.25,,,,,,,,,-0.25
P39c99a28df,0.0,25.0,,,,12.2,32.5,,,,,,24.0,,,,,,,3.24,27.0,2.0
Pe961cc9c52,9.0,24.62,,,,11.13,36.5,,,,,,25.5,,,,,,,3.16,31.0,4.5
P021e6add75,10.0,26.7,,,,,,,,,,,25.0,,,,,,,,,4.5
P396b44b337,5.0,22.63,,,,11.11,29.5,,,,,,23.75,,,,,,,3.2,25.5,2.25
Pcf7f47cd26,1.0,22.67,,,,12.3,28.5,,,,,,33.0,,,,,,,3.26,21.0,7.5
P71d533551f,15.0,23.75,,,,11.86,30.0,,,,,,26.75,,,,,,,3.22,26.0,5.0
P33c766f164,12.0,24.23,,,,11.35,34.5,,,,,,26.5,,,,,,,3.25,30.5,4.75
Pe932df1062,13.0,25.3,,,,10.94,28.5,,,,,,25.25,,,,,,,3.38,22.5,2.25
P3769bd015c,11.0,23.01,,,,10.94,38.0,,,,,,25.25,,,,,,,3.09,32.5,4.75
P830efff813,8.0,26.36,,,,11.69,29.5,,,,,,28.5,,,,,,,3.52,24.5,5.0
P6031807405,12.0,25.28,,,,11.19,35.5,,,,,,28.0,,,,,,,3.25,32.0,5.25
Pd51bbef7c1,4.0,23.88,,,,11.25,33.5,,,,,,25.5,,,,,,,3.31,27.5,3.5
Pa08cb88c9e,16.0,25.64,,,,12.03,35.0,,,,,,26.25,,,,,,,3.22,28.0,1.25
P3d9db1cda1,20.0,23.8,,,,11.43,34.5,,,,,,27.25,,,,,,,3.16,31.0,4.75
Pe929ebb536,10.0,26.53,,,,10.34,36.0,,,,,,24.75,,,,,,,3.09,28.5,3.25
Pb74259d44e,,27.59,,,,11.73,31.0,,,,,,27.0,,,,,,,3.29,26.0,6.5
P4c416f9cab,2.0,23.99,,,,11.94,34.5,,,,,,26.0,,,,,,,3.23,33.5,3.0
P70ecb2ee9d,10.0,23.64,,,,11.7,34.0,,,,,,27.0,,,,,,,3.32,30.0,7.0
Pae0e6be256,7.0,26.75,8.0,,,11.4,33.5,,,,,,27.25,,,,,,,3.15,30.5,5.75
Pa3bf9b334b,10.0,25.39,9.9,,,11.36,32.0,,,,,,26.0,,,,,,,3.25,27.0,3.5
P539180f113,17.0,23.97,5.3,,,10.89,41.0,,,,,,25.25,,,,,,,3.06,34.5,4.75
P3a913af04c,10.0,25.75,8.0,,,11.43,35.0,,,,,,24.75,,,,,,,3.25,29.5,5.0
P624e80554f,20.0,26.25,13.6,,,11.52,32.0,,,,,,25.0,,,,,,,3.32,27.0,0.25
Peab571b95d,9.0,23.38,8.0,,,11.8,33.0,,,,,,26.75,,,,,,,3.3,30.5,5.25
P78dd3f3917,13.0,24.54,6.7,,,11.11,33.5,,,,,,21.5,,,,,,,3.35,29.0,1.5
Pced63c164c,8.0,27.49,17.0,,,11.62,33.0,,,,,,27.25,,,,,,,3.28,28.0,4.75
Pc441e97a64,6.0,24.77,10.5,,,11.87,29.0,,,,,,27.5,,,,,,,3.45,25.0,4.5
P85bb3eb8b9,6.0,23.33,4.0,,,11.62,35.0,,,,,,26.25,,,,,,,3.25,30.5,4.75
Pae24459193,11.0,24.15,6.7,,,11.09,41.5,,,,,,23.0,,,,,,,3.23,37.5,2.25
P26a739545e,11.0,24.46,8.0,,,11.77,34.0,,,,,,22.5,,,,,,,3.32,28.0,1.25
P0efa2b4f7d,0.0,22.59,6.7,,,11.45,39.5,,,,,,22.5,,,,,,,3.2,32.5,0.5
Pe4a1b20238,13.0,25.46,8.0,,,11.86,28.5,,,,,,25.5,,,,,,,3.19,28.5,4.75
P4649b7d232,16.0,24.02,6.0,,,10.72,35.0,,,,,,24.0,,,,,,,3.18,31.5,2.0
P7feaaeffcb,10.0,23.4,5.3,,,10.98,33.5,,,,,,23.75,,,,,,,3.1,29.0,3.25
P82d1799627,4.0,23.8,6.0,,,10.89,36.5,,,,,,28.25,,,,,,,3.09,33.0,8.75
P1f926eb06b,25.0,30.35,8.0,,,11.13,35.0,,,,,,27.0,,,,,,,3.21,32.5,8.25
Pbc5a0470c9,,27.42,6.7,,,,,,,,,,27.0,,,,,,,,,5.0
P7d6aa2dfe0,13.0,22.16,7.3,,,10.67,32.5,,,,,,25.5,,,,,,,3.08,26.5,0.75
Pb7edd3ead7,,25.54,2.6,,,10.91,39.5,,,,,,25.75,,,,,,,3.11,30.0,4.25
Pce38c03d45,9.0,24.4,6.7,,,11.18,33.0,,,,,,28.25,,,,,,,3.19,30.5,7.25
P01056a0f18,15.0,25.41,16.3,,,11.33,30.5,,,,,,27.0,,,,,,,3.37,23.5,0.25
P47846f7398,8.0,24.53,11.7,,,11.04,30.0,,,,,,23.5,,,,,,,3.38,23.5,0.0
P6ce52469e7,6.0,25.95,10.5,,,,,,,,,,23.75,,,,,,,,,6.25
P3e7075c22e,13.0,24.23,6.7,,,11.42,31.5,,,,,,24.25,,,,,,,3.47,25.5,3.25
P9f79255649,8.0,34.49,21.4,,,14.01,32.0,,,,,,29.75,,,,,,,3.55,24.5,10.0
P014b6ed928,13.0,25.21,8.0,,,11.3,32.5,,,,,,28.0,,,,,,,3.36,26.5,5.5
Ped90afeb58,15.0,25.85,8.0,,,10.44,35.5,,,,,,20.0,,,,,,,3.04,32.0,0.25
P0685226773,5.0,27.82,16.3,,,13.4,22.5,,,,,,28.5,,,,,,,3.8,19.5,2.25
P3c6c730bf2,0.0,22.03,5.3,,,11.0,32.5,,,,,,22.5,,,,,,,3.28,26.0,2.0
Pf436b2be04,25.0,26.7,9.3,,,10.99,32.0,,,,,,26.0,,,,,,,3.1,28.5,3.75
P1b3889c122,0.0,22.59,14.1,,,,,,,,,,23.5,,,,,,,,,0.0
P39c1b5b439,9.0,25.97,6.7,,,10.56,35.0,,,,,,26.25,,,,,,,3.08,31.5,7.0
P08c56d3590,12.0,25.98,9.3,,,,,,,,,,24.25,,,,,,,,28.0,0.75
P37455198a4,11.0,24.67,8.0,,,12.18,31.5,,,,,,28.0,,,,,,,3.43,28.5,8.0
P554dd6632a,3.0,25.1,6.7,,,,,,,,,,25.75,,,,,,,,,4.75
Pc1693478f0,15.0,25.58,7.3,,,11.38,41.0,,,,,,22.75,,,,,,,3.17,34.5,13.75
Pa2e0858910,13.0,25.06,5.3,,,11.09,40.5,,,,,,23.25,,,,,,,3.1,34.0,8.0
Pe6c8b117c8,17.0,26.39,6.7,,,10.7,36.5,,,,,,26.5,,,,,,,3.19,31.5,5.5
P20571734e6,8.0,22.64,8.0,,,11.63,32.0,,,,,,28.5,,,,,,,3.29,29.5,7.0
P23c2e6b3e7,13.0,25.43,6.7,,,10.63,34.5,,,,,,23.25,,,,,,,3.08,29.0,4.25
P690d8b352a,18.0,28.24,9.3,,,11.61,33.0,,,,,,28.25,,,,,,,3.24,31.5,8.25
P5c0fad1503,,,9.3,,,,,,,,,,,,,,,,,,,
P27d4bedf9b,1.0,23.28,7.3,,,,,,,,,,25.25,,,,,,,,,4.25
Pcc92138fb2,9.0,25.9,9.9,,,,,,,,,,24.5,,,,,,,,,6.5
P630cc033c0,14.0,28.89,16.3,,,13.32,25.0,,,,,,29.0,,,,,,,3.4,23.0,5.5
P6292223fd6,11.0,22.79,9.3,,,11.95,36.0,,,,,,27.25,,,,,,,3.38,29.0,5.25
P2b413e3467,4.0,25.6,18.5,,,11.38,32.0,,,,,,27.75,,,,,,,3.19,31.0,4.75
P8abebd0da5,5.0,24.78,6.7,,,11.46,31.5,,,,,,29.5,,,,,,,3.34,27.5,5.5
Pb3e080e381,7.0,26.17,6.7,,,10.45,35.0,,,,,,26.0,,,,,,,3.14,31.5,6.5
P391abc2490,15.0,26.78,14.1,,,,,,,,,,29.75,,,,,,,,,5.25
P8eebd87e26,,26.64,6.7,,,,,,,,,,24.5,,,,,,,,,5.5
Pf2b6b60b16,15.0,27.02,6.0,,,10.97,32.0,,,,,,26.0,,,,,,,3.1,29.0,7.0
Pe4ea2d8948,13.0,25.54,10.8,,,11.15,31.0,,,,,,28.25,,,,,,,3.25,29.5,4.75
P74b71b0d31,9.0,28.29,,,,12.49,30.5,,,,,,28.0,,,,,,,3.24,26.5,7.5
Pec20f0f060,12.0,25.33,5.3,,,11.28,37.5,,,,,,26.0,,,,,,,3.19,31.5,7.5
P5246294b22,5.0,21.97,5.3,,,11.03,37.0,,,,,,24.75,,,,,,,3.19,30.5,5.75
P269736d407,7.0,25.72,10.5,,,11.21,35.5,,,,,,30.5,,,,,,,3.14,30.5,7.5
Pcca6045f01,22.0,25.98,6.7,,,11.33,36.0,,,,,,26.25,,,,,,,3.2,29.5,4.25
Pff029e3151,4.0,25.24,6.7,,,11.17,34.5,,,,,,27.75,,,,,,,3.18,30.5,5.25
P977a8945dd,13.0,24.5,8.0,,,11.1,36.0,,,,,,25.0,,,,,,,3.24,26.5,2.5
P67b7122a99,3.0,28.53,10.5,,,13.08,30.0,,,,,,29.5,,,,,,,3.29,28.5,6.0
Pd353deb783,,21.36,6.7,,,10.72,30.0,,,,,,27.25,,,,,,,3.23,26.5,4.75
P0b1f22f2d4,15.0,27.75,8.0,,,10.95,33.5,,,,,,24.0,,,,,,,3.14,28.5,3.5
Pfb5ad97400,22.0,27.71,5.3,,,12.32,34.0,,,,,,29.75,,,,,,,3.15,31.5,7.25
Pddd42c77c5,15.0,25.72,12.9,,,12.65,26.0,,,,,,27.0,,,,,,,3.56,22.0,2.5
Pbb4d6101de,18.0,25.92,9.3,,,12.52,33.0,,,,,,27.0,,,,,,,3.3,27.5,2.0
P46af6c0052,14.0,24.5,6.0,,,10.91,34.5,,,,,,24.75,,,,,,,3.17,28.5,4.75
P9cbbbfe0cc,13.0,27.72,6.7,,,10.75,43.5,,,,,,23.75,,,,,,,2.96,35.5,5.25
P25c05d7b38,12.0,24.89,6.7,,,11.43,39.5,,,,,,27.5,,,,,,,3.24,32.5,5.0
P0d50e77b95,5.0,26.57,6.7,,,10.93,35.5,,,,,,26.5,,,,,,,3.21,29.0,4.5
P44f5111142,19.0,26.35,9.3,,,10.79,35.0,,,,,,26.0,,,,,,,3.13,30.0,3.0
Pd2c0348ebe,18.0,25.28,9.3,,,12.13,31.5,,,,,,28.0,,,,,,,3.27,28.0,5.5
P7aeaf13cc2,2.0,25.21,9.3,,,,,,,,,,23.5,,,,,,,,,2.0
Pc02213b2fe,12.0,24.07,6.7,,,10.75,33.5,,,,,,24.25,,,,,,,3.25,29.5,2.75
P0ad01302af,12.0,23.81,6.7,,,11.2,35.0,,,,,,26.0,,,,,,,3.15,30.0,4.5
P868c4004ba,15.0,26.67,7.3,,,11.92,31.0,,,,,,29.5,,,,,,,3.15,26.5,7.5
Pb5af3844f5,11.0,22.42,,,,11.67,32.0,,,,,,26.75,,,,,,,3.35,28.0,8.25
P3914f363fb,13.0,25.02,,,,12.58,32.5,,,,,,27.0,,,,,,,3.35,30.5,5.5
Pd650e439a2,10.0,26.81,,,,10.32,30.5,,,,,,27.5,,,,,,,3.27,26.5,5.0
P11475d8eed,0.0,22.04,,,,11.94,27.5,,,,,,27.25,,,,,,,3.42,24.0,-2.0
P485a20a47a,7.0,24.0,,,,11.74,31.5,,,,,,30.25,,,,,,,3.35,25.0,7.25
P5104e01e75,14.0,25.39,,,,10.52,36.5,,,,,,24.75,,,,,,,3.21,33.0,6.0
P099a8d0c1c,13.0,25.57,,,,12.06,33.5,,,,,,27.5,,,,,,,3.51,27.5,4.0
P156589bd1a,,24.96,,,,,,,,,,,23.0,,,,,,,,,3.0
P3928bad8a7,15.0,26.7,,,,11.12,40.5,,,,,,22.5,,,,,,,3.0,33.0,5.0
Pb8998ddf4a,14.0,24.88,,,,10.51,36.5,,,,,,23.5,,,,,,,3.28,30.5,2.0
Peb2d46202e,1.0,22.56,,,,10.85,31.0,,,,,,21.75,,,,,,,3.26,24.5,0.0
Pcb4360a784,21.0,29.14,,,,11.94,31.0,,,,,,30.5,,,,,,,3.45,28.0,9.0
P74b9613d69,0.0,22.52,,,,12.13,31.5,,,,,,23.75,,,,,,,3.31,26.5,0.5
Pc047806c80,6.0,27.42,,,,10.5,33.5,,,,,,26.5,,,,,,,3.06,29.0,4.75
Pc1044ed1f5,9.0,23.82,,,,11.92,37.0,,,,,,26.75,,,,,,,3.2,28.5,6.25
P42d0d6de9a,19.0,25.78,,,,11.6,31.0,,,,,,29.0,,,,,,,3.38,27.5,5.0
P21b2b49a34,11.0,23.65,,,,12.51,35.5,,,,,,30.75,,,,,,,3.27,31.5,8.75
P311b5f6b41,5.0,22.05,,,,10.63,31.5,,,,,,25.25,,,,,,,3.33,27.5,5.0
P8b388e1924,12.0,25.58,,,,11.48,36.5,,,,,,23.25,,,,,,,3.15,30.5,8.0
P38dadf836a,18.0,22.98,,,,11.48,36.0,,,,,,27.0,,,,,,,3.33,29.5,4.5
Pc295aab61a,26.0,25.52,,,,10.62,36.0,,,,,,26.75,,,,,,,3.05,30.0,2.75
P471bec0288,10.0,25.07,,,,10.84,34.0,,,,,,23.5,,,,,,,3.34,31.0,6.0
P81f3558def,7.0,22.19,,,,11.2,39.0,,,,,,26.0,,,,,,,3.21,31.5,3.75
P6f59c256f3,14.0,22.95,,,,11.12,38.5,,,,,,24.5,,,,,,,3.21,31.5,3.25
P959d20dcac,14.0,23.36,,,,10.89,29.0,,,,,,29.5,,,,,,,3.18,24.5,6.5
Pc6a39f466a,2.0,23.08,,,,11.59,30.0,,,,,,29.75,,,,,,,3.56,22.0,5.5
Pa4dad52ff4,5.0,25.03,,,,10.87,28.5,,,,,,25.5,,,,,,,3.24,26.0,5.0
Pb945050559,15.0,26.27,,,,11.87,31.5,,,,,,28.0,,,,,,,3.25,28.0,6.25
Pe68742d859,14.0,25.37,,,,10.8,32.5,,,,,,26.75,,,,,,,3.19,30.5,4.25
P55b27de869,4.0,22.63,,,,10.44,34.0,,,,,,22.75,,,,,,,3.14,29.0,2.75
Pb87f242f46,7.0,22.42,,,,11.64,37.0,,,,,,27.5,,,,,,,3.21,30.5,8.5
P17786d3599,,30.54,,,,,,,,,,,30.0,,,,,,,,,10.25
P8a3b7b6860,12.0,29.15,,,,11.04,33.0,,,,,,26.0,,,,,,,3.29,30.0,6.25
P9f246cdbe1,15.0,25.29,,,,10.39,34.5,,,,,,28.75,,,,,,,3.11,32.5,8.0
P2611750e05,10.0,26.76,,,,10.64,32.0,,,,,,28.0,,,,,,,3.27,26.5,3.5
P403a83bdf0,7.0,23.68,,,,10.69,37.5,,,,,,22.0,,,,,,,3.22,32.0,3.5
P5e4491e5c3,10.0,24.31,,,,11.09,38.0,,,,,,21.25,,,,,,,3.22,32.0,4.5
P7363f8a8b4,,26.09,,,,,,,,,,,27.25,,,,,,,,,6.75
P0ad0c7ed95,11.0,24.55,,,,10.49,39.0,,,,,,23.75,,,,,,,3.29,31.5,4.75
Pa68189cdce,14.0,23.75,,,,11.17,37.0,,,,,,22.25,,,,,,,3.19,31.5,2.0
Pef98a54ad0,1.0,24.21,,,,12.4,26.5,,,,,,27.75,,,,,,,3.47,23.5,5.25
P8c537f5a4d,11.0,28.63,,,,11.05,27.5,,,,,,27.75,,,,,,,3.35,27.0,4.75
P01bc9a886e,14.0,28.31,,,,11.26,33.0,,,,,,28.5,,,,,,,3.27,28.5,5.25
P2b78092e41,,22.48,,,,,,,,,,,27.25,,,,,,,,,3.5
Pd382320a3c,15.0,26.12,,,,11.5,33.0,,,,,,26.5,,,,,,,3.23,30.5,5.5
P572a4194e6,11.0,25.35,,,,10.86,31.0,,,,,,28.0,,,,,,,3.3,26.0,3.25
Pdd972253d5,11.0,24.07,,,,,38.0,,,,,,28.75,,,,,,,3.22,33.0,6.75
Pf804162018,7.0,26.53,,,,11.39,30.5,,,,,,28.0,,,,,,,3.39,28.0,5.0
P83f12f36b1,15.0,29.59,,,,12.11,33.5,,,,,,28.0,,,,,,,3.25,28.5,6.0
P3470a61a00,12.0,25.7,,,,11.11,35.0,,,,,,29.0,,,,,,,3.17,29.5,8.5
P5afd5b991d,15.0,26.16,,,,10.83,35.0,,,,,,24.25,,,,,,,3.25,30.0,4.5
Pf4d4553b6f,12.0,23.87,,,,11.45,29.5,,,,,,27.25,,,,,,,3.41,26.5,3.5
P43e7adb565,8.0,24.47,,,,11.58,36.0,,,,,,27.25,,,,,,,3.27,30.0,8.75
Pdb7c6b10a9,11.0,25.2,8.0,,,11.73,35.0,,,,,,26.25,,,,,,,3.22,29.5,4.5
P27f732ca1a,8.0,24.46,8.7,,,12.02,34.0,,,,,,28.0,,,,,,,3.43,26.5,6.75
Pd9ad951135,13.0,25.54,6.9,,,11.45,35.5,,,,,,25.75,,,,,,,3.19,31.0,5.25
P4dc7399d2c,13.0,25.4,6.3,,,12.28,31.5,,,,,,27.5,,,,,,,3.53,28.5,6.5
P2650c293bf,13.0,24.78,5.5,,,10.54,32.5,,,,,,23.75,,,,,,,3.25,30.0,4.0
P74ff916074,9.0,24.27,4.9,,,11.58,35.0,,,,,,27.25,,,,,,,3.22,30.5,7.75
P552922b6fa,8.0,26.87,7.2,,,11.08,40.0,,,,,,25.25,,,,,,,3.18,35.0,6.75
P058ee51b71,19.0,25.93,5.0,,,11.32,41.0,,,,,,25.75,,,,,,,3.14,35.0,5.5
P78afb3722d,10.0,24.51,5.3,,,10.57,38.5,,,,,,27.0,,,,,,,3.06,32.0,5.5
P1bf2734620,9.0,27.08,10.0,,,12.0,37.5,,,,,,26.75,,,,,,,3.27,31.5,5.75
P6f3dd59527,11.0,22.71,4.4,,,11.07,42.0,,,,,,21.75,,,,,,,3.17,33.5,2.25
Pf919ba1bb3,14.0,27.03,10.0,,,10.53,38.0,,,,,,22.75,,,,,,,3.23,32.0,4.0
P4634e39421,9.0,25.01,5.7,,,11.03,40.5,,,,,,28.5,,,,,,,3.32,33.0,8.0
Pad940d555c,6.0,24.3,7.4,,,11.27,39.0,,,,,,28.5,,,,,,,3.3,32.0,8.25
Pe4baee43bf,15.0,24.54,8.0,,,11.23,34.5,,,,,,23.75,,,,,,,3.28,28.5,3.75
Pcbdc976fea,5.0,21.36,4.1,,,10.67,35.5,,,,,,23.75,,,,,,,3.3,29.0,2.0
P3765a7e186,1.0,23.37,9.6,,,11.46,39.0,,,,,,21.5,,,,,,,3.34,30.5,2.75
P4c433fbf72,19.0,25.81,5.8,,,11.47,36.0,,,,,,26.0,,,,,,,3.29,31.5,4.5
P117ae491b1,15.0,29.62,9.7,,,11.67,32.5,,,,,,27.25,,,,,,,3.3,28.5,7.25
P49164b4255,11.0,22.59,6.8,,,11.46,30.5,,,,,,26.5,,,,,,,3.37,25.5,3.5
P6565076e45,20.0,26.79,6.1,,,10.54,38.5,,,,,,23.5,,,,,,,3.07,34.5,5.0
P7781579610,5.0,23.73,8.1,,,11.11,31.0,,,,,,23.0,,,,,,,3.37,24.5,1.5
P4b8155700b,13.0,25.41,10.0,,,12.68,30.0,,,,,,30.0,,,,,,,3.63,26.5,6.75
P633e796e6a,7.0,23.41,5.9,,,11.25,37.0,,,,,,21.5,,,,,,,3.25,32.0,4.5
Pf037b649bc,9.0,26.91,9.8,,,11.01,35.5,,,,,,26.5,,,,,,,3.2,28.5,7.5
P14d000eef5,6.0,23.12,7.0,,,10.94,33.0,,,,,,21.5,,,,,,,3.29,27.5,-0.75
Pa1953f4a95,6.0,24.39,7.6,,,11.13,40.5,,,,,,23.75,,,,,,,3.27,34.0,2.75
P05061c84a0,7.0,24.19,6.6,,,12.52,31.0,,,,,,30.0,,,,,,,3.38,28.5,9.5
P54e5c21a96,15.0,24.34,5.6,,,11.05,35.0,,,,,,28.25,,,,,,,3.31,30.5,8.0
P87e51fede0,9.0,24.78,8.5,,,11.56,34.0,,,,,,25.5,,,,,,,3.4,30.0,4.5
P82e987418b,,30.31,12.2,,,11.59,29.5,,,,,,26.0,,,,,,,3.4,30.0,4.0
Pe047befac5,15.0,26.47,7.8,,,12.08,34.5,,,,,,24.5,,,,,,,3.4,29.5,5.0
Pbdc6b072d0,17.0,26.88,6.0,,,10.95,31.5,,,,,,23.75,,,,,,,3.27,28.0,3.25
Pd31d743729,8.0,24.29,5.6,,,11.36,39.5,,,,,,28.75,,,,,,,3.2,34.0,7.75
P49a2cdbcb5,9.0,26.82,9.7,,,10.71,37.5,,,,,,24.5,,,,,,,3.26,29.0,4.5
P801bf131e6,12.0,22.87,5.2,,,11.61,34.0,,,,,,23.5,,,,,,,3.15,31.5,5.5
P91b09695de,25.0,28.7,11.4,,,11.53,33.5,,,,,,24.5,,,,,,,3.59,29.0,8.75
Pd47bfc21b1,,25.41,8.0,,,10.69,31.0,,,,,,24.75,,,,,,,3.3,32.0,7.75
P924fa678bb,4.0,27.6,12.4,,,11.3,28.0,,,,,,23.5,,,,,,,3.4,24.5,5.0
Pd1e1adb03d,7.0,23.62,6.5,,,11.9,31.5,,,,,,29.75,,,,,,,3.31,26.5,6.25
P4a79922b86,11.0,21.38,4.2,,,11.69,36.5,,,,,,25.0,,,,,,,3.22,30.5,2.25
P168e9ad8d4,6.0,23.1,2.7,,,10.57,39.5,,,,,,24.0,,,,,,,3.2,32.5,6.0
P2528efc939,3.0,23.71,6.6,,,11.27,41.0,,,,,,24.5,,,,,,,3.25,32.5,5.0
Pbcd324b348,13.0,24.4,4.2,,,11.63,40.5,,,,,,23.5,,,,,,,3.09,35.5,6.75
Pb70d7d0b57,4.0,25.37,7.0,,,11.12,34.5,,,,,,26.5,,,,,,,3.22,30.0,5.25
P2f5200d27c,11.0,24.25,4.5,,,11.6,38.0,,,,,,23.0,,,,,,,3.32,32.5,2.5
Pf6d18cb839,7.0,24.64,6.9,,,12.63,30.0,,,,,,28.5,,,,,,,3.53,27.0,7.0
P41fad117db,14.0,25.97,7.1,,,11.32,32.0,,,,,,25.0,,,,,,,3.45,28.0,2.0
P5713a8b541,0.0,23.04,6.6,,,12.33,33.5,,,,,,29.0,,,,,,,3.45,26.0,7.75
Pd1415c96b7,17.0,27.0,10.8,,,12.07,32.5,,,,,,24.5,,,,,,,3.7,27.0,3.25
Pea4d2012e7,17.0,25.68,3.7,,,12.0,38.0,,,,,,24.0,,,,,,,3.34,33.5,6.25
Pf5e2b9f7f1,8.0,24.13,4.6,,,11.3,32.5,,,,,,25.0,,,,,,,3.26,29.0,3.25
P12dc2a4dac,9.0,25.51,13.0,,,11.88,29.0,,,,,,28.0,,,,,,,3.51,26.0,2.5
Pcb5c1e8ac6,15.0,26.13,5.6,,,12.31,34.0,,,,,,29.5,,,,,,,3.39,30.5,7.25
Pba0c961d37,20.0,27.02,9.1,,,12.15,35.5,,,,,,27.0,,,,,,,3.37,31.0,4.75
Pc9bef9c2e0,18.0,27.0,5.4,,,11.78,35.0,,,,,,23.0,,,,,,,3.31,26.5,2.0
P02f9f17423,9.0,25.5,5.4,,,11.57,34.5,,,,,,24.5,,,,,,,3.41,32.0,8.0
P56d107e80a,21.0,27.94,7.5,,,11.35,36.5,,,,,,23.5,,,,,,,3.29,31.5,4.0
Pcfbeb8a341,17.0,25.26,4.9,,,11.73,36.0,,,,,,30.0,,,,,,,3.22,29.5,9.0
P49b077589e,8.0,23.88,5.6,,,11.0,34.0,,,,,,24.0,,,,,,,3.22,29.0,4.5
P6e6a2db0d6,11.0,26.53,5.6,,,12.1,29.5,,,,,,27.5,,,,,,,3.43,27.0,6.0
P0f110bb83f,12.0,24.78,4.7,,,10.95,34.5,,,,,,25.0,,,,,,,3.25,28.5,3.5
P67d2056db6,12.0,26.36,13.7,,,11.7,31.5,,,,,,26.5,,,,,,,3.47,27.5,5.0
Pac5bd0e496,16.0,24.38,6.2,,,10.39,32.5,,,,,,27.0,,,,,,,3.38,28.5,6.25
Pad16010a79,12.0,23.31,4.8,,,11.79,37.5,,,,,,24.5,,,,,,,3.47,32.5,3.25
P2224af8be2,,26.23,7.8,,,11.67,34.0,,,,,,29.0,,,,,,,3.27,32.0,5.25
Pb380360b47,15.0,28.39,7.5,,,11.39,30.5,,,,,,31.5,,,,,,,3.29,26.5,9.5
P544e2d56ac,8.0,23.75,6.2,,,11.65,33.5,,,,,,23.5,,,,,,,3.27,29.5,2.25
Pd6f3aa739f,15.0,23.92,7.5,,,10.96,37.5,,,,,,23.25,,,,,,,3.29,33.5,0.0
Pa610141ccc,21.0,24.38,4.5,,,10.87,35.0,,,,,,25.25,,,,,,,3.14,28.5,2.75
P243742fc34,14.0,25.36,6.1,,,11.34,35.0,,,,,,24.75,,,,,,,3.11,30.5,3.5
P1a6f58deb5,9.0,23.43,5.1,,,10.68,34.0,,,,,,25.25,,,,,,,3.45,29.0,1.25
Pd84423f7e2,9.0,25.7,5.8,,,11.96,41.0,,,,,,26.25,,,,,,,3.16,35.0,7.25
P3b02df9dfc,21.0,27.26,5.7,,,11.49,30.0,,,,,,28.5,,,,,,,3.29,28.5,7.5
P9bd8ef5672,14.0,25.98,6.9,,,11.65,31.0,,,,,,29.25,,,,,,,3.56,26.5,6.25
Pd35ff5934d,2.0,21.56,5.8,,,11.76,35.5,,,,,,27.75,,,,,,,3.31,30.5,7.0
P25a045baff,2.0,24.07,6.1,,,11.48,33.5,,,,,,29.5,,,,,,,3.36,28.5,7.75
P8bc7e2260e,13.0,24.42,4.9,,,11.06,37.0,,,,,,28.25,,,,,,,3.19,34.5,5.75
Pdd125f24cc,6.0,24.43,6.8,,,11.0,40.5,,,,,,23.5,,,,,,,3.25,39.5,7.0
P2e38e474e2,24.0,24.63,5.8,,,11.33,38.5,,,,,,26.75,,,,,,,2.99,32.5,4.25
P4b0ccf34e0,12.0,24.03,7.3,,,12.18,30.0,,,,,,27.5,,,,,,,3.14,28.5,3.25
P376f10f64c,2.0,24.61,8.1,,,11.27,35.0,,,,,,24.5,,,,,,,3.07,28.5,5.5
P5f07dfebd6,10.0,26.37,4.7,,,11.26,38.0,,,,,,23.25,,,,,,,3.07,31.0,1.75
P722aa856f7,19.0,26.92,7.7,,,11.06,35.0,,,,,,28.0,,,,,,,3.24,30.0,5.25
P2bc925c307,13.0,26.62,7.6,,,11.67,36.0,,,,,,24.5,,,,,,,3.22,31.0,2.75
Pad8df3794d,19.0,30.43,9.0,,,11.84,33.0,,,,,,28.75,,,,,,,3.2,27.5,7.5
Pc9371b494a,2.0,25.88,9.4,,,11.77,42.0,,,,,,19.5,,,,,,,3.43,35.0,6.25
P41bc73e83b,10.0,25.32,5.4,,,,,,,,,,27.0,,,,,,,,,7.25
Pd43d378f42,15.0,28.5,8.2,,,10.81,40.0,,,,,,25.0,,,,,,,3.01,32.0,7.0
Pab534e249b,2.0,24.12,7.6,,,11.21,31.5,,,,,,27.75,,,,,,,3.2,27.5,1.75
P79f9e777a1,13.0,24.67,6.9,,,11.33,38.0,,,,,,27.25,,,,,,,3.08,30.5,4.75
Pd2241d6e4b,13.0,28.34,9.2,,,10.62,28.0,,,,,,29.25,,,,,,,3.27,26.5,8.25
P0e7908a570,9.0,23.71,3.0,,,12.2,37.5,,,,,,24.25,,,,,,,3.07,34.0,7.75
P4b1ba6339f,12.0,26.77,3.4,,,11.15,36.0,,,,,,26.75,,,,,,,3.16,30.5,9.0
Pc06b79b843,7.0,25.1,6.4,,,11.51,34.5,,,,,,31.0,,,,,,,3.18,28.0,8.5
P951f092ec6,11.0,27.09,12.5,,,11.75,31.0,,,,,,27.5,,,,,,,3.26,27.0,4.25
Pb36450dd54,6.0,23.99,9.2,,,,,,,,,,31.25,,,,,,,,,9.25
P4b40cf78ae,2.0,25.09,12.0,,,12.02,32.0,,,,,,27.75,,,,,,,3.36,27.0,4.25
P7c1c1e7eac,8.0,26.3,7.5,,,12.3,30.5,,,,,,31.75,,,,,,,3.27,26.0,8.25
P28594efa12,13.0,26.47,9.6,,,12.06,32.0,,,,,,29.0,,,,,,,3.2,29.0,7.0
Pab86c7dfaf,7.0,26.17,6.3,,,12.77,30.5,,,,,,29.75,,,,,,,3.57,27.5,6.25
Pdfe2a49906,18.0,28.19,12.9,,,11.17,35.0,,,,,,26.25,,,,,,,3.22,29.5,3.5
P552ea773e2,7.0,24.83,6.3,,,11.04,41.0,,,,,,24.25,,,,,,,3.14,30.5,2.75
P486b5c76fa,11.0,25.7,7.0,,,11.71,38.5,,,,,,25.75,,,,,,,3.17,32.0,8.75
Pfcb4575061,7.0,24.59,5.3,,,12.75,32.5,,,,,,31.5,,,,,,,3.25,27.0,7.0
Pb00deeb55d,19.0,26.12,4.5,,,10.54,38.5,,,,,,25.5,,,,,,,3.13,34.5,9.0
Pb48635a7c4,14.0,25.56,11.0,,,11.32,35.5,,,,,,24.25,,,,,,,3.17,30.5,1.25
P7c81e9aca5,7.0,21.11,4.7,,,11.86,35.0,,,,,,28.0,,,,,,,3.26,29.0,6.0
P2d45174d7f,10.0,25.51,4.6,,,11.69,40.0,,,,,,25.0,,,,,,,3.05,34.5,6.5
P1ca581fef0,18.0,25.63,4.2,,,,,,,,,,24.0,,,,,,,,26.0,5.5
Pb047bb4747,2.0,22.08,3.8,,,10.98,39.0,,,,,,25.25,,,,,,,3.08,31.0,6.5
P597d181897,10.0,24.54,6.2,,,11.97,29.5,,,,,,25.5,,,,,,,3.4,26.0,4.5
P8482acfde2,12.0,23.49,4.4,,,10.58,36.5,,,,,,28.0,,,,,,,2.96,29.0,6.0
P67ee7c4408,12.0,24.48,4.8,,,10.98,36.5,,,,,,25.75,,,,,,,3.08,30.0,5.5
P6d59a1d0fb,15.0,24.71,5.3,,,11.32,36.5,,,,,,27.75,,,,,,,3.07,31.5,6.0
Pebc69ca1f1,16.0,27.83,7.9,,,11.34,31.5,,,,,,30.25,,,,,,,3.32,27.5,8.75
P4f7ec9f72f,15.0,25.83,5.5,,,11.98,35.0,,,,,,26.25,,,,,,,3.14,31.0,4.25
P57a6e7dc53,3.0,23.9,7.9,,,10.49,39.0,,,,,,26.75,,,,,,,3.15,29.5,8.5
P5e4e4a8cf1,18.0,32.58,12.0,,,11.5,33.0,,,,,,29.25,,,,,,,3.45,26.0,8.75
Pe7ad570728,20.0,24.98,8.6,,,11.26,35.5,,,,,,28.0,,,,,,,3.13,30.5,7.0
P922c03ccad,10.0,23.7,10.0,,,11.08,38.5,,,,,,22.75,,,,,,,3.24,29.5,0.75
P117b8ca478,,23.79,6.3,,,,,,,,,,26.75,,,,,,,,,3.75
P7d7c4d5568,2.0,23.34,8.6,,,11.15,32.5,,,,,,26.75,,,,,,,3.28,25.5,1.5
Pc430805a15,5.0,24.78,5.2,,,11.17,33.0,,,,,,29.0,,,,,,,3.35,28.5,6.0
P8afd917a6c,9.0,22.38,5.7,,,10.45,33.5,,,,,,24.25,,,,,,,3.1,30.5,2.75
P3326a2a68b,18.0,25.61,4.8,,,11.18,35.0,,,,,,27.5,,,,,,,3.26,28.0,4.0
P7b8c6b66e0,10.0,23.24,5.7,,,11.07,35.5,,,,,,23.0,,,,,,,3.28,29.5,1.5
P7ef2b1cf05,0.0,20.18,5.5,,,12.11,28.0,,,,,,28.25,,,,,,,3.55,25.0,5.0
Pad8e6fd6b0,5.0,24.72,4.9,,,11.88,38.5,,,,,,25.0,,,,,,,3.31,29.0,3.5
Pc99e2f6730,15.0,24.19,5.2,,,10.63,32.5,,,,,,24.5,,,,,,,3.03,28.0,5.0
P6fd4123c4d,13.0,24.47,5.5,,,11.14,38.0,,,,,,23.75,,,,,,,3.2,31.5,2.25
Pe2d0a4cddd,7.0,26.85,7.1,,,11.81,34.0,,,,,,28.0,,,,,,,3.17,28.5,7.25
P1738f63a26,10.0,27.09,6.3,,,10.86,40.0,,,,,,24.25,,,,,,,3.23,33.0,4.75
P38fd19ed26,12.0,23.26,6.6,,,11.56,30.0,,,,,,28.5,,,,,,,3.41,25.5,7.5
P456fdc6328,15.0,24.5,5.6,,,11.3,33.0,,,,,,25.75,,,,,,,3.3,29.0,4.75
P146ec7320a,22.0,26.95,8.2,,,10.95,35.5,,,,,,24.5,,,,,,,3.28,32.0,2.75
P4c4f563b8c,18.0,25.57,8.5,,,11.12,34.0,,,,,,25.75,,,,,,,3.27,27.5,3.25
P2acc089d0e,17.0,27.02,10.1,,,11.1,37.0,,,,,,27.5,,,,,,,3.13,31.5,6.75
Pef77516e2b,8.0,26.12,4.4,,,11.17,35.0,,,,,,26.5,,,,,,,3.14,31.5,6.25
P3391f209f3,11.0,24.75,6.0,,,12.23,35.0,,,,,,26.75,,,,,,,3.3,31.0,4.25
Pab257f8a15,6.0,24.71,6.3,,,10.64,34.0,,,,,,25.25,,,,,,,3.21,28.5,3.75
P60425a0c89,18.0,28.97,12.0,,,11.21,35.0,,,,,,26.5,,,,,,,3.23,30.5,5.75
P20418f8d52,14.0,27.23,6.6,,,10.98,36.5,,,,,,23.25,,,,,,,3.12,29.0,1.5
Pe79f6d1bdb,8.0,20.86,5.4,,,10.78,31.5,,,,,,22.75,,,,,,,3.19,28.5,0.25
Pa0dded8876,14.0,26.42,8.0,,,10.96,37.0,,,,,,23.0,,,,,,,3.1,28.5,1.5
P1015da4297,8.0,24.29,6.9,,,10.87,33.0,,,,,,23.75,,,,,,,3.1,27.5,2.75
Pcb72b419f2,10.0,25.88,8.5,,,11.1,32.5,,,,,,27.25,,,,,,,3.45,28.5,1.75
P322900af3b,11.0,25.79,12.4,,,10.99,31.0,,,,,,24.5,,,,,,,3.22,26.0,3.25
P977d8b209e,15.0,27.2,6.6,,,10.94,34.5,,,,,,27.25,,,,,,,3.17,29.5,5.5
P57802757ed,16.0,25.58,5.8,,,11.54,37.5,,,,,,25.5,,,,,,,3.32,34.0,5.25
P0086aec335,13.0,23.59,4.5,,,11.05,36.5,,,,,,26.25,,,,,,,3.18,30.5,7.25
P26f8dd510c,,25.85,6.7,,,,,,,,,,27.75,,,,,,,,,5.0
P56bb4beeed,14.0,24.46,4.8,,,10.73,33.0,,,,,,24.25,,,,,,,3.28,31.0,2.25
P4417860ddd,9.0,25.28,5.1,,,11.15,37.0,,,,,,26.5,,,,,,,3.18,30.5,4.0
Pc643573699,,26.25,4.9,,,11.47,33.0,,,,,,28.25,,,,,,,3.45,27.5,5.5
P3d55371834,10.0,23.94,5.0,9.25,9.25,13.2,26.0,,,,,,29.5,,,,,,,3.68,22.5,5.5
P7e584efe40,10.0,25.29,8.5,9.0,9.25,11.48,28.0,,,,,,30.5,,,,,,,3.35,23.0,7.75
P297adbbd5f,13.0,24.18,8.2,9.5,9.5,11.29,33.5,,,,,,29.25,,,,,,,3.3,27.0,8.0
Pb46ac34cd7,14.0,24.78,7.9,8.5,7.25,11.86,35.5,,,,,,27.25,,,,,,,3.19,30.0,3.75
P6f36cd1fed,15.0,24.23,5.6,8.5,10.0,10.98,37.5,,,,,,25.0,,,,,,,3.4,29.5,3.75
P0d0da4d2bc,9.0,25.8,5.6,8.5,9.75,,,,,,,,25.75,,,,,,,,,7.25
P780225999f,22.0,27.07,7.3,9.0,9.5,11.15,36.0,,,,,,27.75,,,,,,,3.1,31.0,3.5
P54e531f2ec,6.0,24.84,7.9,9.5,11.25,11.65,35.0,,,,,,28.5,,,,,,,3.39,26.0,3.5
P871b04878c,2.0,23.16,4.0,8.25,9.5,11.47,37.5,,,,,,24.5,,,,,,,3.14,31.5,5.25
P6ff85cb7e1,22.0,30.56,12.8,9.0,10.25,12.78,30.5,,,,,,27.25,,,,,,,3.61,25.0,4.0
P4570803785,,30.94,9.2,8.5,9.5,12.31,33.0,,,,,,23.75,,,,,,,3.24,27.5,4.25
Pb3be83363c,,30.88,16.4,9.25,10.0,11.4,27.5,,,,,,31.5,,,,,,,3.55,23.5,8.25
P2c1e066057,7.0,24.8,4.9,8.0,9.0,11.03,34.5,,,,,,26.0,,,,,,,3.37,31.5,4.0
P8fac339738,,24.28,10.0,9.25,10.0,11.7,36.0,,,,,,27.0,,,,,,,3.21,31.0,3.0
P966e81614a,6.0,23.41,7.9,8.25,9.0,11.69,32.0,,,,,,28.5,,,,,,,3.44,23.5,5.25
Pcc98298533,14.0,26.44,6.5,8.75,9.25,11.74,35.5,,,,,,29.25,,,,,,,3.25,31.5,7.25
Pc781d37e72,2.0,25.28,7.0,8.75,9.0,11.65,30.5,,,,,,27.25,,,,,,,3.23,24.5,5.5
P7f86ce09cc,4.0,23.7,5.0,8.5,9.0,,,,,,,,27.25,,,,,,,,,3.5
Pc62b6f4e46,23.0,27.75,11.1,8.75,9.75,11.83,28.5,,,,,,28.0,,,,,,,3.41,24.0,3.5
P9c4bb7f4c2,11.0,22.53,3.8,8.5,9.0,,,,,,,,26.0,,,,,,,,,3.25
P1402e898dc,10.0,23.92,6.9,8.5,9.25,11.73,34.5,,,,,,24.25,,,,,,,3.22,30.5,1.0
P7072c546bd,15.0,27.12,7.5,9.25,9.5,10.87,36.0,,,,,,25.5,,,,,,,3.31,31.0,8.25
P10d0b75bed,8.0,24.76,4.7,8.75,10.0,11.1,36.5,,,,,,27.75,,,,,,,3.18,28.5,6.0
P96ac6f0cd3,,23.98,6.2,8.25,9.0,11.68,34.0,,,,,,27.25,,,,,,,3.25,29.0,4.0
P38bff88a77,13.0,26.02,9.6,9.25,8.5,10.89,33.0,,,,,,28.75,,,,,,,3.2,29.0,6.5
Peb88f22502,16.0,23.7,4.6,9.0,9.5,11.43,37.0,,,,,,27.75,,,,,,,3.14,32.0,6.75
P815e63680a,18.0,25.06,5.6,8.25,9.25,11.25,38.5,,,,,,25.5,,,,,,,3.19,31.5,6.0
Pa56ca2c36c,19.0,26.82,5.9,9.0,10.25,10.88,32.5,,,,,,25.75,,,,,,,3.31,26.0,6.0
P433bbb1ab7,,24.62,6.9,9.0,10.25,,,,,,,,29.5,,,,,,,,,5.75
P0b3e754c0e,8.0,25.06,11.6,8.75,10.75,11.59,32.0,,,,,,23.75,,,,,,,3.36,28.0,4.25
Pe82bc0553e,20.0,25.96,6.3,8.5,10.0,11.61,31.5,,,,,,28.0,,,,,,,3.24,27.0,4.5
Pc58bcc8049,15.0,25.94,11.2,8.75,9.5,12.1,29.0,,,,,,26.75,,,,,,,3.35,25.0,4.5
P4d2f3d5dbd,13.0,29.02,13.8,8.5,9.75,12.32,30.5,,,,,,29.75,,,,,,,3.39,24.0,7.5
P3f25ee2633,17.0,26.32,5.3,9.25,10.25,11.14,33.5,,,,,,27.0,,,,,,,3.25,28.5,5.25
P581e368d46,,32.03,20.8,10.25,10.5,,,,,,,,29.5,,,,,,,,,8.5
P7a82e40751,8.0,23.17,6.2,8.0,9.75,11.27,30.5,,,,,,23.75,,,,,,,3.49,23.5,2.75
P502aba077e,7.0,23.68,4.6,9.75,11.0,12.49,28.0,,,,,,30.75,,,,,,,3.27,25.5,8.5
P0aa146e53e,10.0,27.27,9.3,9.0,10.25,11.39,33.0,,,,,,26.5,,,,,,,3.38,27.0,6.0
Ped95bfcd7e,9.0,24.86,8.6,8.75,9.5,11.06,34.5,,,,,,25.75,,,,,,,3.27,27.5,2.25
P97ae54051b,10.0,25.59,8.0,9.5,8.75,11.15,33.5,,,,,,25.75,,,,,,,3.29,31.0,7.75
Pe03992058c,3.0,22.95,9.5,9.25,9.5,11.61,32.5,,,,,,29.25,,,,,,,3.37,29.5,7.25
P4793f789c0,,24.99,8.6,7.75,9.25,,,,,,,,24.0,,,,,,,,,2.0
Pd01ecb3669,,24.61,5.6,8.25,9.5,10.84,39.0,,,,,,26.75,,,,,,,3.14,30.0,6.5
Pec2bc35d4f,10.0,26.4,7.6,8.5,9.5,11.21,31.5,,,,,,25.0,,,,,,,3.5,23.0,3.5
P24b8a1c556,10.0,24.82,3.7,9.0,10.5,11.38,40.0,,,,,,25.25,,,,,,,3.15,31.0,5.25
P830611c613,12.0,23.4,5.5,8.25,10.25,11.83,31.5,,,,,,30.5,,,,,,,3.54,27.0,8.5
Pe6bde91a1f,12.0,22.69,6.1,9.5,11.0,11.88,36.0,,,,,,27.5,,,,,,,3.35,31.5,5.75
Pc5e44c9142,5.0,23.53,5.2,9.0,10.5,10.74,38.5,,,,,,24.75,,,,,,,3.09,34.0,8.75
P9e7b32dc92,5.0,22.84,5.1,9.0,8.25,10.96,36.0,,,,,,26.5,,,,,,,3.17,29.0,5.0
P85135a294f,14.0,25.67,5.4,9.0,9.0,11.12,39.0,,,,,,23.5,,,,,,,3.15,32.0,1.5
Pd9bc466fd2,11.0,23.49,4.7,8.5,9.5,10.07,38.5,,,,,,23.25,,,,,,,3.22,29.5,2.0
P0c700e1af1,16.0,25.95,6.3,8.5,10.25,11.35,35.0,,,,,,30.0,,,,,,,3.26,30.5,6.0
Pd11fd10026,4.0,25.89,9.9,8.25,9.25,10.33,37.0,,,,,,23.25,,,,,,,3.1,32.5,3.0
Pe1228b6b2c,7.0,25.89,9.8,9.0,9.25,11.47,32.0,,,,,,25.25,,,,,,,3.3,25.0,2.75
P74ab2a2c37,19.0,25.04,4.0,9.0,9.25,11.92,33.0,,,,,,26.0,,,,,,,3.3,28.5,3.75
Pce627023f0,12.0,25.42,8.4,8.75,9.0,10.96,37.5,,,,,,25.0,,,,,,,3.17,31.5,4.5
P2e873db9ac,,21.18,5.3,8.5,9.5,11.68,37.0,,,,,,26.25,,,,,,,3.07,30.0,2.25
P575f19a655,,24.69,10.2,8.25,9.25,,,,,,,,25.25,,,,,,,,,2.25
P355f728583,16.0,28.16,4.3,8.5,9.0,11.68,34.0,,,,,,23.0,,,,,,,3.18,29.5,6.0
P53502448c1,15.0,23.55,7.5,9.0,10.0,11.21,38.0,,,,,,26.5,,,,,,,3.14,33.5,5.0
P4d8e3ba87c,5.0,23.9,9.7,8.5,10.5,10.75,35.0,,,,,,25.0,,,,,,,3.27,27.5,3.5
P5969d3ea2a,14.0,27.27,5.9,9.5,10.75,11.3,32.5,,,,,,27.75,,,,,,,3.26,26.0,3.75
P4a7a8900d7,10.0,23.01,4.2,8.25,9.5,10.74,37.5,,,,,,25.0,,,,,,,3.07,29.0,5.25
P52af59d765,17.0,24.12,5.9,8.5,9.5,11.2,35.5,,,,,,25.5,,,,,,,3.09,30.0,5.75
P22add316a5,3.0,26.28,5.4,9.75,11.25,11.45,32.0,,,,,,28.0,,,,,,,3.15,25.5,9.0
P36b818b767,10.0,25.62,8.1,8.75,9.25,11.0,40.5,,,,,,28.0,,,,,,,3.13,33.0,7.5
P96af95e7fd,14.0,23.34,5.4,8.75,9.75,10.82,36.5,,,,,,23.5,,,,,,,3.36,29.5,2.0
P7f14bdd3aa,6.0,23.97,5.0,8.75,10.0,,31.0,,,,,,26.5,,,,,,,3.33,27.0,6.0
P43d78a0411,17.0,27.57,7.1,8.25,9.25,11.23,39.0,,,,,,23.5,,,,,,,3.18,32.0,6.5
Paef9538004,,24.24,7.6,9.0,10.0,11.12,34.5,,,,,,25.0,,,,,,,3.31,32.0,7.0
P2d49f5a403,11.0,26.62,10.2,8.5,8.25,,31.5,,,,,,26.75,,,,,,,3.4,27.0,3.0
P268ca85d2e,11.0,25.86,8.0,8.25,8.5,,33.0,,,,,,26.5,,,,,,,3.15,29.0,3.0
Pde91f9542b,12.0,23.59,5.3,8.75,10.0,11.0,32.0,,,,,,26.75,,,,,,,3.2,24.5,4.25
P749792a28d,4.0,23.85,7.0,8.25,10.0,11.05,31.5,,,,,,23.75,,,,,,,3.29,25.5,0.75
P42d7cc83b1,0.0,23.94,5.5,8.75,9.5,11.74,33.5,,,,,,28.5,,,,,,,3.02,27.0,4.25
Pc4acbf93e3,5.0,25.15,7.9,8.5,9.0,11.13,42.0,,,,,,24.25,,,,,,,3.2,29.5,3.5
P47e2698d94,18.0,26.82,6.5,9.0,9.0,11.1,42.0,,,,,,23.25,,,,,,,3.18,36.5,5.25
P69e13b90fc,10.0,25.36,10.0,8.25,8.75,11.22,30.0,,,,,,26.5,,,,,,,3.21,23.0,2.6
P701bdb09e4,15.0,25.44,7.4,9.25,10.0,11.33,37.5,,,,,,23.75,,,,,,,3.09,30.5,5.25
Pa98bcc077b,9.0,24.41,5.6,8.5,9.25,11.05,34.0,,,,,,25.5,,,,,,,3.17,28.5,4.0
P7c4530d600,3.0,24.8,5.9,9.5,10.5,11.31,36.5,,,,,,28.0,,,,,,,3.29,32.0,5.0
P3ce7981258,13.0,27.66,6.7,8.25,9.0,10.49,40.0,,,,,,22.75,,,,,,,3.14,31.5,5.0
P2c06075e55,15.0,25.93,15.5,9.25,9.75,11.72,30.5,,,,,,27.0,,,,,,,3.41,27.5,4.5
Pc8dae45369,9.0,25.29,6.2,8.75,9.25,10.92,35.0,,,,,,29.0,,,,,,,3.26,30.0,5.75
Pb0e43997bd,5.0,23.91,8.0,8.75,9.25,10.99,31.5,,,,,,25.75,,,,,,,3.24,26.5,3.25
P3e5e9d6579,10.0,28.12,13.4,9.25,9.0,11.26,33.5,,,,,,29.5,,,,,,,3.29,28.0,8.0
Pbbfb6a2c4a,8.0,27.0,6.1,9.25,10.25,12.02,25.0,,,,,,30.25,,,,,,,3.27,23.5,6.25
P2e890c30d2,7.0,25.3,5.9,8.0,9.0,10.87,39.5,,,,,,20.0,,,,,,,3.16,32.0,4.0
Pb035a35ee9,19.0,27.8,10.8,9.0,9.75,11.03,34.5,,,,,,28.75,,,,,,,3.23,29.0,6.25
P629d2ef8de,10.0,27.32,12.1,9.25,10.0,12.74,30.5,,,,,,26.75,,,,,,,3.45,25.0,4.5
Pff7518dc75,13.0,25.53,7.1,9.5,11.0,10.48,37.0,,,,,,28.0,,,,,,,3.28,32.0,8.25
Pb5ebcb5d6c,15.0,25.66,9.6,9.0,8.5,10.93,39.5,,,,,,22.5,,,,,,,3.16,38.0,4.25
P798e5b71ce,0.0,20.68,4.1,9.0,9.5,12.5,34.0,,,,,,25.5,,,,,,,3.6,30.0,4.75
Pa260a40e68,8.0,25.05,6.0,8.5,9.0,10.95,39.0,,,,,,24.75,,,,,,,3.28,33.0,4.75
P91c52ea937,3.0,26.7,12.5,7.75,8.25,11.68,29.5,,,,,,23.0,,,,,,,3.47,26.0,4.25
P0267b55e6b,20.0,28.79,9.0,9.5,10.5,11.45,34.5,,,,,,22.75,,,,,,,3.37,31.0,4.5
P31e884be2b,4.0,23.14,3.6,8.25,9.0,,,,,,,,22.5,,,,,,,,,3.0
P163aa00374,,23.62,7.9,9.0,8.5,,,,,,,,26.75,,,,,,,,,8.25
P4e4e438f6e,10.0,29.31,7.5,9.5,9.5,10.83,33.5,,,,,,27.75,,,,,,,3.39,31.5,8.5
P4b46fb5c89,,23.06,4.3,8.5,8.75,10.59,36.5,,,,,,21.5,,,,,,,3.33,29.0,2.0
Pc6c9992e46,18.0,27.79,5.5,9.0,10.75,12.35,33.5,,,,,,26.25,,,,,,,3.29,34.0,8.0
Pa548aa166c,9.0,27.4,11.3,9.0,9.5,11.01,33.0,,,,,,27.25,,,,,,,3.4,28.0,7.5
P089ae8ca96,5.0,23.13,5.3,9.25,10.25,10.87,37.0,,,,,,23.25,,,,,,,3.25,32.5,4.75
P400aecdd2c,5.0,23.14,8.6,9.25,10.0,,30.0,,,,,,31.0,,,,,,,,25.5,8.0
P2cdeb4bf00,13.0,24.4,9.4,8.5,9.5,11.56,30.0,,,,,,22.75,,,,,,,3.41,27.5,1.25
P86f7665380,6.0,24.78,5.0,9.0,9.25,11.84,32.5,,,,,,27.75,,,,,,,3.4,30.0,6.25
P6d4d3ba13b,10.0,26.32,7.1,9.0,9.0,11.36,36.5,,,,,,22.75,,,,,,,3.37,30.5,5.25
Pf2c709b50b,13.0,27.42,7.0,9.0,9.5,10.98,39.5,,,,,,23.25,,,,,,,3.25,32.0,7.5
P2db62bcb6f,17.0,27.59,7.0,8.75,8.75,10.76,41.5,,,,,,22.5,,,,,,,3.21,33.5,5.5
Pcfae2f19b7,12.0,27.51,7.7,9.0,10.0,11.57,34.5,,,,,,26.75,,,,,,,3.4,29.5,6.0
Pd2430f6dfc,11.0,24.3,4.6,9.25,9.5,11.31,38.5,,,,,,24.75,,,,,,,3.19,33.0,3.5
P093d3a11ad,17.0,28.84,11.2,9.0,7.75,11.94,32.5,,,,,,26.75,,,,,,,3.6,27.5,7.25
Pbf890a872a,6.0,24.84,8.6,9.0,9.0,,35.0,,,,,,26.0,,,,,,,3.46,28.5,5.0
P272afc1b90,6.0,27.07,7.0,9.0,10.25,11.77,35.5,,,,,,26.75,,,,,,,3.18,32.0,6.25
P4d2e34ba12,5.0,21.81,4.5,8.75,9.25,10.98,38.0,,,,,,26.0,,,,,,,3.25,31.5,7.0
P47e358160b,2.0,24.76,6.7,8.5,8.75,11.12,33.5,,,,,,23.25,,,,,,,3.41,29.0,3.5
P3f927eeca6,19.0,25.04,5.7,9.25,11.0,11.34,32.5,,,,,,24.25,,,,,,,3.41,30.0,3.25
Pf9e0178b31,13.0,24.4,5.9,8.75,9.75,11.15,39.5,,,,,,21.75,,,,,,,3.34,34.5,6.0
Pded0fedf79,17.0,27.15,5.8,8.5,9.5,11.26,32.5,,,,,,21.5,,,,,,,3.3,27.0,3.0
Pca1e2194fa,,24.63,7.8,8.5,9.0,12.03,37.0,,,,,,20.75,,,,,,,3.23,31.0,2.25
Pa3f9e715ae,9.0,26.18,9.2,9.0,10.0,12.14,31.0,,,,,,27.25,,,,,,,3.44,29.5,3.75
P319cf0c2e0,4.0,24.51,7.8,9.0,9.0,11.45,31.0,,,,,,24.25,,,,,,,3.47,28.0,4.0
P41b1bb4705,8.0,23.58,7.8,9.25,10.25,11.05,36.0,,,,,,24.25,,,,,,,3.48,30.5,4.5
Pc8a80657b3,14.0,26.97,7.5,8.5,8.75,11.34,37.0,,,,,,23.0,,,,,,,3.31,33.0,3.0
P58c3f134a2,13.0,26.29,5.55,9.0,10.0,11.82,38.0,3.25,,,,,27.0,25,0.6,25,0.6,,,3.52,33.5,7.0
P8d6fb61ea0,10.0,24.64,7.7,9.25,9.25,11.32,37.5,,,,,,25.0,,,,,,,3.22,33.5,4.75
P337fb06bb7,11.0,23.0,5.8,8.5,8.5,10.97,36.5,,,,,,22.0,,,,,,,3.42,31.0,1.75
Pc2a67f2add,10.0,25.39,7.6,10.0,10.75,11.89,30.5,,,,,,26.5,,,,,,,3.67,28.5,7.5
Paa36360f59,,26.12,8.0,9.5,10.0,11.65,31.5,,,,,,26.0,,,,,,,3.53,31.5,8.25
P4bc4764e2a,15.0,26.07,11.4,9.25,9.0,10.64,40.5,,,,,,23.0,,,,,,,3.36,34.0,2.25
P2320c27578,1.0,25.01,6.2,8.5,10.0,11.54,37.5,,,,,,21.0,,,,,,,3.32,32.5,3.75
Pf849910cdc,15.0,26.99,5.0,9.75,10.5,11.96,35.5,,,,,,26.25,,,,,,,3.17,28.5,7.5
Pc3d030ae81,2.0,22.72,3.2,8.75,10.25,11.78,37.5,,,,,,22.5,,,,,,,3.28,31.0,1.25
Pc0b16a51f2,,22.88,5.2,8.5,9.5,,,,,,,,21.5,,,,,,,,,0.75
P1ba89514b1,14.0,26.95,10.6,8.5,9.0,11.59,32.5,,,,,,24.75,,,,,,,3.44,27.0,3.5
P9fd176d178,7.0,25.22,7.7,9.25,10.0,12.33,29.5,,,,,,26.0,,,,,,,3.44,26.5,6.0
P83b3d780d7,9.0,29.65,10.7,9.25,9.75,12.77,31.0,,,,,,25.75,,,,,,,3.81,29.5,5.5
Pb172e7dcfc,15.0,24.59,4.2,8.25,9.75,10.87,40.0,,,,,,23.5,,,,,,,3.29,33.5,0.25
Pd9273beb4e,0.0,22.27,4.2,8.75,8.75,11.48,36.5,,,,,,22.75,,,,,,,3.2,32.0,3.5
P838aeb9cb6,8.0,23.72,6.3,8.25,7.75,10.65,40.5,,,,,,23.5,,,,,,,3.19,32.5,6.25
P310fe8e32c,6.0,23.35,6.0,8.25,9.75,11.72,36.5,,,,,,23.75,,,,,,,3.38,28.5,2.75
P43f8251240,,27.99,8.5,8.5,9.5,,,,,,,,23.5,,,,,,,,,4.75
P47044d9385,,29.35,10.6,9.5,11.5,,,,,,,,25.5,,,,,,,,,5.0
P52c65c114a,0.0,24.25,5.2,8.0,9.0,10.75,35.5,,,,,,24.25,,,,,,,3.24,30.0,4.25
Pbc5d4fc393,16.0,25.09,6.4,9.0,9.75,11.13,34.0,,,,,,21.25,,,,,,,3.4,30.0,0.75
P84dee8d837,16.0,26.13,6.65,9.5,11.0,11.85,33.0,3.02,,,,,26.75,25,0.72,,,25,0.44,3.4,28.5,5.75
Pf22b67943e,4.0,24.34,4.6,8.5,9.5,10.4,37.5,2.7,,,,,25.0,,,25,0.64,25,0.64,3.14,28.0,2.5
P45b94f1aab,8.0,23.03,3.95,8.25,8.5,11.78,34.0,3.24,,,,,24.0,,,25,0.6,25,0.52,3.4,28.0,3.0
Pccb83c9fcb,11.0,23.24,6.95,8.5,9.0,11.33,36.5,3.3,,,,,24.25,,,25,0.76,25,0.68,3.31,31.0,3.0
P6258e82584,3.0,25.54,6.9,8.25,8.75,11.2,36.5,3.01,,,,,25.75,,,,,,,3.16,29.5,5.75
P6a23d47737,7.0,24.46,6.45,8.5,9.0,10.6,34.5,3.2,,,,,24.0,,,25,0.52,25,0.52,3.12,29.0,3.5
P5d0988f1e1,16.0,26.27,5.9,8.25,9.5,10.98,40.5,2.89,,,,,23.5,,,25,0.6,25,0.64,3.22,33.0,5.5
P398088f587,8.0,22.01,4.4,7.5,8.5,10.68,41.0,3.7,,,,,24.25,,,,,,,3.22,31.5,2.5
P73a117bd09,9.0,23.95,4.7,9.0,8.5,11.69,36.0,3.1,,,,,27.75,25,0.72,,,25,0.6,3.34,29.5,7.5
Pcad0645e5a,10.0,23.25,4.65,8.25,8.5,10.67,36.0,3.1,,,,,26.25,,,25,0.72,25,0.68,3.32,30.5,6.0
P8d3cc27d9f,,23.64,9.6,8.0,8.25,,,,,,,,24.5,,,,,,,,,3.0
P2100fc35c8,7.0,26.23,8.6,9.0,11.0,11.22,31.5,3.14,,,,,28.0,25,0.68,25,0.52,,,3.5,26.0,5.0
Pecca0a47dd,8.0,24.97,8.35,9.0,11.0,12.75,32.5,3.26,,,,,27.0,25,0.52,25,0.52,,,3.4,28.0,6.0
P17a4a5cfae,,24.15,5.35,9.0,10.0,,,,,,,,29.75,,,,,,,,,5.75
P5f6276e4dd,7.0,23.35,4.5,8.5,8.75,11.55,36.5,3.06,,,,,26.75,,,25,0.56,25,0.64,3.4,29.5,5.75
P467b7b3f59,15.0,24.18,3.3,8.5,9.5,11.16,38.5,3.09,,,,,26.75,,,,,25,0.6,3.25,32.0,4.5
Pfb1f867cde,,23.22,8.25,8.5,8.25,,,,,,,,27.5,,,,,,,,,7.25
Pb18185e9fe,7.0,23.39,4.4,9.75,10.0,12.85,29.0,3.19,,,,,30.5,25,0.64,,,,,3.57,25.0,8.0
Pa33d5803eb,1.0,23.16,4.55,8.5,9.0,10.75,36.0,3.41,,,,,26.25,,,25,0.64,25,0.4,3.27,30.0,5.75
P70fe638043,5.0,23.19,4.35,8.5,9.0,,,,,,,,24.5,,,25,0.56,25,0.52,,,4.25
Pf825457ab4,16.0,23.95,6.05,8.0,9.25,10.68,37.5,2.93,,,,,24.5,,,25,0.6,25,0.76,3.25,31.5,2.5
P24a562f4ba,14.0,26.45,7.6,9.0,10.5,10.77,37.5,2.91,,,,,25.5,,,25,0.6,25,0.68,3.19,29.5,3.5
Pd2b56a96a1,,25.62,4.5,7.5,8.25,,,,,,,,20.5,,,25,0.52,25,0.52,,,0.5
Pf1323eea4d,2.0,25.01,10.05,8.5,9.25,11.85,34.0,3.23,,,,,28.25,25,0.8,,,25,0.64,3.51,28.5,5.25
Pf1615243ab,2.0,23.64,6.0,8.25,9.0,10.64,33.5,2.86,,,,,24.75,,,25,0.44,25,0.2,3.44,27.5,5.0
P15f2c20d7d,,23.98,14.75,9.0,10.0,,,,,,,,28.25,,,,,,,,,1.75
P36f801ddc1,12.0,24.33,3.8,7.5,8.75,10.64,44.0,3.03,,,,,19.25,,,25,0.44,25,0.64,3.08,34.5,0.5
Pea46ee56c1,4.0,23.53,10.25,8.5,9.25,10.72,33.5,3.16,,,,,25.75,,,25,0.68,25,0.48,3.32,27.0,2.5
Pde25a111c0,,,6.4,9.0,10.75,,,,,,,,,,,,,,,,,
Pf209014384,5.0,25.78,7.3,8.0,8.75,10.82,40.0,3.08,,,,,24.25,,,25,0.48,25,0.52,3.25,30.5,3.0
P3cb5a9e68b,13.0,25.12,8.6,8.0,9.5,11.02,38.5,2.91,,,,,22.25,,,,,,,3.32,32.0,4.0
P3ede0fa0b1,6.0,23.33,5.0,8.75,9.5,11.87,42.0,3.11,,,,,25.0,,,,,,,3.27,32.5,4.25
P93a13b19c2,10.0,26.47,9.0,9.0,10.0,10.99,37.0,2.93,,,,,27.75,,,25,0.4,25,0.32,3.32,29.5,6.25
Pb10604e423,13.0,25.85,7.95,8.75,9.75,12.19,29.5,2.96,,,,,27.25,25,0.6,,,25,0.72,3.57,24.5,1.75
P36eaf9779b,5.0,23.92,6.8,8.5,9.0,11.76,33.5,2.99,,,,,25.75,25,0.84,25,0.68,,,3.44,28.0,2.75
P854bff0ae3,,21.58,4.15,9.5,10.0,,,,,,,,28.0,,,,,,,,,5.75
Pca1c024cab,15.0,26.47,6.55,8.75,9.25,10.69,42.0,3.14,,,,,25.25,,,,,,,3.25,33.0,6.0
P1100d011d0,5.0,24.02,6.65,8.5,10.0,11.42,29.5,2.99,,,,,25.25,25,0.64,,,25,0.52,3.59,24.5,-1.0
P31b4a243f7,14.0,24.16,6.15,9.75,9.5,10.89,36.0,2.76,,,,,24.75,,,,,,,3.29,30.5,-0.25
Pf7f191defd,9.0,21.98,6.65,8.75,9.25,11.25,36.0,3.06,,,,,26.0,,,,,,,3.4,27.0,6.0
P591a253b3e,7.0,25.76,4.7,7.75,9.75,10.86,38.5,3.02,,,,,22.5,,,25,0.52,25,0.6,3.13,33.0,4.75
P488064c36d,10.0,25.32,8.45,8.5,9.0,10.99,40.5,3.08,,,,,25.0,,,25,0.56,25,0.4,3.25,33.0,4.75
P70aaa5fb09,10.0,23.63,7.05,8.75,9.5,11.36,36.5,3.02,,,,,26.25,,,25,0.56,25,0.28,3.34,30.0,4.75
P9dbf445dc5,1.0,21.74,4.1,8.75,10.5,11.09,34.0,2.86,,,,,25.0,,,,,,,3.21,30.0,6.75
P5e50445e82,15.0,24.83,6.05,8.0,9.75,10.59,41.5,2.93,,,,,21.5,,,25,0.72,25,0.64,3.16,33.5,3.5
Pdbcc4b2801,7.0,22.9,4.85,9.0,9.5,11.36,36.5,2.84,,,,,27.5,,,25,0.8,25,0.68,3.25,30.0,5.5
P83fd4822e5,5.0,24.85,8.05,8.0,9.5,10.9,32.0,3.03,,,,,27.0,,,25,0.68,25,0.56,3.38,29.0,6.0
P607c704c53,5.0,26.06,9.1,8.0,8.75,12.94,32.0,3.38,,,,,27.0,,,25,0.68,25,0.6,3.53,28.5,5.0
P1497c83aba,13.0,27.66,7.5,9.25,9.5,11.64,40.5,3.11,,,,,22.25,,,25,0.56,25,0.6,3.32,34.5,8.25
Pef94ae3f83,10.0,22.77,8.65,9.0,9.75,12.49,29.0,3.29,,,,,27.75,25,0.64,,,,,3.47,26.5,3.25
P622332ff90,8.0,24.22,5.5,8.25,8.75,,,,,,,,22.5,,,25,0.68,25,0.64,,,0.25
P84101ffd6c,17.0,23.61,4.75,8.5,10.5,10.82,37.5,2.69,,,,,23.25,,,,,,,3.15,35.5,0.0
Pd907989bcb,,25.75,10.8,8.5,7.5,12.13,29.5,3.05,18,0.722,35,0.6,26.5,,,25,0.76,25,0.68,3.5,24.5,6.5
P4f181909b7,,25.59,13.35,8.25,8.75,,,,,,,,28.0,,,,,,,,,7.25
P25150e1302,,24.17,6.05,9.0,9.75,11.39,39.5,3.05,18,0.667,30,0.4,27.25,,,25,0.56,25,0.6,3.18,31.5,6.75
P8c383a7533,,27.21,8.7,8.75,9.0,11.39,33.5,3.09,18,0.722,37,0.568,26.25,25,0.8,,,25,0.6,3.37,31.0,4.0
Pb59be03b24,,23.36,4.2,8.25,9.75,12.62,43.5,2.9,18,0.722,32,0.562,25.5,,,25,0.52,25,0.48,3.18,36.5,6.25
P331cffbdbb,,25.23,6.05,9.0,9.25,11.6,32.0,3.26,18,0.667,36,0.583,25.0,,,25,0.64,25,0.64,3.5,28.0,5.25
Pb8a773b356,,24.2,5.25,8.5,8.25,11.55,36.5,3.21,18,0.611,39,0.692,25.5,,,25,0.84,25,0.36,3.32,30.5,5.0
P6cee28a4f3,,23.13,4.3,8.25,9.0,10.76,38.5,2.98,18,0.722,33,0.667,22.75,,,25,0.88,25,0.52,3.28,33.0,4.75
Pd35ff11e6d,,21.94,3.85,9.25,10.5,11.46,32.0,3.04,18,0.667,34,0.676,27.25,,,25,0.48,25,0.6,3.44,26.5,6.75
Pab87e9a8b8,,24.61,5.35,8.25,9.0,,,,,,,,26.5,,,,,,,,,3.75
Pd5729dac8f,,24.2,4.45,8.5,9.0,11.15,40.0,2.96,18,0.556,35,0.486,23.5,,,25,0.48,25,0.4,3.18,34.0,4.75
Pea7725adea,,23.94,6.2,8.25,8.75,11.12,36.0,2.84,,,,,25.0,,,,,,,3.3,29.0,6.25
Pc9a1f10582,,23.58,6.4,8.5,9.5,10.75,34.5,2.88,,,,,26.5,,,,,,,3.19,31.5,5.0
P11fb43c4ea,,24.48,5.05,8.75,10.5,10.81,39.0,2.76,,,,,25.5,,,,,,,3.27,32.5,4.25
Pd8244d9a42,,24.41,3.75,9.25,9.25,,,,18,0.5,33,0.545,28.5,,,25,0.32,25,0.48,,,8.25
Pfe357344e4,,27.67,8.2,8.75,9.75,11.12,37.0,,18,0.667,31,0.613,24.75,,,25,0.64,25,0.4,3.32,32.0,4.75
P465ab55c02,,25.94,4.55,8.5,9.5,,,,,,,,21.5,,,,,,,,,4.25
P944e30c99c,,25.66,6.2,8.5,9.75,11.11,33.5,2.92,18,0.778,37,0.811,23.25,,,25,0.72,25,0.64,3.31,28.5,1.25
P2f95e0c256,,23.3,7.45,8.5,8.5,11.21,36.0,3.14,18,0.778,33,0.788,23.75,,,25,0.6,25,0.6,3.38,29.0,1.25
Pa47459a77d,,24.14,5.25,8.75,9.75,12.63,37.5,3.39,18,0.444,34,0.735,25.25,25,0.6,,,25,0.56,3.36,33.0,4.75
Pb51c66667f,,25.77,6.05,8.75,9.75,10.8,41.5,2.95,18,0.778,36,0.528,23.0,,,25,0.76,25,0.48,3.27,33.5,5.75
P59ddf4705a,,27.7,9.2,9.0,9.0,,,,,,,,24.5,,,,,,,,,4.5
Pee1a8f2e9d,,26.84,13.6,9.25,10.5,11.2,31.5,3.19,18,0.556,40,0.675,28.25,25,0.56,,,25,0.4,3.48,28.5,6.25
P96c6ba4e0f,,21.73,4.7,8.25,8.75,10.42,41.5,2.8,18,0.778,32,0.656,23.5,,,25,0.52,25,0.56,3.19,33.5,3.75
Pc0fff42784,,22.81,6.9,8.25,8.5,11.32,35.0,3.08,18,0.5,39,0.487,25.0,,,25,0.64,25,0.64,3.28,29.0,4.0
P24fc987f38,,23.5,4.45,8.75,9.75,12.71,37.0,3.2,18,0.611,39,0.59,25.5,,,25,0.68,25,0.32,3.1,33.0,6.75
Pc7e0f691c6,,25.03,7.1,8.75,9.75,11.1,36.5,3.15,,,,,24.75,,,,,,,3.29,28.5,3.0
P9da0cf7014,,21.98,5.2,8.75,8.5,11.07,34.5,3.15,18,0.611,34,0.824,28.25,,,25,0.76,25,0.6,3.39,27.5,8.75
P5c19a79a93,,24.43,7.35,8.25,8.5,11.6,37.5,3.13,,,,,22.0,,,,,,,3.2,30.5,4.25
Pd6e0b051bb,,28.74,10.75,9.25,9.5,11.57,35.5,3.32,18,0.5,36,0.639,25.75,25,0.56,,,25,0.48,3.45,31.0,7.0
P9e30954b9f,,27.51,10.75,9.0,9.25,11.63,32.5,3.13,18,0.667,35,0.657,25.0,,,25,0.6,25,0.6,3.45,27.5,7.0
Pa9426d162d,,25.55,7.55,9.25,9.5,,,,,,,,28.0,,,,,,,,,7.0
P7f1d080745,,23.48,5.65,8.75,9.0,11.06,35.5,2.92,,,,,24.0,,,,,,,3.23,31.5,5.5
P6e49424689,,24.81,6.2,9.0,9.25,11.28,35.0,2.88,18,0.667,37,0.649,23.5,25,0.8,,,25,0.52,3.2,28.5,3.0
P1dca1ecf2b,,27.6,9.4,8.75,8.25,11.45,35.5,3.14,,,,,25.75,,,,,,,3.27,29.0,4.25
Pdd79d6ef7f,,24.74,5.05,9.0,9.5,11.22,41.5,3.04,18,0.889,39,0.641,23.0,,,25,0.72,25,0.52,3.15,36.5,4.5
P98ee7e9798,,27.23,16.3,8.75,9.75,11.97,31.0,3.52,18,0.778,34,0.765,27.5,,,25,0.52,25,0.64,3.44,25.0,7.25
P1044a073cf,,29.17,10.55,9.0,8.75,10.82,36.0,2.96,,,,,25.0,,,,,,,3.26,33.0,7.25
P83de6de3ec,,22.0,3.5,8.25,8.5,11.57,34.0,3.01,18,0.667,36,0.694,23.5,,,25,0.6,25,0.52,3.27,29.5,4.0
P12d1ca8d35,,24.37,12.05,8.5,8.5,10.79,35.5,2.92,,,,,24.75,,,,,,,3.27,29.0,2.5
P31e153a014,,29.6,8.2,9.75,10.5,11.92,36.0,3.2,18,0.667,36,0.583,24.5,25,0.8,,,25,0.36,3.26,31.0,6.25
P0a4bbd8b0a,,27.14,7.3,9.75,11.75,11.45,37.0,3.29,,,,,28.0,,,,,,,3.28,31.0,8.25
P49827cf895,,24.8,7.95,8.75,9.0,11.1,35.5,3.04,,,,,25.0,,,,,,,3.26,27.0,3.25
Pe966e23e9c,,24.79,6.5,8.75,9.0,11.3,37.5,2.92,18,0.5,34,0.676,25.0,,,25,0.84,25,0.68,3.22,31.0,6.25
Pf7c7a85a9a,,25.13,5.1,9.0,9.5,,35.5,,,,,,26.75,,,,,,,,28.0,6.75
Pa24dadc449,,26.77,5.8,9.5,10.25,,,,,,,,30.25,,,,,,,,,8.25
Pb067831a66,12.0,27.17,5.0,8.5,9.5,11.13,43.0,2.88,24,0.792,48,0.667,23.75,,,25,0.64,25,0.36,3.22,38.0,6.5
Pa48064fa8c,9.0,25.52,8.8,9.0,9.5,11.21,35.5,3.35,24,0.625,48,0.625,25.75,,,25,0.68,25,0.44,3.58,31.5,8.5
P7d77f683c0,8.0,24.72,8.3,8.75,9.0,10.27,34.5,2.75,,,,,26.0,,,,,,,3.28,27.5,3.75
Pf634b73f97,4.0,24.54,6.1,8.5,9.0,10.94,34.5,3.29,24,0.708,44,0.682,26.75,,,25,0.84,25,0.84,3.18,27.5,5.25
P9b0b27ae5d,,24.59,6.3,9.5,9.0,,,,,,,,27.75,,,,,,,,,3.75
P2e8c779b09,9.0,26.48,9.6,9.25,9.0,11.6,32.0,3.3,24,0.417,44,0.614,30.25,,,25,0.64,25,0.36,3.47,29.0,9.0
Pea73008ab4,13.0,26.17,10.2,8.5,9.25,10.58,44.0,3.08,24,0.5,32,0.469,20.0,,,25,0.76,25,0.68,3.2,37.5,4.0
P9b79feb6a3,14.0,24.11,6.7,7.5,8.75,11.44,31.0,3.41,24,0.625,49,0.694,24.25,,,25,1.0,25,0.68,3.38,24.5,3.75
Ped46c6be82,12.0,26.94,5.8,9.0,8.75,12.22,34.5,3.53,24,0.5,47,0.532,27.5,,,25,0.4,25,0.52,3.2,28.5,5.5
P94d904f95a,5.0,24.16,7.5,8.5,9.25,10.64,34.5,2.96,,,,,26.25,,,,,,,3.28,25.5,3.75
P9e418f4c91,10.0,24.43,7.4,8.25,9.25,10.66,35.0,3.02,24,0.625,47,0.723,25.75,,,25,0.8,25,0.68,3.32,27.0,4.25
Pc5e9e5bdd9,11.0,26.7,5.5,8.5,8.25,11.64,31.5,3.15,24,0.5,41,0.78,27.0,,,25,0.56,25,0.72,3.3,28.5,6.5
P8d6369038a,,24.58,5.6,8.25,8.5,,,,,,,,24.75,,,,,,,,,4.25
Pcfe0d93659,19.0,23.07,4.3,8.0,8.75,11.41,34.0,3.12,24,0.833,46,0.674,24.75,,,25,0.84,25,0.6,3.25,28.0,2.75
P1b292d5147,,28.54,11.9,9.0,9.75,,,,,,,,30.0,,,,,,,,,9.25
P0ba0d4e186,,25.61,5.9,8.25,9.25,11.2,33.0,,24,0.625,39,0.615,23.5,,,25,0.6,25,0.32,3.34,26.5,4.5
Peda2227014,1.0,25.13,6.0,8.75,10.0,,34.5,,24,0.458,41,0.512,24.0,,,25,0.64,25,0.32,3.27,28.5,3.75
Pb88d2f0541,1.0,22.82,9.2,7.75,8.75,10.56,28.5,2.93,24,0.667,45,0.578,23.75,,,25,0.8,25,0.52,3.44,26.0,2.75
Pb4e1522182,13.0,24.67,5.0,8.75,9.75,10.41,38.0,3.19,,,,,26.5,,,,,,,3.12,32.0,8.5
Pe7f5f31a46,15.0,26.5,8.8,8.5,8.5,11.24,36.0,3.31,24,0.5,47,0.596,27.75,,,25,0.56,25,0.32,3.32,32.5,5.25
P3cfad83e39,1.0,22.22,6.0,8.5,8.25,10.87,33.5,2.91,,,,,27.5,,,,,,,3.26,27.5,6.0
P2c58b86e78,13.0,23.62,4.6,9.0,8.75,11.19,37.5,3.06,24,0.5,13,0.308,25.75,,,25,0.4,25,0.36,3.26,33.5,4.25
Pff77feae98,,28.67,7.5,9.0,9.0,,,,,,,,25.0,,,,,,,,,6.5
Pf21d262b1c,4.0,27.0,14.9,9.25,10.5,11.76,25.0,2.94,,,,,29.0,,,,,,,3.62,22.5,3.0
P9a02cf437c,2.0,24.69,6.5,8.25,8.75,11.84,32.5,2.95,,,,,24.5,,,,,,,3.32,26.5,4.5
Pec96a14b85,,23.17,9.4,8.5,9.5,,,,,,,,25.75,,,,,,,,,-0.75
P1c43036b93,,24.43,11.9,9.5,9.25,,,,,,,,30.0,,,,,,,,,7.5
P2297a93a7f,,25.84,12.1,9.25,10.25,,,,,,,,27.0,,,,,,,,,4.5
Pd0eaa15469,19.0,26.21,10.1,8.25,9.5,11.2,35.0,2.97,,,,,26.5,,,,,,,3.27,28.5,1.0
Pe00e8a81b3,7.0,25.12,7.3,7.5,7.0,10.95,31.5,3.09,24,0.583,47,0.766,24.0,,,25,0.68,25,0.52,3.3,26.0,1.5
P128f74a48f,,21.72,6.2,8.75,8.75,,,,,,,,28.75,,,,,,,,,7.0
P4a125216bc,9.0,26.81,7.2,8.75,9.5,11.72,37.5,3.13,24,0.792,47,0.596,27.0,,,25,0.56,25,0.44,3.28,33.0,8.25
Pdaafce7eb6,10.0,25.2,6.4,9.0,9.75,10.93,37.5,3.01,24,0.75,44,0.659,28.5,,,25,0.56,25,0.64,3.25,29.0,6.0
Ped4ca8f8d6,7.0,23.58,5.7,9.0,8.75,11.09,37.0,3.12,,,,,24.75,,,,,,,3.32,34.5,8.5
Pce2a43b358,0.0,24.28,6.3,8.5,8.25,10.9,35.5,2.93,24,0.5,42,0.595,24.75,,,25,0.76,25,0.56,3.28,29.75,6.5
Pfd690eb68d,15.0,24.97,4.9,8.25,8.25,10.91,31.0,3.1,24,0.833,46,0.674,27.75,,,25,0.52,25,0.72,3.32,25.0,6.5
P5492e07ad3,5.0,26.06,8.9,9.5,9.25,11.78,31.5,3.28,,,,,27.0,,,,,,,3.56,25.0,4.5
P831df49905,5.0,26.92,6.4,9.25,9.0,10.69,40.5,3.2,24,0.792,42,0.619,27.5,,,25,0.64,25,0.44,3.2,32.5,7.75
P0c888043b8,9.0,24.51,4.0,9.0,10.25,11.88,39.5,,,,,,28.5,,,,,,,3.18,34.0,8.25
Pc381c2ab50,6.0,24.08,4.5,8.5,9.5,10.63,39.5,2.81,24,0.708,45,0.689,24.25,,,25,0.56,25,0.6,3.2,33.5,6.75
Pe71646e585,7.0,25.44,5.6,8.25,8.5,10.84,38.0,2.84,24,0.667,47,0.809,26.0,,,25,0.76,25,0.88,3.15,33.0,7.75
P67cf99c3eb,,24.01,8.3,8.75,9.75,,,,,,,,26.75,,,,,,,,,6.5
P83f630794b,12.0,23.07,4.1,8.0,8.75,10.97,40.0,3.2,24,0.583,47,0.596,23.25,,,25,0.52,25,0.36,3.27,34.5,4.75
Peaf1686cc0,,25.1,9.3,9.25,9.25,,,,,,,,30.25,,,,,,,,,6.25
Pd3473cff83,,26.51,12.5,10.0,11.0,,,,,,,,30.25,,,,,,,,,6.75
Pcf63b744fe,5.0,24.33,6.2,8.0,8.5,11.4,34.0,3.1,20,0.85,40,0.7,25.25,,,25,0.64,,,3.21,28.0,3.25
P9cedd79bd8,6.0,22.43,5.1,9.0,9.0,11.25,37.0,3.41,24,0.5,14,0.214,27.25,,,25,0.44,25,0.4,3.35,30.5,6.0
P6f3f385e9b,8.0,29.26,12.0,8.5,9.5,12.26,28.5,3.54,24,0.5,12,0.417,27.25,,,25,0.52,25,0.04,3.5,25.5,6.5
Pc3390f55d0,,26.64,5.3,8.5,9.25,,,,,,,,28.0,,,,,,,,,5.75
P84b2e1b413,,23.0,14.7,9.25,10.75,,,,,,,,30.25,,,,,,,,,6.0
P16f77dc0c6,4.0,21.93,6.6,8.0,8.5,11.16,31.0,3.5,,,,,25.25,,,,,,,3.29,29.5,3.25
Pce6ddda209,,26.37,7.85,8.75,9.5,10.77,35.5,2.96,18,0.722,32,0.781,22.25,,,25,0.64,25,0.64,3.45,30.0,6.5
Pf93789f1b5,,25.56,5.2,9.0,9.75,10.45,38.0,3.01,,,,,25.5,,,,,,,3.19,32.5,8.75
P4a1b07df85,,23.41,6.9,8.5,9.0,,,,,,,,25.0,,,,,,,,,3.5
Pddcf4609af,,24.98,7.0,8.0,9.25,10.9,38.0,2.87,18,0.389,19,0.526,24.75,25,0.6,,,25,0.48,3.17,32.0,5.0
Pd5a40a7ee0,,25.65,9.7,9.5,10.0,11.16,33.0,3.1,18,0.611,30,0.667,25.75,25,0.68,,,25,0.56,3.3,29.0,6.25
P5f230da818,16.0,25.42,5.7,8.75,10.25,11.47,35.5,3.35,18,0.444,27,0.593,26.75,,,25,0.4,25,0.56,3.17,31.0,4.25
Pd46f6361f5,,24.96,5.15,9.0,10.25,10.26,40.5,2.86,18,0.722,21,0.762,24.0,25,0.68,,,25,0.56,3.17,37.5,6.25
Pf5fb4e36b6,,27.32,5.4,9.0,10.25,10.77,35.5,2.64,18,0.611,22,0.818,22.25,25,0.84,,,25,0.52,3.31,30.5,6.75
P8a2a3c7c07,,26.25,5.05,8.75,9.0,,,,,,,,25.25,,,,,,,,,6.5
P47380ec945,,25.12,8.5,9.0,9.0,11.93,38.5,3.05,,,,,24.25,,,,,,,3.26,32.5,3.5
P9668122fb9,,25.26,9.7,9.0,9.25,,,,,,,,27.25,,,,,,,,,5.25
Pd50459cb6d,,24.31,5.6,8.5,9.75,11.24,35.0,3.3,18,0.611,32,0.469,28.0,25,0.68,,,25,0.4,3.26,31.0,9.0
P9155961dd2,,,,,,,,,,,,,25.0,,,,,,,,,6.5
P9264b6e63a,,25.3,11.2,8.5,9.75,,,,,,,,26.0,,,,,,,,,4.25
P9260f65add,,26.74,5.8,8.25,8.5,11.52,44.0,2.9,18,0.444,21,0.667,20.25,25,0.6,,,25,0.52,3.15,35.5,6.25
Pbd6175d1ad,,24.25,6.45,9.0,9.75,11.01,35.5,3.04,18,0.667,33,0.667,27.0,25,0.76,,,25,0.64,3.27,32.5,5.25
Pa307fde308,,23.95,5.4,8.0,9.0,11.0,37.5,3.19,18,0.556,22,0.591,23.5,25,0.48,,,25,0.52,3.12,33.5,2.0
P3ea09a4d42,,22.62,5.95,9.0,8.5,11.48,29.0,3.2,18,0.722,22,0.727,25.25,25,0.44,,,25,0.44,3.4,26.0,2.75
P1ea9c7c88d,9.0,25.63,5.8,8.5,9.5,11.15,35.5,3.02,,,,,25.25,,,,,,,3.18,27.5,4.5
P58604dcdcf,16.0,29.19,11.5,8.75,10.0,11.81,33.5,2.94,18,0.444,32,0.375,26.25,,,25,0.52,25,0.52,3.27,29.0,9.0
P4ec4ee54f1,,26.02,6.1,8.5,9.0,,,,,,,,25.25,,,,,,,,,5.5
P24e5e8b7dc,,21.79,7.6,8.75,8.75,11.32,34.5,2.96,18,0.556,34,0.618,24.5,,,25,0.76,25,0.48,3.26,29.5,3.75
Pa466887b08,,26.28,6.5,8.25,9.0,10.81,43.5,2.87,,,,,21.0,,,,,,,3.25,37.5,5.5
Pbfe4edf289,,22.35,7.5,9.0,8.25,11.88,38.0,2.94,,,,,25.5,,,,,,,3.2,33.5,3.5
P25bfc6427b,,25.31,6.55,8.75,10.5,11.35,37.0,3.12,18,0.5,31,0.581,24.75,25,0.44,,,25,0.6,3.2,36.0,5.5
Pd856e50561,,22.29,5.7,8.75,9.0,,,,,,,,23.0,,,,,,,,,4.0
Pfd95ad31d4,,22.91,7.1,8.25,9.25,11.35,39.5,2.82,18,0.667,22,0.682,22.0,25,0.76,,,25,0.68,3.24,33.0,1.25
P55d1c5e102,,22.21,7.55,8.5,9.25,,,,,,,,23.25,,,,,,,,,4.25
P4b59f5fe56,,21.65,6.05,8.75,9.5,11.15,36.5,3.09,,,,,26.75,,,,,,,3.33,32.0,3.25
Pf20205fffb,,21.3,4.7,8.75,8.75,11.01,38.0,2.97,18,0.667,20,0.65,23.25,25,0.56,,,25,0.52,3.3,30.0,4.75
P521ea871d2,,26.16,10.05,9.25,9.25,11.64,31.0,3.17,18,0.667,30,0.733,24.25,25,0.8,,,25,0.8,3.49,25.0,3.25
Pe2eac4ddf4,,26.27,8.55,9.0,8.0,11.65,33.5,3.0,18,0.5,33,0.576,27.5,25,0.6,,,25,0.32,3.5,27.5,5.75
P22b18d36a6,,21.91,4.3,7.75,8.75,10.82,39.5,2.69,18,0.778,35,0.8,24.5,25,0.56,,,25,0.56,3.15,33.5,5.75
P55f0d03e7b,,23.6,3.95,8.75,9.5,11.57,38.5,3.17,18,0.389,21,0.524,25.5,25,0.6,,,25,0.56,3.23,31.5,6.0
P88f4dbf943,,23.67,5.8,9.25,10.25,,,,,,,,27.25,,,,,,,,,2.5
Pc5a8d9d1d6,,25.12,6.45,9.0,8.5,10.96,36.0,2.8,18,0.611,34,0.529,23.5,25,0.52,,,25,0.32,3.24,34.0,5.0
P9c2d575f48,,21.11,4.85,9.25,9.5,11.27,32.0,2.9,18,0.444,29,0.621,27.25,25,0.52,,,25,0.56,3.46,31.5,6.5
P6f92e02de4,,23.82,7.0,8.75,10.0,10.56,38.0,3.25,18,0.722,28,0.643,24.75,25,0.68,,,25,0.56,3.33,33.0,7.25
Pa7cb2c7354,,28.1,7.3,9.0,9.25,,,,,,,,24.75,,,,,,,,,6.25
P85fbcb1dce,,24.74,5.2,9.25,10.0,11.25,36.5,3.09,18,0.278,32,0.469,27.25,25,0.56,,,25,0.48,3.41,30.5,7.0
Pfa4c05beee,,27.26,12.85,8.5,7.75,12.02,29.5,3.22,,,,,27.5,,,,,,,3.5,27.0,5.75
P204a101867,,27.32,,9.5,10.25,,,,,,,,28.5,,,,,,,,,7.5
Pa34ab286f7,6.0,25.58,10.6,8.0,8.75,10.75,32.0,2.92,18,0.667,39,0.667,22.25,,,25,0.8,25,0.56,3.27,24.5,0.75
P0edb7d3b99,,22.19,5.2,7.5,7.5,10.8,38.0,2.88,,,,,19.75,,,,,,,3.2,32.5,5.25
Pa8fc4b7ad7,,23.26,6.0,8.75,9.0,11.52,34.5,3.03,18,0.833,32,0.688,23.5,25,0.84,,,25,0.6,3.5,29.0,3.0
P88064c1c05,,25.61,9.2,8.5,9.75,10.51,32.0,3.22,,,,,26.0,,,,,,,3.46,27.0,6.75
Pf8b83ac1f0,,26.07,9.25,8.5,8.75,11.65,35.5,3.21,18,0.556,17,0.706,24.75,25,0.68,,,25,0.48,3.34,27.5,5.5
P251ed0e7a3,,25.33,10.0,8.25,9.25,10.72,36.0,3.08,18,0.667,32,0.594,24.25,25,0.64,,,25,0.68,3.35,30.0,2.5
Pe40a7b9665,,26.18,15.25,8.25,9.5,11.35,35.5,3.04,18,0.667,32,0.844,21.75,25,0.72,,,25,0.76,3.48,28.5,3.5
Pb3a7a6f86b,,24.32,11.15,9.0,9.0,12.08,31.0,3.16,,,,,26.25,,,,,,,3.43,26.0,5.0
P3f77f707c0,10.0,27.35,8.9,8.5,10.0,11.5,40.5,3.09,12,0.417,34,0.794,24.25,25,0.64,,,25,0.6,3.15,32.5,6.0
P0af0ac79ae,4.0,25.03,7.4,9.5,10.5,11.82,35.5,3.0,,,,,28.5,,,,,,,3.21,31.5,8.25
P2a1ab2724b,7.0,25.38,6.4,8.5,8.75,11.24,35.5,2.98,18,0.667,35,0.714,26.5,,,25,0.6,25,0.56,3.15,33.0,8.25
Pd808e1b5f8,11.0,27.36,5.4,9.5,10.0,12.52,32.5,3.48,,,,,30.0,,,,,,,3.44,29.5,9.75
P1e22570fac,,26.68,6.8,9.25,9.5,,,,,,,,29.25,,,,,,,,,8.0
P95ea622240,5.0,24.95,11.9,9.25,9.75,11.62,31.0,3.08,18,0.667,36,0.528,27.5,25,0.56,,,25,0.52,3.44,23.5,4.5
P86ef73625c,8.0,26.45,7.9,8.75,10.0,11.7,36.5,3.22,,,,,26.75,,,,,,,3.22,30.0,5.25
P551a484de7,16.0,25.19,5.4,9.25,9.5,10.63,38.0,2.83,18,0.444,38,0.605,25.5,25,0.32,,,25,0.4,3.21,31.5,4.75
Pc5ec91aab0,,20.01,5.4,9.25,10.5,,,,,,,,30.5,,,,,,,,,8.0
P2e6be7d23b,5.0,26.49,12.0,9.5,9.5,11.79,27.5,2.99,24,0.5,35,0.543,31.25,,,25,0.72,25,0.52,3.44,24.5,7.75
Pf3d3c05896,11.0,29.14,11.0,9.0,9.25,10.95,33.5,2.85,18,0.5,36,0.611,26.25,,,25,0.4,25,0.76,3.38,28.0,7.75
Pc32fe4a167,16.0,26.11,7.5,8.25,9.25,11.14,37.5,3.24,24,0.375,38,0.632,23.5,,,25,0.8,25,0.72,3.21,31.0,1.0
P74d19df6a2,7.0,26.23,9.4,9.5,10.25,11.42,33.0,3.12,,,,,31.0,,,,,,,3.37,25.5,8.5
Pe6fe5c747b,,24.13,8.9,8.75,9.25,,,,,,,,28.75,,,,,,,,,2.75
P49d50fc2b5,15.0,24.58,5.4,9.0,10.0,11.66,37.5,3.27,24,0.458,33,0.636,26.25,,,25,0.56,25,0.64,3.27,33.0,3.0
P8ecb19c544,1.0,23.82,4.45,8.75,9.0,10.53,40.5,3.14,,,,,26.75,,,,,,,3.1,32.5,7.25
P1804943702,8.0,22.82,4.7,8.5,9.25,10.55,36.0,2.98,18,0.611,36,0.556,24.5,,,25,0.52,25,0.64,3.16,30.5,2.25
Pd59c0506ca,13.0,24.65,5.3,8.5,9.25,11.18,38.0,3.03,18,0.722,37,0.703,23.5,,,25,0.6,25,0.76,3.13,31.5,4.5
P0d567b6867,9.0,23.63,6.1,8.5,9.5,10.84,39.0,2.98,18,0.556,37,0.676,23.75,,,25,0.52,25,0.4,3.15,34.0,5.75
P16938f3fa9,1.0,26.01,9.1,8.0,7.75,11.34,33.5,3.26,,,,,24.25,,,,,,,3.21,27.5,6.75
P54d4de841c,,21.58,5.8,8.5,10.0,11.16,38.0,3.22,,,,,25.5,,,,,,,3.32,28.5,3.25
P6f43cf2ee3,,21.77,4.5,8.5,8.5,,,,,,,,26.0,,,,,,,,,4.5
P3e0fd9667f,5.0,24.71,5.2,9.5,10.75,11.08,32.5,3.0,,,,,28.25,,,,,,,3.34,27.0,6.0
P4396f0664b,11.0,26.13,7.7,8.75,9.75,12.31,37.0,3.31,18,0.611,24,0.542,25.75,,,,,25,0.44,3.36,31.5,5.25
P38e6db5ca1,9.0,25.88,6.7,8.25,9.0,10.94,42.0,2.7,,,,,24.0,,,,,,,3.14,34.5,5.5
P71b16faf7a,,23.57,6.6,8.0,8.75,,,,,,,,22.0,,,,,,,,,0.75
P032d23c9d9,12.0,24.45,9.4,8.5,9.5,10.72,34.0,2.98,,,,,27.5,,,,,,,3.25,27.0,4.25
Pcc7ddb9ab9,6.0,23.96,6.8,8.5,9.5,11.55,34.5,3.27,,,,,26.25,,,,,,,3.27,29.0,2.25
P63f00af37c,1.0,23.47,13.6,8.75,8.75,11.68,33.5,2.81,24,0.458,35,0.771,27.25,,,25,0.76,25,0.72,3.46,29.5,3.75
P5351e63d76,15.0,26.33,4.3,8.0,9.25,11.41,41.0,3.09,18,0.778,35,0.571,23.0,,,25,0.72,25,0.56,3.18,34.0,4.25
Pdb3bcb3fc8,10.0,27.7,5.9,8.5,9.5,11.53,40.5,3.07,,,,,23.75,,,,,,,3.01,36.5,8.75
Pa76a1ce248,8.0,22.95,6.9,8.25,8.75,11.0,33.5,3.2,18,0.889,34,0.765,23.25,,,25,0.68,25,0.6,3.19,28.0,2.75
Pdb78b3595b,,26.33,,9.0,9.5,,,,,,,,28.25,,,,,,,,,8.25
P0ca52587ca,8.0,25.05,11.4,8.0,9.25,12.4,33.0,3.25,24,0.5,37,0.703,21.5,,,25,0.76,25,0.8,3.53,27.0,-1.5
Pc4f84bc197,19.0,28.44,5.5,8.75,9.5,10.58,40.5,3.07,,,,,24.75,,,,,,,3.16,35.0,4.5
P2c3a1eb46b,,23.94,7.8,8.75,9.75,11.8,30.5,3.31,,,,,29.5,,,,,,,3.46,26.0,5.0
P9d178fdf5d,,25.97,8.8,8.75,10.0,,,,,,,,25.75,,,,,,,,,3.5
Pf781dda14b,3.0,23.68,6.8,8.75,9.0,12.68,32.5,3.23,,,,,28.25,,,,,,,3.35,28.5,4.75
P27a35575e9,12.0,24.77,6.5,9.25,9.5,11.37,36.0,3.21,,,,,25.5,,,,,,,3.34,28.5,7.5
Pea59b43adb,10.0,21.36,3.2,9.25,10.25,12.85,41.5,3.61,,,,,27.0,,,25,0.52,,,3.23,35.5,5.75
Pfaef4e4fa0,3.0,20.63,5.0,8.5,9.5,11.15,38.5,2.98,18,0.667,34,0.5,23.75,,,25,0.6,25,0.6,3.18,30.5,2.75
P2acab9acdb,,21.47,8.3,8.25,9.0,,,,,,,,26.5,,,,,,,,,5.0
P10187f6389,15.0,26.1,7.8,8.75,8.75,11.48,30.5,3.03,24,0.542,39,0.59,27.5,,,25,0.64,25,0.48,3.36,27.0,6.5
P5da3d9ffcd,8.0,24.93,6.75,9.0,10.75,11.48,34.0,3.07,,,,,25.5,,,,,,,3.18,27.0,1.5
Pcac223d7f8,9.0,26.3,5.8,8.0,8.5,11.28,32.5,3.12,18,0.611,39,0.821,24.0,,,,,25,0.68,3.29,26.0,3.5
Pb5f59c2405,11.0,25.61,10.9,9.0,10.5,,,,,,,,26.0,,,,,,,,,0.5
Pa79b34cca8,10.0,23.56,6.2,8.25,8.5,10.84,36.5,2.92,18,0.444,33,0.697,26.25,,,25,0.56,25,0.56,3.08,31.0,4.25
Pba3a4faeb9,10.0,24.75,5.6,8.75,9.25,10.42,34.5,3.08,,,,,25.5,,,,,,,3.19,27.5,5.75
P459acdec33,,25.27,6.4,9.25,10.25,,,,,,,,28.75,,,,,,,,,6.25
Pdb9cad4004,,24.75,5.55,8.25,10.0,10.31,40.5,3.04,,,,,22.0,,,,,,,3.15,32.5,4.25
P4f854a47d9,0.0,20.87,5.0,9.25,9.5,12.48,35.0,3.48,12,0.333,30,0.5,29.0,25,0.52,,,25,0.52,3.21,29.5,5.25
P6786e0dd88,11.0,25.05,5.35,9.0,8.5,11.2,35.0,3.28,12,0.417,31,0.484,27.25,25,0.8,,,25,0.56,3.17,30.5,8.0
P71e4b2b4d3,9.0,23.74,4.0,8.5,9.25,11.04,37.5,2.87,22,0.727,,,25.0,25,0.72,,,25,0.72,3.07,32.0,4.0
P4a4f2b1371,1.0,22.96,6.5,8.5,9.75,10.98,35.5,3.21,,,11,0.545,24.75,,,,,,,3.26,32.0,3.75
P57ab80ef44,,25.96,5.9,9.0,9.75,,,,,,,,26.25,,,,,,,,,4.25
Pe581c6d22f,17.0,24.0,3.75,8.5,8.5,11.11,38.0,3.44,,,,,23.0,,,,,,,3.2,32.5,5.5
Pcabff956fe,5.0,24.19,7.05,9.0,9.75,11.51,33.0,3.29,,,,,27.25,,,,,,,3.33,26.0,4.5
P9f769e6678,7.0,26.17,6.7,8.25,9.25,10.59,37.0,3.11,,,,,23.0,,,,,,,3.15,29.0,3.0
P4ebe015218,0.0,24.85,6.5,8.5,9.75,11.89,31.5,3.4,12,0.5,29,0.69,25.0,25,0.76,,,25,0.8,3.17,25.0,5.25
P15b5ca7021,14.0,26.42,4.15,9.25,8.5,11.04,36.5,3.05,12,0.583,31,0.71,22.75,25,0.68,,,25,0.72,3.18,29.0,4.0
P6f990ff013,,27.1,7.85,8.5,9.0,,,,,,,,28.25,,,,,,,,,7.75
P58e5b2eaa8,12.0,24.74,5.0,8.25,9.0,10.72,42.0,3.12,12,0.75,29,0.483,22.0,25,0.92,,,25,0.6,3.11,34.5,2.5
Pa08fe4841f,6.0,24.86,5.2,8.75,10.0,10.93,41.5,3.09,,,,,24.0,,,,,,,3.18,34.0,6.75
P14a01dedf9,14.0,28.0,5.5,8.75,9.0,10.53,34.0,2.82,12,0.583,33,0.636,23.75,25,0.84,,,24,0.625,3.22,28.5,7.25
Pbe6b6d05a9,8.0,24.13,6.5,9.0,9.25,11.11,35.5,3.14,,,,,26.25,,,,,,,3.2,28.0,5.0
P5cd98708f1,13.0,25.55,5.4,9.25,10.0,11.29,33.5,3.05,,,31,0.71,29.25,,,,,,,3.21,29.5,6.5
Pb53e68dfee,0.0,23.81,7.9,9.5,9.5,11.24,40.5,3.08,,,,,28.5,,,,,,,3.08,31.0,9.25
P50c2524b85,,21.62,3.0,9.0,9.0,,,,,,,,27.5,,,,,,,,,7.0
P15b4774186,14.0,25.1,4.8,8.5,9.5,11.28,37.0,3.15,12,0.5,35,0.657,23.75,25,0.52,,,25,0.6,3.21,31.0,6.0
P1597c7370a,6.0,24.96,8.45,8.5,10.0,10.95,31.0,3.16,24,0.708,34,0.735,25.75,25,0.76,,,25,0.76,3.27,25.0,3.5
Pb0f44d6b69,6.0,23.48,5.1,8.0,8.25,10.73,41.5,3.03,12,0.5,32,0.688,23.5,,,25,0.68,25,0.6,3.12,33.0,4.0
Pbb5225b691,4.0,24.14,5.15,9.25,10.25,11.28,32.0,3.15,24,0.5,36,0.778,28.5,,,25,0.64,25,0.6,3.36,27.5,9.0
P75b2e5cfed,,25.54,6.4,8.75,8.5,10.96,33.0,3.22,12,0.5,28,0.643,25.25,25,0.8,,,25,0.76,3.27,25.5,7.75
P26d2a90c5b,9.0,22.27,8.6,8.25,8.5,10.89,38.0,2.97,24,0.458,31,0.871,23.25,,,25,0.64,25,0.8,3.09,31.0,1.25
Pae17b87a4a,,24.83,7.2,10.0,10.0,,,,,,,,28.25,,,,,,,,,7.5
Pa129b1725d,8.0,24.24,8.1,8.5,9.75,11.83,31.0,3.28,12,0.5,30,0.5,23.75,25,0.48,,,25,0.44,3.38,25.0,1.5
P004efe3965,15.0,26.09,7.25,9.0,10.25,10.75,39.0,3.08,24,0.625,28,0.679,24.75,25,0.72,,,25,0.48,3.29,31.0,6.75
P946b6a7bec,,23.5,4.95,8.75,9.25,,,,,,,,28.25,,,,,,,,,4.0
P48e78aee32,12.0,28.06,7.35,9.25,10.0,12.28,35.0,3.36,12,0.75,31,0.613,28.0,25,0.64,,,25,0.44,3.28,31.5,5.5
P9537391b0e,6.0,23.37,7.0,8.5,8.75,10.43,36.5,2.75,24,0.5,29,0.69,24.75,25,0.72,,,25,0.52,3.26,29.0,5.25
P1ddfe32e8c,7.0,22.94,5.0,8.25,9.0,10.44,35.5,2.99,12,0.583,31,0.581,25.75,,,25,0.68,25,0.64,3.32,28.0,5.5
Pfc813e5d63,18.0,27.56,8.1,9.25,10.0,11.35,31.5,3.13,24,0.5,27,0.593,28.25,25,0.56,,,25,0.56,3.17,27.0,5.25
P212def8838,9.0,25.25,8.7,9.75,9.5,11.77,32.0,3.31,12,0.5,28,0.679,27.0,24,0.625,,,25,0.56,3.23,27.5,2.5
P27d264f43c,1.0,24.64,5.2,8.5,9.5,11.48,36.5,3.33,12,0.75,29,0.621,25.25,25,0.56,,,25,0.56,3.23,31.0,6.25
P1a46c41bff,5.0,23.82,5.05,9.0,9.25,11.89,36.0,3.25,12,0.5,31,0.71,27.5,,,25,0.52,25,0.64,3.33,29.5,4.0
Paa92a86ff3,2.0,24.89,6.8,8.75,9.5,11.07,33.0,3.19,24,0.5,28,0.714,23.0,,,25,0.6,25,0.68,3.25,30.0,8.25
Pf6658be174,,23.96,6.25,8.5,9.5,10.9,33.5,3.18,,,,,24.0,,,,,,,3.13,27.5,3.0
P82bbff96e6,12.0,26.35,5.2,9.0,9.75,11.08,42.0,3.03,12,0.833,31,0.516,27.0,25,0.92,,,25,0.64,3.04,33.0,9.0
P64a44986ea,7.0,25.04,7.35,9.0,9.0,11.53,34.0,3.11,12,0.25,35,0.486,26.5,25,0.76,,,25,0.56,3.22,27.0,5.75
P17f11f33c2,,22.33,6.4,8.75,9.25,,,,,,,,27.0,,,,,,,,,2.75
P6ab3598ab0,,22.93,6.05,9.0,10.0,,,,,,,,22.0,,,,,,,,,3.25
P4467431c36,,24.48,5.6,8.25,8.5,,,,,,,,26.0,,,,,,,,,6.75
Pf507011aa5,8.0,22.95,4.85,8.0,9.0,11.26,39.5,3.21,12,0.75,35,0.743,24.0,25,0.84,,,25,0.72,3.11,31.0,2.75
Pf271325d7b,1.0,23.36,7.7,8.75,9.0,11.27,41.5,3.16,,,,,25.25,,,,,,,3.1,32.0,7.0
P1f3e01b488,10.0,24.99,6.05,8.75,8.25,11.02,41.5,3.15,,,,,25.25,,,,,,,3.05,33.0,7.0
P3e655a07ed,12.0,23.08,5.55,9.25,9.0,11.48,32.0,3.2,24,0.458,30,0.5,28.0,,,25,0.68,25,0.64,3.34,26.0,7.75
P688b157768,8.0,27.88,13.75,9.0,9.0,12.28,35.5,3.35,12,0.5,30,0.6,27.5,25,0.68,,,25,0.52,3.38,28.5,6.0
P8eec131338,14.0,25.18,6.4,8.75,9.25,10.96,35.0,3.18,,,,,26.5,,,,,,,3.18,30.0,8.0
P9106a597f3,12.0,24.69,7.0,8.5,9.5,11.37,39.5,2.99,12,0.917,25,0.72,21.75,25,0.64,,,25,0.64,3.12,33.5,4.5
Pa5c483aef9,11.0,24.26,4.95,8.25,10.5,11.02,40.0,2.97,24,0.667,28,0.714,22.25,,,25,0.92,25,0.68,3.14,32.0,3.0
P5e4a09f56c,12.0,24.04,5.65,9.0,9.5,10.87,40.0,2.91,,,,,23.75,,,,,,,3.06,31.5,6.5
P4a79c6caeb,,26.28,8.6,9.0,10.25,,,,,,,,28.0,,,,,,,,,8.0
Pb1eb09fa94,4.0,23.97,4.9,8.5,9.5,10.39,35.0,3.09,12,0.5,33,0.727,24.75,25,0.72,,,25,0.52,3.34,27.5,4.5
P67e5a8f825,14.0,23.16,5.95,8.5,9.75,10.86,33.0,3.28,24,0.292,29,0.655,25.5,25,0.64,,,25,0.56,3.19,28.0,1.25
Pd4282e2cb6,,23.78,5.35,8.0,9.25,,,,,,,,23.0,,,,,,,,,2.5
P6f1d3c64d2,,24.64,5.9,8.5,8.75,,,,,,,,25.75,,,,,,,,,5.25
Pb15c668c3a,4.0,23.04,3.6,9.0,9.75,11.09,37.0,2.95,12,0.333,31,0.613,27.25,,,25,0.44,25,0.64,3.27,30.5,4.25
P273938bb97,,20.36,7.1,9.25,9.5,,,,,,,,30.75,,,,,,,,,6.25
P2c24c6affb,7.0,23.29,5.0,7.5,9.25,9.97,42.5,2.78,12,0.583,34,0.618,21.5,,,25,0.8,25,0.68,3.08,36.0,1.75
Pf450c7fe3d,4.0,23.9,4.9,8.25,9.0,11.11,33.0,3.11,12,0.583,36,0.639,25.0,,,25,0.72,25,0.56,3.26,27.5,6.0
Pd50729b5d0,13.0,25.68,6.0,8.75,9.5,11.06,36.5,3.17,12,0.5,32,0.844,24.25,,,25,0.68,25,0.72,3.36,31.0,3.5
P4f7a1b04a6,11.0,22.89,2.9,9.0,9.5,11.3,37.5,3.18,24,0.75,20,0.8,25.0,,,25,0.72,25,0.56,3.48,34.0,5.0
P4516ced6d5,,22.94,7.8,9.5,10.25,11.95,31.0,3.3,,,,,27.75,,,,,,,3.51,27.0,3.5
Peecc71d248,10.0,23.19,4.9,8.25,9.5,10.61,40.5,3.05,12,0.667,32,0.625,22.75,24,0.75,,,25,0.44,3.15,34.0,1.0
Pe661d7acde,8.0,22.65,4.5,9.25,9.5,11.26,36.5,3.47,12,0.5,28,0.321,28.0,,,25,0.6,25,0.56,3.36,31.5,4.5
Pc3b8b90cf8,11.0,27.47,6.1,9.5,10.75,11.32,32.0,3.1,12,0.25,30,0.5,27.25,,,25,0.56,25,0.44,3.28,27.5,5.25
Pbc4309c829,,22.88,5.0,8.25,8.5,,,,,,,,23.25,,,,,,,,,4.25
P47c5a2733b,13.0,24.05,4.1,9.25,10.75,10.69,34.0,2.96,12,0.667,33,0.606,26.0,,,25,0.68,25,0.76,3.28,29.5,5.75
P37457bff4f,14.0,27.96,5.0,8.5,9.0,10.79,38.0,3.13,,,,,24.75,,,,,,,3.22,32.5,5.75
P076dcdb147,,24.77,4.6,8.25,10.0,10.44,40.5,2.22,,,,,22.5,,,,,,,3.02,31.5,2.5
Pcb86ff794b,8.0,25.49,6.8,10.5,10.5,13.01,26.5,3.46,12,0.333,32,0.594,33.25,,,25,0.16,25,0.12,3.78,22.0,9.0
P2f4b26e6e1,5.0,25.3,5.9,9.25,9.25,11.61,36.5,3.19,,,,,28.75,,,,,,,3.25,32.5,5.25
Pb69fbd28c6,4.0,22.29,5.7,8.0,8.75,10.48,36.5,3.07,12,0.667,39,0.59,22.75,,,25,0.8,25,0.8,3.27,30.5,3.75
P8534216773,8.0,24.45,3.9,8.25,9.5,10.77,40.5,3.02,12,0.333,30,0.567,24.25,,,25,0.84,25,0.84,3.04,33.5,7.75
Ped6b9a1a7c,5.0,22.72,5.0,9.25,10.5,11.74,34.5,3.23,,,,,28.25,,,,,,,3.37,27.0,5.25
P8a97dbabe6,13.0,24.94,6.1,9.5,10.25,11.46,35.5,3.25,24,0.625,24,0.542,26.0,,,25,0.52,25,0.52,3.28,30.5,4.75
P4ebfdd4833,,23.11,7.1,8.0,8.75,,,,,,,,24.0,,,,,,,,,-1.25
P5c11762ec9,10.0,29.82,8.4,9.5,9.75,11.34,34.5,3.43,,,,,28.5,,,,,,,3.34,26.0,10.75
P5a277fef0e,,26.24,3.9,9.5,10.25,,,,12,0.5,31,0.548,28.0,,,26,0.808,27,0.593,,,7.25
Pb16e641fe9,2.0,23.51,6.5,8.25,9.5,11.21,31.5,3.12,,,,,21.75,,,,,,,3.4,26.0,-0.25
Pa4c28f80ad,,25.83,5.6,8.0,9.25,,,,,,,,27.25,,,,,,,,,4.5
Pb14f594f0a,,23.11,5.8,8.0,8.5,10.52,36.5,3.28,,,,,24.0,,,,,,,3.26,30.5,3.0
P8209ad6040,6.0,27.62,5.1,9.25,10.75,11.21,35.5,3.3,12,0.583,32,0.688,28.75,23,0.696,,,25,0.68,3.25,28.0,6.25
P6a3fce0af3,0.0,22.13,4.8,8.0,8.5,10.99,33.0,3.05,12,0.667,29,0.69,25.75,,,25,0.68,25,0.56,3.28,29.0,5.5
P714602a9aa,,,,9.0,9.0,,,,,,,,26.5,,,,,,,,,6.5
Pbafaf944fd,10.0,26.25,8.9,9.75,9.75,11.8,26.0,3.54,12,0.5,31,0.677,28.5,,,25,0.64,25,0.4,3.6,23.5,7.25
P6b5b70ee01,1.0,23.46,4.0,8.75,8.5,11.09,43.0,3.3,,,,,24.0,,,,,,,3.29,35.0,6.0
P6a5f6ac2d8,5.0,26.93,5.9,8.75,10.0,12.15,38.5,3.1,12,0.333,19,0.737,28.0,20,0.75,,,25,0.56,3.24,31.0,8.75
P18facb688d,6.0,24.42,4.0,9.5,9.25,11.51,38.5,3.14,12,0.5,31,0.645,24.25,,,25,0.68,25,0.4,3.3,32.5,3.0
P19aaf87bc8,9.0,23.1,3.8,8.5,8.75,11.26,37.5,3.24,12,0.333,28,0.607,26.0,,,27,0.556,25,0.32,3.38,29.5,4.5
P338a42b9d0,0.0,20.92,5.7,9.0,10.0,11.54,33.5,3.23,12,0.583,30,0.667,25.25,,,26,0.577,27,0.481,3.32,29.5,4.0
Pc1416b3728,,24.79,7.5,8.5,9.5,11.6,30.0,3.34,12,0.5,32,0.719,24.5,,,25,0.56,25,0.76,3.43,24.0,1.5
Pab169ed872,2.0,25.13,6.1,8.25,8.5,10.76,38.5,3.13,12,0.75,29,0.828,22.75,,,24,0.625,24,0.375,3.23,32.0,4.0
P9cddcdc1ad,,25.93,11.68,8.5,9.25,11.29,35.0,2.66,,,,,26.25,,,,,,,3.43,29.0,4.5
Pd17e70140c,9.0,23.46,4.6,9.25,9.25,10.88,37.0,3.13,,,,,27.25,,,,,,,3.38,30.5,6.5
Pd88f1bdac2,19.0,24.86,4.9,9.0,10.0,11.71,38.5,3.12,12,0.75,31,0.613,24.25,,,25,0.76,25,0.6,3.17,30.5,6.5
P7ff4af5e7c,18.0,29.4,6.3,9.0,9.5,11.63,38.0,3.26,,,,,25.5,,,,,,,3.3,33.0,9.75
P9d5ce33ec0,,27.25,8.4,9.25,11.0,11.26,33.5,2.57,,,,,26.25,,,,,,,3.25,30.0,4.0
P519f028bfb,0.0,24.75,9.8,7.75,8.0,11.01,37.0,3.07,12,0.583,36,0.694,25.0,,,25,0.6,25,0.64,3.2,29.0,4.0
Pefa2378416,,23.53,7.5,8.25,8.5,10.59,35.5,3.14,12,0.417,34,0.676,24.0,25,0.72,,,25,0.8,3.27,28.0,3.25
P007123cefb,,22.13,8.5,8.75,9.5,,,,,,,,27.75,,,,,,,,,2.25
Pba03162225,2.0,25.88,5.1,8.75,8.75,10.82,34.0,3.03,,,,,27.0,,,,,,,3.14,27.0,5.0
P8df31bfe17,3.0,27.92,14.0,9.5,9.25,12.03,32.5,3.76,12,0.5,32,0.5,28.75,25,0.56,,,24,0.542,3.42,26.0,7.0
P90a39c14ab,9.0,23.95,3.9,9.0,10.5,10.63,35.5,3.05,12,0.75,34,0.588,26.75,25,0.8,,,25,0.68,3.25,32.5,5.75
P9b3e496395,7.0,24.05,5.6,8.5,9.0,11.01,38.0,3.03,12,0.5,11,0.364,25.5,,,25,0.44,25,0.56,3.27,27.0,1.0
P2084d7c5fc,15.0,29.28,6.8,8.75,9.0,10.77,34.0,2.87,,,,,26.5,,,,,,,3.37,30.0,5.75
P224fa713e4,9.0,23.64,4.7,8.75,9.25,11.16,36.5,3.04,,,,,27.0,,,,,,,3.37,29.5,7.75
Pf6db5ed983,5.0,25.09,6.6,8.0,9.75,10.76,40.5,3.11,12,0.583,21,0.571,24.0,,,25,0.72,25,0.88,3.07,30.5,4.75
P4797fb50d3,,25.82,6.1,8.5,9.0,11.57,38.0,3.15,12,0.833,34,0.794,25.0,,,25,0.72,25,0.76,3.16,31.0,6.0
P43dec358d1,,23.6,4.3,7.75,9.0,,,,,,,,22.0,,,,,,,,,1.5
P023bbe5ec1,20.0,27.93,5.4,9.0,10.5,10.83,31.5,3.27,12,0.667,32,0.719,26.75,,,25,0.52,25,0.72,3.33,26.0,4.0
Pf1b3205a09,8.0,22.48,4.6,8.25,9.5,10.7,37.5,2.94,,,,,26.25,,,,,,,3.3,29.0,3.75
Pb7d583a85a,,26.03,6.7,9.0,10.0,,,,,,,,29.0,,,,,,,,,5.25
Pf75af7bb1f,,25.78,12.3,8.75,8.75,11.33,33.0,2.47,,,,,26.0,,,,,,,3.26,28.0,6.0
P08bc96e9be,,27.13,9.61,9.25,10.0,11.82,41.0,3.61,,,,,27.0,,,,,,,3.23,37.0,9.25
P32d7e7e1eb,,24.59,5.0,8.5,9.0,11.35,43.5,2.75,,,,,27.5,,,,,,,3.17,37.0,7.25
P6142a39d2b,,24.09,7.83,9.0,10.25,11.95,37.0,2.71,,,,,26.5,,,,,,,3.16,28.0,7.25
P173da90181,,23.25,4.2,8.75,10.0,11.25,36.5,2.63,,,,,23.0,,,,,,,3.25,30.5,1.75
P16e9d60aa9,,25.04,5.65,9.0,9.75,11.04,34.5,2.5,,,,,27.0,,,,,,,3.18,28.0,4.0
P0cd98a270c,,25.71,6.8,8.0,8.75,10.64,39.5,2.28,,,,,25.0,,,,,,,3.12,30.5,5.25
P34a08a87d4,,25.12,4.1,9.0,9.0,10.82,36.5,2.5,,,,,26.0,,,,,,,3.13,29.5,6.5
P641ed83c9a,,24.33,4.4,8.25,9.5,10.59,42.5,2.49,,,,,22.75,,,,,,,3.11,37.5,4.25
Pceb9387e05,,24.86,9.91,8.5,7.75,11.21,35.5,3.17,,,,,22.0,,,,,,,3.11,30.5,2.75
Pdc083a80a9,,27.33,10.2,8.5,8.75,,,,,,,,24.75,,,,,,,,,2.75
P866e6f90bf,,21.3,4.7,8.25,8.25,,,,,,,,26.0,,,,,,,,,4.5
P2cd53b2728,,25.39,8.9,8.75,8.5,10.6,31.0,2.49,,,,,26.75,,,,,,,3.33,24.0,3.25
P63a2ab1a2a,,25.81,8.2,9.0,9.5,11.56,31.5,2.96,,,,,29.5,,,,,,,3.31,23.0,6.0
Pde7308c87b,,22.81,2.8,8.5,10.0,,,,,,,,24.5,,,,,,,,,4.75
P4cd6438cc3,,23.24,3.73,8.5,9.75,11.52,36.0,2.64,,,,,25.0,,,,,,,3.04,31.0,6.0
Pc09cd8c6d0,,27.15,8.7,9.25,10.5,11.77,35.0,2.9,,,,,24.75,,,,,,,3.37,28.5,7.0
P539176b694,,24.64,5.9,8.5,8.75,11.93,38.5,2.58,,,,,24.0,,,,,,,3.16,31.5,1.25
P2ca61183dc,,25.5,7.4,8.0,9.75,10.65,37.5,2.4,,,,,24.0,,,,,,,3.3,29.0,3.0
Pe237a28a37,,26.28,5.9,9.0,10.5,10.94,38.0,2.72,,,,,24.25,,,,,,,3.2,33.0,4.75
P8c6b1e4de6,,25.95,15.8,8.0,9.0,,,,,,,,26.5,,,,,,,,,6.5
P63236d3a70,,23.85,8.2,8.0,8.75,11.21,35.5,2.46,,,,,25.0,,,,,,,3.17,29.5,6.25
P429838957d,,24.5,3.4,8.75,9.75,,,,,,,,26.0,,,,,,,,,3.5
P170284fab5,,23.78,6.83,9.0,8.75,12.29,37.5,2.67,,,,,29.0,,,,,,,3.45,26.5,5.5
P2b95cb9990,,24.95,8.5,9.0,9.0,11.42,34.0,2.92,,,,,27.5,,,,,,,3.25,30.0,3.75
Pdc49b6ecb0,,24.03,5.4,8.0,8.5,11.17,39.5,2.45,,,,,24.25,,,,,,,3.07,32.5,5.0
P90a7395cb0,,23.92,3.7,9.25,9.25,,,,,,,,28.75,,,,,,,,,5.0
Pb3e461d4cf,,23.9,5.8,8.25,9.0,11.4,44.0,2.43,,,,,22.5,,,,,,,3.09,34.5,2.0
Pc74b3d476e,,26.51,6.8,8.5,9.75,10.35,41.0,2.54,,,,,23.25,,,,,,,3.2,35.0,3.25
Pe0b660d280,,27.2,7.5,9.0,10.5,,,,,,,,29.25,,,,,,,,,9.5
P289da7f9c1,,22.12,7.6,7.5,8.25,10.78,34.0,2.59,,,,,22.5,,,,,,,3.28,30.0,0.25
P98391b949f,,23.89,12.43,8.25,9.25,11.6,32.0,2.62,,,,,25.25,,,,,,,3.4,27.5,-0.75
P1f88525e9f,,29.64,8.5,10.25,11.0,11.8,32.5,3.01,,,,,26.5,,,,,,,3.49,26.0,6.5
Pd3cfd798be,,26.9,12.5,9.0,10.75,11.73,27.0,2.64,,,,,30.25,,,,,,,3.6,21.5,6.25
P5b50a9b58b,,23.99,5.3,9.25,10.25,11.17,39.0,2.61,,,,,28.0,,,,,,,3.28,29.0,6.75
P1cf3ac09b1,,26.21,9.0,8.75,8.25,11.15,28.0,2.74,,,,,24.5,,,,,,,3.61,24.0,5.5
P04282e0cbf,,26.94,4.5,9.0,10.75,11.1,38.0,2.49,,,,,28.0,,,,,,,3.18,32.0,8.5
P9d848af991,,26.04,5.4,8.75,9.5,10.77,39.0,3.11,,,,,27.5,,,,,,,3.13,32.0,5.75
P45a39b68c1,,25.39,5.3,9.25,10.25,10.88,39.5,2.99,,,,,29.0,,,,,,,3.15,36.0,7.75
P0326e23b0d,,24.51,5.9,9.0,9.5,12.19,36.0,3.33,,,,,26.25,,,,,,,3.13,33.0,5.75
P5705590403,,21.86,6.0,9.0,9.75,,,,,,,,26.25,,,25,0.0,,,,,5.0
Pa090759337,,23.43,5.5,8.75,9.0,,,,,,,,26.0,,,,,,,,,4.75
P6680e3073f,,23.1,5.5,9.0,9.75,10.98,39.0,2.98,30,0.5,,,27.75,,,25,0.36,,,3.19,33.5,5.0
P82dc635a40,,24.61,5.1,8.5,8.25,,,,,,,,24.25,,,,,,,,,1.75
P85bbbd5241,,24.0,6.3,8.75,8.5,11.94,35.0,3.14,30,0.567,25,0.36,26.25,,,25,0.72,,,3.34,27.0,3.75
P6521ad0003,,24.39,7.1,8.75,9.25,11.39,34.5,3.04,30,0.567,25,0.64,28.75,,,25,0.76,,,3.14,28.5,3.75
Pf6213e9937,,26.67,5.8,8.75,8.5,11.32,37.5,3.3,30,0.767,25,0.44,25.75,,,25,0.64,,,3.14,29.5,6.0
P9fd480084b,,23.97,4.9,8.5,8.75,11.51,33.5,3.27,,,,,26.5,,,,,,,3.23,27.0,6.75
P44ea7b86af,,24.62,5.9,8.5,9.0,11.21,39.0,3.19,30,0.4,25,0.32,26.25,,,25,0.44,,,3.08,30.0,4.5
P3364db28a5,,22.87,4.3,8.5,8.25,11.3,37.0,3.38,30,0.633,25,0.48,27.0,,,25,0.64,,,3.25,28.0,4.25
P60da7b4537,,25.38,11.7,9.0,9.25,11.9,29.5,3.38,30,0.633,25,0.68,25.5,,,25,0.68,,,3.51,24.0,3.5
P2b13664da5,,30.64,17.3,9.25,9.0,11.69,31.5,3.3,30,0.5,25,0.36,26.5,,,25,0.32,,,3.25,26.5,4.25
P88205fde52,,24.95,6.6,8.5,10.0,11.09,38.5,3.33,30,0.733,25,0.64,25.0,,,25,0.64,,,3.07,30.5,4.0
Pcf11d56327,,24.64,7.9,8.25,9.0,11.14,34.5,3.07,30,0.933,25,0.56,23.25,,,25,0.76,,,3.34,28.5,2.5
Pc9a85d9349,,25.18,5.6,8.5,9.25,11.68,35.0,3.18,,,,,27.0,,,,,,,3.07,29.0,6.25
P152905cef4,,25.18,7.5,8.25,8.5,12.02,39.0,3.2,,,,,28.75,,,,,,,3.03,33.0,7.25
P392363bcf2,,23.17,4.5,9.75,10.5,,,,,,,,26.25,,,,,,,,,4.5
P721d8fa8f9,,22.79,4.4,8.5,9.0,11.45,48.0,3.2,,,,,21.5,,,,,,,3.0,41.5,3.75
P21372aaded,,23.85,5.8,8.5,9.0,11.02,36.5,3.17,30,0.5,25,0.32,28.0,,,25,0.48,,,3.25,28.5,6.25
P69549f38f2,,23.15,4.7,9.0,9.5,,,,,,,,28.5,,,,,,,,,3.75
Pcfa1d05a1c,,23.54,4.5,8.25,9.0,10.96,36.0,3.23,30,0.833,25,0.56,25.5,,,25,0.76,,,3.16,31.5,5.0
P9e732e040b,,24.57,7.5,8.5,9.5,11.03,32.5,3.17,,,,,25.25,,,,,,,3.29,27.5,5.75
P0057628fa2,,25.86,6.8,8.75,10.0,10.91,37.5,2.99,,,,,24.0,,,,,,,3.12,30.0,1.0
P836329e077,,20.97,4.4,8.5,9.25,11.0,41.0,3.01,30,0.633,25,0.64,22.0,,,25,0.6,,,2.98,33.0,1.25
Pd1118f9ab3,,22.83,4.7,8.75,9.75,10.45,42.0,3.03,,,,,25.5,,,,,,,2.98,34.0,8.0
Pbfadf35dca,,26.96,9.4,9.0,9.5,,,,,,,,26.75,,,,,,,,,3.5
P71a175d36d,,24.13,14.5,8.75,9.5,11.87,31.0,3.28,30,0.733,25,0.68,29.75,,,25,0.64,,,3.34,25.5,3.5
P624b2b5afe,,25.69,7.8,9.0,9.5,11.63,36.5,3.3,30,0.567,25,0.6,25.5,,,25,0.76,,,3.21,30.5,4.25
Pfce02776de,,22.05,4.1,8.0,9.0,,,,,,,,23.25,,,,,,,,,0.75
P606c98790a,,25.75,6.0,9.0,9.5,11.08,38.5,3.13,30,0.633,25,0.52,26.5,,,25,0.68,,,3.1,31.0,7.75
P2c8aa67899,,27.45,6.2,8.25,8.75,,,,,,,,24.5,,,,,,,,,4.25
P7c29e11a29,,26.14,12.9,9.0,10.0,12.7,32.0,3.5,30,0.8,25,0.56,27.5,,,25,0.64,,,3.3,26.5,7.0
Pa0882490f6,,25.3,6.8,9.0,10.0,,,,,,,,28.5,,,,,,,,,8.25
P54240b8a24,,22.91,8.1,8.5,9.0,11.65,38.0,3.32,,,,,26.0,,,,,,,3.14,34.0,4.5
Pe225c37146,,28.19,11.8,8.5,9.0,11.72,36.5,3.18,,,25,0.48,25.0,,,25,0.6,,,3.0,29.5,3.75
P3da5d3f3f2,,22.37,5.6,8.5,9.0,11.51,34.0,3.17,,,,,27.0,,,,,,,3.35,27.5,5.0
Pf2b31fcc76,,24.16,4.0,9.0,9.25,10.89,42.5,3.05,30,0.6,25,0.76,26.5,,,25,0.6,,,3.1,36.0,7.25
P30169adef4,,22.57,5.45,8.5,9.25,10.82,38.5,3.08,30,0.467,25,0.44,25.5,,,25,0.52,,,3.13,30.5,5.5
P4e35bd6add,,23.0,6.3,9.0,10.0,10.97,37.5,3.36,30,0.533,25,0.56,26.5,,,25,0.48,,,3.22,30.5,5.25
P90932c4b0a,,25.2,7.6,9.25,10.5,11.85,33.0,3.5,30,0.667,25,0.4,29.25,,,25,0.36,,,3.29,27.0,4.75
P41bcb3bebd,,23.69,11.0,8.0,8.25,10.94,35.0,3.19,30,0.567,25,0.52,24.5,,,25,0.76,,,3.07,25.0,1.75
P5480a34012,,26.79,8.9,9.0,9.75,11.64,32.0,3.15,30,0.567,25,0.48,25.75,,,25,0.6,,,3.29,27.0,2.0
Pba95727095,,26.81,5.5,9.0,9.75,11.59,44.5,3.38,30,0.5,25,0.48,25.0,,,25,0.36,,,3.05,37.0,6.25
P90b2305671,,25.25,6.3,8.5,9.75,11.46,41.5,3.1,,,,,24.0,,,,,,,3.13,34.5,4.75
P969b4447cc,,21.54,5.0,8.5,9.0,11.14,38.5,3.1,30,0.567,25,0.56,25.75,,,25,0.56,,,3.08,34.5,6.25
Pc624860c4a,,22.02,6.1,9.25,9.5,12.19,35.0,3.08,30,0.633,25,0.6,29.5,,,25,0.48,,,3.06,31.5,6.75
Pb1d56c9c96,,23.61,6.2,9.0,9.75,11.38,35.5,3.25,30,0.567,25,0.4,26.75,,,25,0.4,,,3.31,28.5,4.5
P77f7109f5b,,25.1,5.1,8.25,8.75,11.5,35.5,3.06,30,0.7,25,0.6,26.75,,,25,0.6,,,3.17,29.5,5.5
Pc37129efde,,26.41,10.1,9.5,9.5,11.69,35.0,3.23,30,0.5,25,0.48,25.5,,,25,0.36,,,3.27,28.0,6.75
Pac178f1473,,23.82,4.1,8.5,9.25,10.7,42.0,3.18,30,0.7,25,0.48,25.25,,,25,0.68,,,3.04,30.0,5.25
Pc131e1ee6f,,22.82,5.0,8.75,8.5,11.2,36.0,3.0,30,0.6,25,0.64,26.5,,,25,0.76,,,3.04,29.5,5.25
P9e82692a6d,,20.57,4.4,9.0,8.75,10.69,39.5,3.04,,,,,26.25,,,,,,,3.12,34.0,2.0
Pff95561f44,,24.96,5.6,9.0,9.5,11.2,38.0,3.42,30,0.367,25,0.28,27.25,,,25,0.28,,,3.15,31.5,5.0
P130d4826ef,,26.62,6.7,8.5,9.0,10.76,38.0,3.12,30,0.733,25,0.56,22.75,,,25,0.52,,,3.08,31.5,6.0
P6bb68789bc,,24.02,7.2,8.0,9.5,11.47,35.5,3.26,30,0.8,25,0.64,23.25,,,25,0.6,,,3.11,30.0,2.0
P8be99fecd0,,24.58,8.9,8.75,9.5,12.25,26.5,3.3,30,0.6,25,0.48,29.25,,,25,0.6,,,3.45,23.5,4.5
P0234a21988,,23.83,5.9,9.0,10.5,11.29,34.0,3.19,30,0.6,25,0.36,27.75,,,25,0.56,,,3.33,28.5,6.25
P4e8883caf8,,23.16,5.3,9.0,9.0,,,,,,,,28.75,,,,,,,,,7.5
Pae46fa4aa5,,23.71,6.1,8.5,9.75,11.38,35.0,3.09,,,,,26.5,,,,,,,3.17,29.0,6.0
P3b1e823247,,24.49,6.2,8.0,8.5,11.0,40.0,3.13,30,0.467,25,0.48,22.0,,,25,0.48,,,3.16,33.5,1.0
Pd6b4848f72,,23.1,4.9,9.0,9.0,11.57,41.0,3.05,30,0.5,25,0.72,24.75,,,25,0.32,,,3.29,31.5,4.75
Pc99b219586,,17.48,4.7,8.5,8.75,11.16,28.5,3.04,30,0.5,25,0.6,28.25,,,25,0.6,,,3.33,26.5,2.5
P8c8d5105c2,,23.68,4.4,8.5,9.5,10.73,41.5,2.89,,,,,25.5,,,,,,,,31.0,5.75
Paac5dcb74c,,22.88,4.8,8.0,8.5,10.82,37.5,3.02,30,0.6,25,0.52,26.25,,,25,0.64,,,3.07,32.0,4.5
Pe2f97b33d4,,29.9,8.2,9.75,10.25,12.11,32.5,3.31,30,0.467,,,27.5,,,25,0.28,,,3.33,29.5,5.25
Pab39ee5462,,22.56,4.9,8.5,9.75,10.81,34.0,2.81,,,,,27.0,,,,,,,3.22,29.0,4.5
P919e355315,,23.75,6.7,8.5,10.25,,,,,,,,27.25,,,,,,,,,4.25
Pa067c50f94,,25.65,7.8,8.5,9.5,11.38,37.0,3.23,,,,,27.0,,,,,,,3.26,30.0,6.0
Pc5f6ac0bb7,,23.07,2.7,8.5,10.5,11.16,36.5,2.9,30,0.633,,,28.25,,,25,0.44,,,3.26,29.0,5.25
P14882ceff6,,24.64,5.9,9.25,11.0,,,,,,,,28.75,,,,,,,,,7.25
P19ae0a39ff,,20.65,3.8,8.0,9.25,10.87,35.5,3.02,30,0.833,25,0.6,26.5,,,25,0.56,,,3.18,28.0,5.0
Paf2b091294,,26.15,6.2,8.75,10.0,11.49,32.5,3.1,30,0.667,25,0.56,29.75,,,25,0.6,,,3.22,28.0,4.5
P441a89e79f,,25.48,8.6,8.25,9.0,10.95,33.0,3.01,30,0.767,25,0.64,24.5,,,25,0.72,,,3.21,26.5,2.5
Pe54f989cc8,,29.26,14.3,9.5,10.0,11.41,30.5,3.24,30,0.733,25,0.6,29.5,,,25,0.68,,,3.4,26.0,9.25
P1191691c20,,23.56,7.4,8.75,9.75,,,,,,,,27.0,,,,,,,,,2.75
P123f055136,,27.78,13.5,8.25,9.0,11.33,31.0,3.32,,,,,25.75,,,,,,,3.27,24.5,4.0
Pa5128e8532,,25.35,14.7,8.5,8.5,,,,,,,,28.75,,,,,,,,,4.0
P9345155d6a,,22.69,5.7,9.0,10.75,11.3,33.5,3.19,30,0.5,25,0.64,30.25,,,25,0.36,,,3.27,28.0,6.5
P97df826a61,,25.76,9.0,8.5,10.25,10.58,34.0,2.89,30,0.7,25,0.68,25.25,,,25,0.56,,,3.37,27.5,2.75
P3ebbedffb1,,27.03,7.3,9.0,10.5,11.49,35.0,3.02,30,0.567,25,0.36,27.25,,,25,0.76,,,3.23,32.5,8.25
Pe22f69b7a0,,28.44,12.2,8.25,9.25,11.11,38.0,3.23,,,,,26.0,,,,,,,3.26,35.5,6.25
Pce7c8a9da0,,24.58,5.7,8.5,9.75,,,,,,,,27.5,,,,,,,,,4.5
Pd5316f2e65,,21.35,5.4,8.75,9.5,11.12,34.0,3.16,30,0.6,25,0.52,26.25,,,25,0.44,,,3.27,29.5,3.5
P2db6f2cc8f,,22.66,,9.5,10.5,11.0,37.5,,30,0.467,25,0.6,25.25,,,25,0.32,,,3.33,32.0,4.75
Pec93c68939,,26.24,5.1,8.75,9.5,11.54,36.0,3.04,30,0.767,25,0.44,28.5,,,25,0.6,,,3.33,29.5,7.5
P96bc00aaed,,23.36,4.8,8.5,9.5,11.23,38.0,3.1,30,0.667,25,0.4,26.75,,,25,0.48,,,3.19,31.0,5.75
Pa6b76d042d,,26.26,7.5,8.75,10.25,10.94,38.5,3.21,,,,,24.75,,,,,,,3.3,32.5,8.25
P76ebdc8d77,,24.45,4.4,8.0,9.5,10.46,35.0,3.02,,,,,24.0,,,,,,,3.26,26.5,2.75
P8d79cd923c,,24.41,5.3,7.75,9.0,11.07,37.5,3.1,30,0.633,25,0.56,23.5,,,25,0.32,,,3.21,30.5,5.75
P50d6953351,,25.71,9.5,8.75,10.0,11.4,27.5,3.23,30,0.6,25,0.52,29.25,,,25,0.6,,,3.55,23.0,6.25
P63014948f5,,31.33,11.6,8.75,10.0,10.75,35.5,3.1,30,0.6,25,0.52,28.5,,,25,0.52,,,3.22,27.0,7.0
Pafb050f1ad,,23.01,5.0,8.0,8.5,11.26,36.5,3.28,30,0.567,25,0.48,26.5,,,25,0.6,,,3.07,30.5,7.75
P22caf129cd,,21.77,4.0,8.5,9.5,11.03,38.0,3.04,30,0.567,25,0.6,26.75,,,25,0.44,,,3.12,30.5,4.0
P7d4b1d6e8f,,23.94,4.8,9.0,9.25,,,,,,,,27.25,,,,,,,,,7.25
P9aef7770b8,,20.67,,8.5,8.0,10.86,37.0,,30,0.733,25,0.4,23.5,,,25,0.6,,,3.21,30.0,4.25
P5698276a02,,24.13,,8.25,8.25,10.94,34.5,3.46,30,0.633,25,0.76,27.0,,,25,0.76,,,3.31,27.5,3.25
P416088a2b5,,22.56,5.4,8.5,9.0,,,,,,,,28.0,,,,,,,,,6.75
Pdd8eeaed18,,24.24,12.1,8.75,9.75,11.53,32.5,3.12,30,0.467,25,0.44,26.25,,,25,0.6,,,3.24,29.5,4.0
Pa408da26a2,,25.04,12.0,8.5,9.25,,,,,,,,25.25,,,,,,,,,5.75
Pc69570e4d2,,23.06,5.2,8.5,9.5,11.03,33.5,3.24,,,,,28.75,,,,,,,3.28,28.0,5.75
P5cba6e4b4b,,23.4,5.6,8.25,9.0,11.55,36.0,3.25,,,,,28.0,,,,,,,3.21,30.0,6.25
P3a5b76349f,,24.15,5.4,9.0,9.75,,,,,,,,33.0,,,,,,,,,6.5
Pa89859be17,,25.13,8.9,8.5,9.5,11.13,39.0,3.17,30,0.7,25,0.52,29.0,,,25,0.52,,,3.11,33.5,9.75
Pa2e8c74c1f,,25.51,8.0,8.5,10.5,11.64,30.0,3.1,30,0.533,25,0.4,27.75,,,25,0.4,,,3.5,24.5,4.25
Pdeabbe5993,,25.61,7.2,8.5,9.25,10.96,35.5,3.11,30,0.533,25,0.44,26.25,,,25,0.6,,,3.15,30.0,3.25
Pa93866e530,,23.22,,8.75,10.0,11.37,32.0,2.92,30,0.7,25,0.52,26.25,,,25,0.52,,,3.21,26.5,7.25
Pf85863f4bd,,23.69,,8.0,9.25,11.34,35.0,,30,0.8,25,0.44,28.25,,,25,0.6,,,3.19,28.5,3.75
P659b205e3c,,19.56,,8.0,8.25,11.54,32.5,,30,0.767,25,0.76,24.75,,,25,0.68,,,3.49,27.0,0.75
P2c7c71307b,,25.74,,8.5,9.0,10.86,36.5,3.08,30,0.733,25,0.64,26.75,,,25,0.64,,,2.94,30.0,5.25
Pa813594724,,24.42,,8.25,9.5,11.04,39.0,,,,,,24.75,,,,,,,3.35,32.0,1.75
P84e9dcbb3e,,26.55,,9.5,10.0,11.01,40.0,3.01,30,0.633,,,27.75,,,25,0.24,,,3.15,35.0,7.5
P7075ac01b8,,28.77,,8.75,9.75,11.39,32.0,3.23,30,0.5,25,0.44,28.0,,,25,0.56,,,3.33,28.5,6.25
P6b4a74f110,,22.59,,8.0,9.25,11.71,36.0,,,,,,26.25,,,,,,,3.26,29.0,3.5
Pdd1f325a63,,24.83,,9.0,10.0,10.7,33.0,3.19,30,0.7,25,0.52,28.0,,,25,0.6,,,3.41,28.5,5.5
Pbf5a7a4d5b,,26.19,,9.25,10.0,11.24,35.5,,,,,,26.5,,,,,,,3.31,30.5,4.25
Pa6029bb5a6,,24.85,,8.5,9.0,,,,,,,,25.5,,,,,,,,,5.0
P96b57657ed,,24.66,,7.75,8.5,11.2,37.0,3.21,30,0.5,25,0.4,26.0,,,25,0.48,,,3.33,30.5,4.0
Pfdcf13c664,,23.42,,8.25,9.0,11.13,34.0,2.98,30,0.767,25,0.64,22.75,,,25,0.6,,,3.5,29.0,2.5
P1ccfa6c1ee,,27.3,,10.0,10.75,11.19,31.5,3.01,30,0.6,25,0.56,27.25,,,25,0.44,,,3.42,26.0,7.0
P7589e6b4d5,,25.3,,8.0,9.25,10.96,36.0,,30,0.7,25,0.68,24.0,,,25,0.56,,,3.24,31.0,3.5
P0fe65d2eb8,,22.09,,9.0,10.0,,,,,,,,28.25,,,,,,,,,5.0
P0b253c1504,,22.49,,8.25,8.75,,,,,,,,25.25,,,,,,,,,2.5
Pe60cc64195,,23.32,,9.25,10.25,11.27,36.0,,,,,,26.75,,,,,,,3.32,32.5,4.25
P4bbcd3bc18,,25.47,,8.75,9.0,11.2,34.0,3.03,30,0.433,25,0.6,27.25,,,25,0.72,,,3.25,27.5,4.25
Pf07b0c62fd,,26.19,,9.0,9.75,,,,,,,,24.25,,,,,,,,,6.0
P7200ebcdd8,,23.4,,8.5,10.0,11.39,37.0,,30,0.467,25,0.44,25.75,,,25,0.44,,,3.21,31.0,3.25
P737b0588be,,23.22,,8.25,9.5,10.83,39.5,,30,0.6,25,0.6,25.5,,,25,0.44,,,3.14,30.5,4.25
P396ba96b58,,26.24,,9.25,10.75,11.8,36.5,3.23,30,0.6,25,0.48,25.75,,,25,0.4,,,3.2,33.0,4.75
P3dd06c5ebd,,26.16,,8.5,9.5,11.21,39.0,,,,,,21.5,,,,,,,3.33,34.5,3.5
P07bb9cb58f,,29.04,,9.0,9.0,,,,,,,,27.0,,,,,,,,,8.0
P9b886526e3,,23.93,,8.25,8.5,11.14,35.0,3.13,,,,,26.5,,,,,,,3.33,30.5,3.5
P655613d84a,,23.79,,8.75,9.5,11.4,36.5,,,,,,26.25,,,,,,,3.43,32.5,5.75
Paf99c23c4d,,25.33,,8.5,9.0,11.65,37.0,,30,0.7,25,0.48,26.5,,,25,0.4,,,3.27,30.5,5.25
Pc074e62881,,26.09,,8.5,9.0,11.02,35.5,,30,0.833,25,0.64,28.0,,,25,0.64,,,3.15,31.5,6.25
P4d55024373,,27.23,,8.0,8.25,11.01,37.0,3.24,30,0.633,25,0.44,23.25,,,25,0.64,,,3.11,33.0,-0.25
P7c2cc1d590,,23.02,,8.5,9.25,11.43,36.5,3.21,30,0.533,25,0.32,27.0,,,25,0.52,,,3.17,32.0,7.25
Pae3adc3ef4,,22.05,,8.25,9.25,10.32,37.0,3.13,30,0.567,25,0.52,23.0,,,25,0.56,,,3.24,28.5,0.5
P47a1cc70a3,,23.52,,8.5,9.0,11.11,35.0,,,,,,26.25,,,,,,,3.3,29.5,4.0
P89e5a35bc7,,22.29,,8.5,9.0,11.09,43.0,,,,,,23.25,,,,,,,3.32,36.0,4.75
Pc4ba85a58f,,25.39,,8.5,7.5,11.91,33.0,3.41,30,0.5,25,0.56,24.5,,,25,0.64,,,3.35,28.5,5.25
P0db0d3c576,,24.97,,8.25,10.0,11.16,39.0,3.2,30,0.633,25,0.72,20.75,,,25,0.64,,,3.21,31.5,1.75
Pbcdd20a9f9,,24.08,,8.25,10.0,10.59,40.5,3.0,30,0.567,25,0.64,25.25,,,25,0.64,,,3.21,35.0,6.25
P71f8c1b48d,,22.32,,8.5,9.5,11.18,32.5,,,,,,28.0,,,,,,,3.43,27.5,8.0
Pe1411c667e,,28.86,,9.75,10.0,11.5,31.0,,30,0.633,25,0.44,29.25,,,25,0.56,,,3.31,28.5,7.5
P26ad072598,,25.63,,8.75,9.5,10.68,35.0,,30,0.8,25,0.8,26.25,,,25,0.8,,,3.43,27.0,5.75
P086a09588e,,25.51,,8.75,8.5,,,,,,,,22.25,,,,,,,,,3.0
P2a6c79e3dc,,22.92,,8.5,9.5,10.88,35.5,2.98,30,0.733,25,0.56,22.75,,,25,0.6,,,3.17,29.5,2.5
P0e1f032d1f,,25.28,,9.0,9.0,11.26,33.0,,30,0.4,25,0.68,27.5,,,25,0.64,,,3.29,29.0,5.25
P1999b4880f,,24.91,,8.5,8.5,,,,,,,,25.75,,,,,,,,,6.25
P9180c4596b,,25.38,,8.75,9.25,,,,,,,,26.25,,,,,,,,,6.25
Pe275ca2256,,26.22,,9.0,10.0,10.93,30.5,,30,0.667,25,0.48,27.75,,,25,0.36,,,3.34,26.0,5.0
Pe8ffde2213,,28.39,,9.75,10.25,12.26,32.5,,30,0.6,25,0.48,28.75,,,25,0.32,,,3.32,29.5,8.25
Pa12a517258,,25.31,,9.0,10.5,11.17,30.5,,30,0.6,25,0.28,27.25,,,25,0.36,,,3.5,23.5,2.25
Pf9f33f79e7,,22.66,,9.0,10.25,11.71,30.5,3.16,30,0.7,25,0.44,27.75,,,25,0.68,,,3.43,26.0,3.25
P7bf5b1ca03,,28.36,,9.0,10.0,10.89,38.0,,,,,,26.0,,,,,,,3.2,34.5,8.0
Pf0ef0714b6,,24.72,,8.5,9.25,10.82,36.0,,,,,,26.5,,,,,,,3.34,28.0,6.0
Pe356195976,,23.72,,8.75,8.5,10.83,36.0,,30,0.633,25,0.48,29.25,,,25,0.68,,,3.3,33.0,8.0
Pd742da0a27,,25.26,,8.5,10.0,,,,,,,,25.75,,,,,,,,,4.5
P1e59a7a7a1,,27.33,,8.0,8.25,10.82,40.5,3.33,,,,,25.75,,,,,,,3.2,31.5,2.75
P18c14dbf8f,,26.94,,8.25,9.0,11.26,35.0,3.15,30,0.6,25,0.56,22.0,,,25,0.36,,,3.2,31.5,2.5
Pd5f2794063,,22.6,,8.25,9.5,10.93,37.0,,30,0.767,25,0.68,23.0,,,25,0.4,,,3.22,32.5,4.25
P66484e16cb,,24.19,,9.0,10.0,11.14,32.0,3.0,30,0.7,25,0.6,26.25,,,25,0.72,,,3.16,25.0,3.25
Pa5d4a8fef6,,21.24,,8.5,9.25,10.73,38.0,2.9,30,0.567,25,0.52,24.75,,,25,0.48,,,3.09,31.0,1.25
P424c3aa3f2,,23.87,,8.5,9.25,11.28,36.5,2.99,30,0.7,25,0.52,23.25,,,25,0.8,,,3.16,28.5,4.25
P32ff4229d3,,24.61,,8.75,9.0,10.63,42.0,2.9,30,0.667,25,0.68,23.75,,,25,0.6,,,2.87,35.0,6.5
P2a77fa93f7,,24.58,,8.75,8.75,10.93,37.0,2.91,30,0.567,25,0.72,24.5,,,25,0.44,,,3.19,28.5,3.5
Pb1c5565b99,,24.15,,9.25,10.25,11.74,35.5,2.84,30,0.433,25,0.48,26.75,,,25,0.4,,,3.1,29.0,5.75
Pcf591b3097,,22.87,,8.0,8.0,11.07,35.5,2.95,30,0.567,25,0.44,25.0,,,25,0.56,,,3.07,32.5,3.5
P318e86822c,,23.8,,8.25,8.5,10.87,35.5,2.96,30,0.733,25,0.44,25.25,,,25,0.56,,,3.07,31.0,2.75
Pb0cd5d409b,,26.96,,10.0,10.25,12.06,29.0,3.38,30,0.633,25,0.4,29.25,,,25,0.56,,,3.46,25.5,5.0
P429241cb33,,25.91,,8.5,9.0,10.77,34.0,2.9,30,0.433,25,0.36,23.0,,,25,0.6,,,3.04,30.0,2.25
P13f5a8ca49,,23.67,,9.0,9.5,10.81,35.5,2.82,30,0.567,25,0.6,24.25,,,25,0.48,,,3.09,28.5,2.0
Pe79de9d05b,,23.96,,8.5,9.0,11.84,36.0,2.94,,,,,27.75,,,,,,,3.21,29.0,1.25
P816913601a,,27.2,,9.25,10.0,11.55,33.0,3.04,30,0.533,,,29.0,,,25,0.48,,,3.23,27.0,8.0
P0d7bcc4d57,,24.52,,9.0,9.75,10.99,38.5,2.88,30,0.367,25,0.4,24.75,,,25,0.32,,,3.12,32.0,7.25
Pdbf2a4e286,,24.2,,8.75,8.75,12.07,32.5,3.22,30,0.367,25,0.48,24.5,,,25,0.6,,,3.18,28.0,4.0
P0e202d21b8,,23.8,,9.25,10.0,11.24,35.5,3.23,30,0.667,25,0.36,27.5,,,25,0.56,,,3.33,30.5,5.5
P2bc6f2a3aa,,23.59,,8.75,9.5,11.43,32.5,2.93,30,0.567,25,0.56,24.25,,,25,0.44,,,3.19,27.0,-0.25
P8cc9424d6a,,22.98,,8.75,9.5,11.01,42.0,3.0,30,0.667,25,0.56,22.0,,,25,0.56,,,3.13,34.5,1.75
P7572949d92,,23.73,,8.75,10.0,10.99,35.0,3.04,30,0.433,25,0.48,28.75,,,25,0.48,,,3.26,30.5,6.75
P35654567c0,,21.0,,8.0,9.5,11.15,32.0,3.17,30,0.633,25,0.36,25.0,,,25,0.72,,,3.2,25.5,0.5
Pf4a65045a1,,23.52,,9.0,10.25,11.9,32.0,2.91,30,0.567,25,0.64,26.0,,,25,0.52,,,3.32,27.0,3.25
P218d8c92b9,,26.15,,9.0,9.75,11.76,39.5,3.01,30,0.567,25,0.48,23.25,,,25,0.52,,,3.35,32.5,5.25
P8b3507dca4,,25.28,,9.25,10.25,,,,,,,,28.25,,,,,,,,,3.75
P9fc884bebd,,23.5,,9.0,10.0,11.25,39.5,3.12,30,0.367,25,0.44,23.0,,,25,0.28,,,3.09,35.0,1.5
P3bedf956bf,,27.52,,9.0,10.25,11.36,35.0,2.94,30,0.567,25,0.52,25.25,,,25,0.64,,,3.17,29.0,7.0
Pf7cf72315c,,27.38,,8.5,9.5,10.96,40.5,3.02,30,0.5,25,0.76,25.0,,,25,0.64,,,3.09,32.0,5.75
Pa306b38c4f,,25.72,,9.25,10.75,11.38,42.0,3.02,30,0.533,25,0.44,24.75,,,25,0.4,,,3.03,31.5,4.0
P7070c905f3,,20.19,,8.5,8.5,10.76,38.0,2.87,30,0.6,25,0.48,25.75,,,25,0.4,,,3.15,29.0,4.25
P1a8fd8dc98,,28.45,,9.0,9.25,11.08,33.5,2.82,30,0.833,25,0.56,24.0,,,25,0.68,,,3.25,26.5,6.5
Pd3ead775c1,,25.98,,9.25,10.25,11.49,35.0,3.0,30,0.533,25,0.64,28.25,,,25,0.52,,,3.38,29.0,7.25
Pdf5a3388b3,,22.88,,8.75,10.0,11.49,32.5,3.21,30,0.6,25,0.48,25.75,,,25,0.68,,,3.23,26.5,2.25
P7a95b991f4,,25.0,,8.5,9.5,10.56,39.0,2.79,30,0.667,25,0.72,26.25,,,25,0.84,,,3.07,31.0,3.75
Pd1401169e8,,25.76,,8.25,9.5,10.97,34.0,3.08,30,0.667,25,0.64,21.75,,,25,0.68,,,3.27,27.0,1.5
Pb1001f743e,,25.02,,8.75,10.25,11.15,38.0,2.91,30,0.7,25,0.48,24.75,,,25,0.68,,,3.06,30.5,2.25
Pa3f4257d20,,26.09,,8.25,9.5,10.87,33.0,3.07,30,0.633,25,0.48,24.0,,,25,0.76,,,3.23,25.5,1.5
Pd62847824a,,24.24,,8.75,9.5,,,,,,,,25.75,,,,,,,,,3.75
P523c7506e7,,23.55,,9.5,10.0,11.45,38.5,3.12,30,0.433,25,0.48,26.75,,,25,0.52,,,3.12,31.0,3.25
P470eca3f49,,24.46,,8.5,8.5,11.12,33.5,2.95,30,0.8,25,0.64,25.75,,,25,0.48,,,3.11,28.0,3.0
Pafffac98b2,,24.94,,8.75,8.75,11.14,37.5,3.07,30,0.467,25,0.56,30.25,,,25,0.36,,,3.02,31.5,7.75
P82e84aa110,,23.81,,8.5,9.0,10.96,32.5,2.84,30,0.633,25,0.68,24.75,,,25,0.64,,,3.24,25.0,3.5
P0bcbee5c83,,24.35,,9.25,10.0,11.48,27.0,3.03,30,0.7,25,0.56,28.0,,,25,0.64,,,3.4,24.0,2.5
P0edbaa5011,,22.42,,9.0,10.0,11.44,36.0,3.16,30,0.7,25,0.64,24.0,,,25,0.68,,,3.14,29.0,3.75
P23152d31e2,,21.11,,8.5,8.75,11.51,31.0,2.97,,,,,26.5,,,,,,,3.38,25.0,1.0
P58407301c7,,23.44,,8.5,9.75,11.45,32.0,3.05,,,,,29.25,,,,,,,3.37,27.5,4.75
Pf38ea886b7,,22.22,,8.5,9.75,10.99,37.5,2.94,30,0.733,25,0.48,24.25,,,25,0.48,,,3.22,31.0,6.25
Pa0366802b4,,24.34,,8.5,9.0,11.57,28.0,2.84,30,0.567,25,0.48,25.75,,,25,0.64,,,3.43,22.0,1.75
Pfd3b474513,,23.15,,9.25,9.75,10.89,32.0,2.94,30,0.8,25,0.4,24.25,,,25,0.88,,,3.09,27.5,2.0
P8d3b3436aa,,25.76,,8.0,8.75,10.96,37.5,3.25,30,0.867,25,0.64,21.75,,,25,0.76,,,3.28,31.0,3.25
Pbdde11b624,,27.04,,8.25,8.75,10.87,37.5,2.87,30,0.6,25,0.44,23.75,,,25,0.44,,,2.94,30.0,2.75
P473649a3ff,,23.47,,7.75,9.0,10.96,42.0,3.03,30,0.567,25,0.6,19.75,,,25,0.68,,,3.08,32.5,1.5
P367a636ba4,,25.18,,8.25,9.25,10.49,40.5,2.98,30,0.533,25,0.48,21.25,,,25,0.6,,,3.24,32.5,4.25
P68ff50da96,,23.98,,8.5,9.0,10.74,38.0,2.99,30,0.3,25,0.56,24.0,,,25,0.56,,,3.28,32.0,4.0
P4b73f3a250,,25.22,,8.5,9.75,11.07,30.5,3.0,30,0.867,25,0.72,23.5,,,25,0.6,,,3.35,23.0,2.0
P2382218b2e,,22.38,,9.0,10.0,11.63,32.5,3.54,30,0.567,25,0.52,28.75,,,25,0.64,,,3.43,27.5,6.25
Pd018d62aee,,23.61,,8.0,9.0,,,,,,,,24.25,,,,,,,,,-0.25
Pf120e8dc11,,25.54,,8.25,9.5,11.13,36.5,3.06,30,0.667,25,0.72,25.0,,,25,0.72,,,3.12,29.5,2.5
P9f04775c7a,,23.89,,8.75,9.75,11.0,38.5,2.92,30,0.767,25,0.4,26.25,,,25,0.68,,,3.04,30.5,5.75
Pada60a9da7,,23.05,,9.5,10.25,10.97,36.0,2.91,30,0.533,25,0.36,28.75,,,25,0.44,,,3.29,32.5,4.75
P75527a2d8c,,25.45,,9.25,9.75,11.19,37.0,3.21,30,0.533,25,0.72,25.5,,,25,0.64,,,3.14,31.5,6.25
P0f6f43de8d,,23.52,,8.25,9.25,11.28,36.0,3.03,30,0.733,25,0.6,25.0,,,25,0.72,,,3.08,27.5,0.75
Pa245962e52,,20.35,,8.25,9.0,11.17,35.5,2.93,30,0.767,25,0.44,24.5,,,25,0.44,,,3.06,31.0,6.5
P12ee990c18,,22.56,,8.5,9.0,10.97,34.5,2.78,30,0.7,25,0.48,27.5,,,25,0.72,,,3.12,27.5,5.0
Pdde13713ff,,24.55,,9.75,10.0,11.44,32.5,2.97,,,,,29.0,,,,,,,3.45,28.5,6.5
Pf25d15a954,,23.47,,8.5,9.25,11.4,34.0,3.23,30,0.7,25,0.6,23.75,,,25,0.76,,,3.31,27.5,-0.5
Pad9c27fcb6,,26.56,,9.25,10.25,11.52,28.0,3.23,30,0.633,25,0.56,27.25,,,25,0.6,,,3.37,24.5,3.0
Pf4e651b50c,,24.5,,8.5,9.5,11.25,39.5,3.14,30,0.367,25,0.52,27.5,,,25,0.64,,,3.07,30.5,5.25
P8048267828,,25.55,,8.25,9.75,10.52,37.0,2.81,30,0.667,25,0.68,23.5,,,25,0.8,,,3.14,29.5,2.0
P7ba2fa977b,,25.09,,9.25,10.0,10.97,38.5,3.02,30,0.767,25,0.68,28.75,,,25,0.72,,,3.06,32.5,9.0
P1a135db58f,,21.74,,8.25,9.25,11.31,32.0,2.93,30,0.467,25,0.56,25.25,,,25,0.68,,,3.33,26.5,2.0
P4e09db2338,,23.51,,8.5,9.5,11.27,38.5,2.93,30,0.667,25,0.48,25.5,,,25,0.48,,,3.2,30.0,3.5
P32fecc73d2,,21.33,,8.97,10.62,10.7,,,,,,,28.0,,,,,,,3.1,,3.0
P5f9ce00466,,22.75,,8.25,9.25,10.95,36.5,3.09,30,0.633,25,0.6,24.0,,,25,0.56,,,3.05,32.5,2.75
P3d8ccdb639,,24.43,,8.75,9.75,10.64,35.5,2.92,30,0.7,25,0.6,26.75,,,25,0.64,,,3.3,29.0,4.25
P43b2e2aa2f,,25.37,,9.5,9.5,10.95,32.5,2.72,30,0.5,25,0.36,28.75,,,25,0.64,,,3.24,27.0,9.0
Pcb59681372,,25.25,,9.5,11.75,11.76,30.0,2.95,30,0.467,25,0.32,27.0,,,25,0.56,,,3.53,26.5,5.25
P6ddd309f80,,25.57,,10.25,9.0,10.91,,,,,,,23.25,,,,,,,3.27,,4.5
Pf3b62cae3c,,25.61,,9.25,9.25,11.07,36.5,3.05,30,0.633,25,0.6,25.5,,,25,0.64,,,3.16,30.5,6.0
Pf54bd6bbc8,,24.49,,8.5,9.75,10.99,35.0,2.82,30,0.533,25,0.64,22.75,,,25,0.68,,,3.22,28.5,3.0
P155e770e32,,26.14,,8.25,9.25,10.91,39.5,2.93,30,0.7,25,0.68,23.5,,,25,0.6,,,2.97,32.0,2.0
P3ee6bf444e,,22.72,,8.5,8.0,10.49,37.5,3.11,30,0.733,25,0.64,24.25,,,25,0.68,,,3.28,32.0,5.5
P495dd3afc8,,25.13,,8.25,8.5,11.42,31.5,3.11,30,0.667,25,0.64,25.25,,,25,0.76,,,3.27,24.5,2.75
Pa29e5f68db,,25.05,,9.25,11.25,12.05,33.0,3.1,30,0.633,25,0.6,27.0,,,25,0.6,,,3.34,29.0,5.0
P07268bf0e1,,25.97,,8.5,9.75,11.92,36.5,2.92,30,0.733,25,0.64,24.5,,,25,0.8,,,3.35,31.5,1.25
Pc0a66d6cca,,25.21,,8.5,9.75,10.53,39.0,2.96,30,0.667,25,0.68,25.75,,,25,0.8,,,3.12,33.0,5.25
Pad2abbabb5,,25.45,,9.25,10.0,11.68,31.5,3.09,30,0.767,25,0.64,28.0,,,25,0.6,,,3.32,25.5,7.5
P0eb002afb8,,24.42,,9.0,10.0,11.24,38.0,2.98,30,0.733,25,0.52,25.75,,,25,0.56,,,3.13,31.5,4.75
Pb9eccb67f7,,24.74,,9.75,10.25,12.05,30.0,3.44,30,0.5,25,0.48,29.25,,,25,0.48,,,3.5,24.0,6.0
P3651ab0a99,,22.02,,8.25,9.75,11.4,27.5,2.96,,,,,27.5,,,,,,,3.43,24.0,1.0
P41ae7c3c75,,27.12,,8.25,9.25,11.06,38.0,3.05,30,0.5,25,0.6,26.0,,,25,0.76,,,3.11,29.5,6.0
Padf63a93ad,,24.33,,8.75,10.0,11.11,36.5,2.75,30,0.8,25,0.6,20.75,,,25,0.68,,,3.16,30.5,1.75
P5699f03b57,,27.29,,8.5,10.25,11.21,34.5,2.86,30,0.733,25,0.4,27.5,,,25,0.28,,,3.15,29.5,6.25
P6146f5260f,,24.03,,9.0,9.75,10.51,30.0,2.58,30,0.5,25,0.4,27.0,,,25,0.48,,,3.23,27.0,2.0
P694212af03,,24.52,,9.5,8.25,11.5,32.5,2.88,,,,,23.0,,,,,,,3.22,26.5,3.25
Pcb16689c6c,,23.98,,9.25,10.0,10.95,36.5,2.78,30,0.367,25,0.56,26.5,,,25,0.44,,,3.26,29.5,2.25
P070f8d3585,,24.61,,9.5,9.0,11.45,37.0,2.84,,,,,27.75,,,,,,,3.2,33.5,4.0
Pb74dcb5e35,,24.82,,10.0,9.0,11.9,31.0,3.0,,,,,26.75,,,,,,,3.45,23.5,2.5
P8d0ea24592,,25.71,,8.5,9.5,10.92,35.0,2.88,30,0.533,25,0.48,25.25,,,25,0.56,,,3.19,27.5,4.25
Pd4c3f94c64,,24.29,,8.5,8.75,10.9,35.5,3.06,30,0.6,25,0.48,22.75,,,25,0.48,,,3.13,30.5,1.0
Pdec9ef7c46,,27.07,,8.25,9.75,11.7,31.0,3.13,,,,,27.25,,,,,,,3.34,25.0,4.25
P81fe4dcd33,,21.97,,8.5,9.0,11.46,32.5,3.14,30,0.8,25,0.6,24.75,,,25,0.52,,,3.16,28.5,3.5
P9b4a07a3b9,,23.61,,8.75,10.0,10.71,43.0,2.79,30,0.7,25,0.44,25.75,,,25,0.4,,,3.07,37.5,6.75
P49b4c451ec,,22.15,,8.25,9.0,10.75,36.5,3.0,30,0.667,25,0.56,24.25,,,25,0.48,,,3.19,30.5,3.0
P15b8c13058,,26.39,,9.0,9.5,12.45,28.0,3.27,30,0.533,25,0.44,28.25,,,25,0.52,,,3.52,23.5,3.25
P24c85e006b,,23.45,,9.0,10.25,11.31,31.5,3.16,30,0.567,25,0.64,25.75,,,25,0.4,,,3.23,28.0,1.0
P679974836f,,23.86,,8.5,9.5,10.97,38.0,3.08,30,0.867,25,0.56,26.0,,,25,0.72,,,3.22,30.5,5.5
P884e8ee6b6,,20.26,,8.5,9.0,11.73,32.0,3.08,30,0.867,25,0.52,23.75,,,25,0.64,,,3.21,27.5,0.5
Pfc563b417e,,22.89,,8.5,9.25,10.95,36.0,3.0,30,0.767,25,0.56,24.0,,,25,0.6,,,3.19,30.0,1.25
Pec8256037d,,22.99,,9.44,8.07,11.1,,,,,,,22.0,,,,,,,3.2,,2.7
P95c84fe799,,24.96,,8.0,9.75,11.35,34.5,3.06,30,0.7,25,0.72,22.75,,,25,0.6,,,3.21,29.5,1.5
Pc2ef5dcf11,,25.06,,8.25,9.75,10.74,40.5,2.87,30,0.667,25,0.68,23.0,,,25,0.68,,,3.07,33.0,3.75
P3f654a33fe,,27.99,,8.5,9.0,,,,,,,,27.75,,,,,,,,,8.75
P259fbebd69,,25.07,,9.0,10.25,,,,,,,,26.25,,,,,,,,,5.75
P16dc90cb0b,,25.28,,9.0,9.5,11.14,37.0,3.21,30,0.7,25,0.72,25.75,,,25,0.64,,,3.2,30.0,4.25
Pd8f68848a0,,21.87,,7.75,9.25,10.75,34.0,2.85,,,,,26.5,,,,,,,3.26,28.0,5.0
P307cead4af,,26.01,,9.25,9.75,11.26,30.0,2.91,30,0.533,25,0.4,26.5,,,25,0.76,,,3.51,24.0,3.75
Pb7270acc46,,23.87,,9.0,9.75,11.92,31.5,3.0,30,0.467,25,0.52,27.5,,,25,0.24,,,3.48,27.5,1.75
