pid,draft_year,site,rank,ts
P0fde3dedb2,2016,tankathon,1,20160620154309
P117a6c6fb1,2016,tankathon,2,20160620154309
P47380ec945,2016,tankathon,3,20160620154309
P53f786523f,2016,tankathon,4,20160620154309
P4ec4ee54f1,2016,tankathon,5,20160620154309
Pf9ebd1b271,2016,tankathon,6,20160620154309
P8a2a3c7c07,2016,tankathon,7,20160620154309
P9155961dd2,2016,tankathon,8,20160620154309
P9264b6e63a,2016,tankathon,9,20160620154309
P88f4dbf943,2016,tankathon,10,20160620154309
Pd856e50561,2016,tankathon,11,20160620154309
P9668122fb9,2016,tankathon,12,20160620154309
P07954fea73,2016,tankathon,13,20160620154309
Pf93789f1b5,2016,tankathon,14,20160620154309
P620501ed0d,2016,tankathon,15,20160620154309
P6f92e02de4,2016,tankathon,16,20160620154309
P88064c1c05,2016,tankathon,17,20160620154309
Pa466887b08,2016,tankathon,18,20160620154309
P1a32cd4176,2016,tankathon,19,20160620154309
P4b59f5fe56,2016,tankathon,20,20160620154309
Pd50459cb6d,2016,tankathon,21,20160620154309
Pc1c99fe2be,2016,tankathon,22,20160620154309
Pc5a8d9d1d6,2016,tankathon,23,20160620154309
P4a1b07df85,2016,tankathon,24,20160620154309
P0edb7d3b99,2016,tankathon,25,20160620154309
Pfa4c05beee,2016,tankathon,26,20160620154309
P64adb31e4d,2016,tankathon,27,20160620154309
Pbfe4edf289,2016,tankathon,28,20160620154309
P25bfc6427b,2016,tankathon,29,20160620154309
Pd7c989b67a,2016,tankathon,30,20160620154309
P85fbcb1dce,2016,tankathon,31,20160620154309
Pddcf4609af,2016,tankathon,32,20160620154309
P9260f65add,2016,tankathon,33,20160620154309
P83cf60968a,2016,tankathon,34,20160620154309
Pf5fb4e36b6,2016,tankathon,35,20160620154309
Pe2eac4ddf4,2016,tankathon,36,20160620154309
Pcf60b82b9d,2016,tankathon,37,20160620154309
P9c2d575f48,2016,tankathon,38,20160620154309
Pb3a7a6f86b,2016,tankathon,39,20160620154309
P55f0d03e7b,2016,tankathon,40,20160620154309
Pf20205fffb,2016,tankathon,41,20160620154309
Pf8b83ac1f0,2016,tankathon,42,20160620154309
Pd5a40a7ee0,2016,tankathon,43,20160620154309
Pa7cb2c7354,2016,tankathon,44,20160620154309
P8935abbbb4,2016,tankathon,45,20160620154309
P55d1c5e102,2016,tankathon,46,20160620154309
P8e900c2247,2016,tankathon,47,20160620154309
Pfd95ad31d4,2016,tankathon,48,20160620154309
Pa307fde308,2016,tankathon,49,20160620154309
Pd46f6361f5,2016,tankathon,50,20160620154309
Paca468f5b5,2016,tankathon,51,20160620154309
Pa8fc4b7ad7,2016,tankathon,52,20160620154309
Pc00908f11e,2016,tankathon,53,20160620154309
P0fde3dedb2,2016,cbs,1,20160621004631
P117a6c6fb1,2016,cbs,2,20160621004631
Pf9ebd1b271,2016,cbs,3,20160621004631
P53f786523f,2016,cbs,4,20160621004631
P47380ec945,2016,cbs,5,20160621004631
P4ec4ee54f1,2016,cbs,6,20160621004631
P9155961dd2,2016,cbs,7,20160621004631
P8a2a3c7c07,2016,cbs,8,20160621004631
P88f4dbf943,2016,cbs,9,20160621004631
P9264b6e63a,2016,cbs,10,20160621004631
P9668122fb9,2016,cbs,11,20160621004631
Pd856e50561,2016,cbs,12,20160621004631
P1a32cd4176,2016,cbs,13,20160621004631
P07954fea73,2016,cbs,14,20160621004631
P620501ed0d,2016,cbs,15,20160621004631
Pf93789f1b5,2016,cbs,16,20160621004631
P88064c1c05,2016,cbs,17,20160621004631
P6f92e02de4,2016,cbs,18,20160621004631
P64adb31e4d,2016,cbs,19,20160621004631
Pa466887b08,2016,cbs,20,20160621004631
Pbfe4edf289,2016,cbs,21,20160621004631
P25bfc6427b,2016,cbs,22,20160621004631
Pc5a8d9d1d6,2016,cbs,23,20160621004631
P4b59f5fe56,2016,cbs,24,20160621004631
Pc1c99fe2be,2016,cbs,25,20160621004631
Pddcf4609af,2016,cbs,26,20160621004631
Pd50459cb6d,2016,cbs,27,20160621004631
P0edb7d3b99,2016,cbs,28,20160621004631
Pfa4c05beee,2016,cbs,29,20160621004631
Pd5a40a7ee0,2016,cbs,30,20160621004631
P25e61f80f8,2017,tankathon,1,20170620185707
P6e7d02b021,2017,tankathon,2,20170620185707
Pe56ae9c7aa,2017,tankathon,3,20170620185707
P8a2034c01d,2017,tankathon,4,20170620185707
P6f43cf2ee3,2017,tankathon,5,20170620185707
P4a000d48b0,2017,tankathon,6,20170620185707
Pe3864f9800,2017,tankathon,7,20170620185707
P46cfb45fde,2017,tankathon,8,20170620185707
Pbe6ed6fd51,2017,tankathon,9,20170620185707
Pf62abcdcde,2017,tankathon,10,20170620185707
P1e22570fac,2017,tankathon,11,20170620185707
Pe6fe5c747b,2017,tankathon,12,20170620185707
P49d50fc2b5,2017,tankathon,13,20170620185707
P3e0fd9667f,2017,tankathon,14,20170620185707
P71b16faf7a,2017,tankathon,15,20170620185707
P2c3a1eb46b,2017,tankathon,16,20170620185707
Pdb3bcb3fc8,2017,tankathon,17,20170620185707
P0af0ac79ae,2017,tankathon,18,20170620185707
Pd808e1b5f8,2017,tankathon,19,20170620185707
Pcc7ddb9ab9,2017,tankathon,20,20170620185707
P54d4de841c,2017,tankathon,21,20170620185707
P2ad4235514,2017,tankathon,22,20170620185707
Pf781dda14b,2017,tankathon,23,20170620185707
P16938f3fa9,2017,tankathon,24,20170620185707
P24e5e8b7dc,2017,tankathon,25,20170620185707
P2e6be7d23b,2017,tankathon,26,20170620185707
P1ea9c7c88d,2017,tankathon,27,20170620185707
Pf18fe42b62,2017,tankathon,28,20170620185707
P204a101867,2017,tankathon,29,20170620185707
Pe5fb05fea3,2017,tankathon,30,20170620185707
P10187f6389,2017,tankathon,31,20170620185707
Pa76a1ce248,2017,tankathon,32,20170620185707
P551a484de7,2017,tankathon,33,20170620185707
Pc4f84bc197,2017,tankathon,34,20170620185707
Pc32fe4a167,2017,tankathon,35,20170620185707
Pa79b34cca8,2017,tankathon,36,20170620185707
P459acdec33,2017,tankathon,37,20170620185707
P63f00af37c,2017,tankathon,38,20170620185707
P964dd1e5f4,2017,tankathon,39,20170620185707
P032d23c9d9,2017,tankathon,40,20170620185707
P38e6db5ca1,2017,tankathon,41,20170620185707
P74d19df6a2,2017,tankathon,42,20170620185707
Pdb78b3595b,2017,tankathon,43,20170620185707
P2acab9acdb,2017,tankathon,44,20170620185707
P5351e63d76,2017,tankathon,45,20170620185707
P0d567b6867,2017,tankathon,46,20170620185707
Pea59b43adb,2017,tankathon,47,20170620185707
Pba3a4faeb9,2017,tankathon,48,20170620185707
P9d178fdf5d,2017,tankathon,49,20170620185707
P5f230da818,2017,tankathon,50,20170620185707
P58604dcdcf,2017,tankathon,51,20170620185707
P86ef73625c,2017,tankathon,52,20170620185707
P1804943702,2017,tankathon,53,20170620185707
Pfaef4e4fa0,2017,tankathon,54,20170620185707
P00e7133fc6,2019,tankathon,1,20190616053045
Pfe4fcea486,2019,tankathon,2,20190616053045
Pa9cae64430,2019,tankathon,3,20190616053045
Pbc4309c829,2019,tankathon,4,20190616053045
P846172a369,2019,tankathon,5,20190616053045
P297d12820e,2019,tankathon,6,20190616053045
P43dec358d1,2019,tankathon,7,20190616053045
P2f61c21e93,2019,tankathon,8,20190616053045
P9540818d9f,2019,tankathon,9,20190616053045
Ped6b9a1a7c,2019,tankathon,10,20190616053045
Peecc71d248,2019,tankathon,11,20190616053045
P273938bb97,2019,tankathon,12,20190616053045
P4a79c6caeb,2019,tankathon,13,20190616053045
P5277c76d51,2019,tankathon,14,20190616053045
P6a5f6ac2d8,2019,tankathon,15,20190616053045
P714602a9aa,2019,tankathon,16,20190616053045
P6f1d3c64d2,2019,tankathon,17,20190616053045
Pbea2d75e26,2019,tankathon,18,20190616053045
Pa4c28f80ad,2019,tankathon,19,20190616053045
Pba03162225,2019,tankathon,20,20190616053045
P4ebfdd4833,2019,tankathon,21,20190616053045
Pb14f594f0a,2019,tankathon,22,20190616053045
P9b3e496395,2019,tankathon,23,20190616053045
P023bbe5ec1,2019,tankathon,24,20190616053045
P4832cf3ea3,2019,tankathon,25,20190616053045
P8209ad6040,2019,tankathon,26,20190616053045
Pd17e70140c,2019,tankathon,27,20190616053045
P5cd98708f1,2019,tankathon,28,20190616053045
Pe661d7acde,2019,tankathon,29,20190616053045
Pb16e641fe9,2019,tankathon,30,20190616053045
Pb15c668c3a,2019,tankathon,31,20190616053045
P37457bff4f,2019,tankathon,32,20190616053045
P14a01dedf9,2019,tankathon,33,20190616053045
Pf1b3205a09,2019,tankathon,34,20190616053045
P5c11762ec9,2019,tankathon,35,20190616053045
P7c5888ec9d,2019,tankathon,36,20190616053045
P2f4b26e6e1,2019,tankathon,37,20190616053045
P90a39c14ab,2019,tankathon,38,20190616053045
P7ff4af5e7c,2019,tankathon,39,20190616053045
P027da49c30,2019,tankathon,40,20190616053045
P519f028bfb,2019,tankathon,41,20190616053045
P2084d7c5fc,2019,tankathon,42,20190616053045
P6b5b70ee01,2019,tankathon,43,20190616053045
P6a3fce0af3,2019,tankathon,44,20190616053045
P338a42b9d0,2019,tankathon,45,20190616053045
Pc1416b3728,2019,tankathon,46,20190616053045
P19aaf87bc8,2019,tankathon,47,20190616053045
P8df31bfe17,2019,tankathon,48,20190616053045
P1ddfe32e8c,2019,tankathon,49,20190616053045
Pd88f1bdac2,2019,tankathon,50,20190616053045
Pcb86ff794b,2019,tankathon,51,20190616053045
Pb69fbd28c6,2019,tankathon,52,20190616053045
P48e78aee32,2019,tankathon,53,20190616053045
P1a41a85440,2019,tankathon,54,20190616053045
P8534216773,2019,tankathon,55,20190616053045
P37457bff4f,2019,espn_ba2,1,20190608183050
Pb15c668c3a,2019,espn_ba2,2,20190608183050
P9b3e496395,2019,espn_ba2,3,20190608183050
P023bbe5ec1,2019,espn_ba2,4,20190608183050
P7ff4af5e7c,2019,espn_ba2,5,20190608183050
P4832cf3ea3,2019,espn_ba2,6,20190608183050
P5c11762ec9,2019,espn_ba2,7,20190608183050
P5cd98708f1,2019,espn_ba2,8,20190608183050
P14a01dedf9,2019,espn_ba2,9,20190608183050
P2084d7c5fc,2019,espn_ba2,10,20190608183050
Pf1b3205a09,2019,espn_ba2,11,20190608183050
P7c5888ec9d,2019,espn_ba2,12,20190608183050
P90a39c14ab,2019,espn_ba2,13,20190608183050
P47c5a2733b,2019,espn_ba2,14,20190608183050
P2f4b26e6e1,2019,espn_ba2,15,20190608183050
P027da49c30,2019,espn_ba2,16,20190608183050
P5a277fef0e,2019,espn_ba2,17,20190608183050
Pd00fce6a5a,2019,espn_ba2,18,20190608183050
P519f028bfb,2019,espn_ba2,19,20190608183050
P6b5b70ee01,2019,espn_ba2,20,20190608183050
Pf6db5ed983,2019,espn_ba2,21,20190608183050
Pfe4fcea486,2019,espn_ba2,22,20190608183050
Pa9cae64430,2019,espn_ba2,23,20190608183050
P00e7133fc6,2019,espn_ba2,24,20190608183050
P297d12820e,2019,espn_ba2,25,20190608183050
Pbc4309c829,2019,espn_ba2,26,20190608183050
P846172a369,2019,espn_ba2,27,20190608183050
P43dec358d1,2019,espn_ba2,28,20190608183050
P2f61c21e93,2019,espn_ba2,29,20190608183050
P9540818d9f,2019,espn_ba2,30,20190608183050
Ped6b9a1a7c,2019,espn_ba2,31,20190608183050
P6a5f6ac2d8,2019,espn_ba2,32,20190608183050
Pbea2d75e26,2019,espn_ba2,33,20190608183050
P4a79c6caeb,2019,espn_ba2,34,20190608183050
Peecc71d248,2019,espn_ba2,35,20190608183050
P714602a9aa,2019,espn_ba2,36,20190608183050
P4ebfdd4833,2019,espn_ba2,37,20190608183050
P8209ad6040,2019,espn_ba2,38,20190608183050
P6f1d3c64d2,2019,espn_ba2,39,20190608183050
P5277c76d51,2019,espn_ba2,40,20190608183050
P273938bb97,2019,espn_ba2,41,20190608183050
Pb14f594f0a,2019,espn_ba2,42,20190608183050
Pba03162225,2019,espn_ba2,43,20190608183050
Pa4c28f80ad,2019,espn_ba2,44,20190608183050
Pd17e70140c,2019,espn_ba2,45,20190608183050
Pb16e641fe9,2019,espn_ba2,46,20190608183050
P8df31bfe17,2019,espn_ba2,47,20190608183050
P6a3fce0af3,2019,espn_ba2,48,20190608183050
Pd88f1bdac2,2019,espn_ba2,49,20190608183050
P3022e1c032,2019,espn_ba2,50,20190608183050
P4797fb50d3,2019,espn_ba2,51,20190608183050
P1a41a85440,2019,espn_ba2,52,20190608183050
P338a42b9d0,2019,espn_ba2,53,20190608183050
P2c24c6affb,2019,espn_ba2,54,20190608183050
P76650bc6e2,2019,espn_ba2,55,20190608183050
P1d6fd5f29a,2019,espn_ba2,56,20190608183050
P484d9844af,2019,espn_ba2,57,20190608183050
Pd50729b5d0,2019,espn_ba2,58,20190608183050
P19aaf87bc8,2019,espn_ba2,59,20190608183050
Pefa2378416,2019,espn_ba2,60,20190608183050
P4f7a1b04a6,2019,espn_ba2,61,20190608183050
P8534216773,2019,espn_ba2,62,20190608183050
P00e7133fc6,2019,sportingnews,1,20190602200728
Pfe4fcea486,2019,sportingnews,2,20190602200728
Pa9cae64430,2019,sportingnews,3,20190602200728
P297d12820e,2019,sportingnews,4,20190602200728
Pbc4309c829,2019,sportingnews,5,20190602200728
P846172a369,2019,sportingnews,6,20190602200728
P2f61c21e93,2019,sportingnews,7,20190602200728
P43dec358d1,2019,sportingnews,8,20190602200728
Ped6b9a1a7c,2019,sportingnews,9,20190602200728
P9540818d9f,2019,sportingnews,10,20190602200728
Peecc71d248,2019,sportingnews,11,20190602200728
P6a5f6ac2d8,2019,sportingnews,12,20190602200728
Pbea2d75e26,2019,sportingnews,13,20190602200728
P4a79c6caeb,2019,sportingnews,14,20190602200728
P714602a9aa,2019,sportingnews,15,20190602200728
P6f1d3c64d2,2019,sportingnews,16,20190602200728
P273938bb97,2019,sportingnews,17,20190602200728
Pba03162225,2019,sportingnews,18,20190602200728
P4ebfdd4833,2019,sportingnews,19,20190602200728
P5c11762ec9,2019,sportingnews,20,20190602200728
P5277c76d51,2019,sportingnews,21,20190602200728
Pa4c28f80ad,2019,sportingnews,22,20190602200728
Pb14f594f0a,2019,sportingnews,23,20190602200728
P4832cf3ea3,2019,sportingnews,24,20190602200728
P023bbe5ec1,2019,sportingnews,25,20190602200728
Pd17e70140c,2019,sportingnews,26,20190602200728
Pb16e641fe9,2019,sportingnews,27,20190602200728
P14a01dedf9,2019,sportingnews,28,20190602200728
P5cd98708f1,2019,sportingnews,29,20190602200728
P37457bff4f,2019,sportingnews,30,20190602200728
P35f0fb7731,2020,tankathon,1,20201102061915
Pa430d00e1f,2020,tankathon,2,20201102061915
Pba698d642d,2020,tankathon,3,20201102061915
P3ff36ffdc1,2020,tankathon,4,20201102061915
P41612ab4e2,2020,tankathon,5,20201102061915
Pfe5913c014,2020,tankathon,6,20201102061915
P7699b7f669,2020,tankathon,7,20201102061915
P1388f2fd26,2020,tankathon,8,20201102061915
P6232d5a44f,2020,tankathon,9,20201102061915
Pb7d583a85a,2020,tankathon,10,20201102061915
Pd70c9ef8df,2020,tankathon,11,20201102061915
Pe6c9de6d86,2020,tankathon,12,20201102061915
P04526b8576,2020,tankathon,13,20201102061915
P272ac40c3c,2020,tankathon,14,20201102061915
P0df73941d8,2020,tankathon,15,20201102061915
P3c885ec031,2020,tankathon,16,20201102061915
P90a7395cb0,2020,tankathon,17,20201102061915
P842bafbfda,2020,tankathon,18,20201102061915
P0cd98a270c,2020,tankathon,19,20201102061915
P388cb0d5da,2020,tankathon,20,20201102061915
P289da7f9c1,2020,tankathon,21,20201102061915
Pa3fa433740,2020,tankathon,22,20201102061915
Pde7308c87b,2020,tankathon,23,20201102061915
Pe0b660d280,2020,tankathon,24,20201102061915
P87be528da0,2020,tankathon,25,20201102061915
P5be180758a,2020,tankathon,26,20201102061915
P32d7e7e1eb,2020,tankathon,27,20201102061915
P716f6175e4,2020,tankathon,28,20201102061915
P69f4c7679c,2020,tankathon,29,20201102061915
Pad0b972baf,2020,tankathon,30,20201102061915
P04282e0cbf,2020,tankathon,31,20201102061915
Pa7dbf13041,2020,tankathon,32,20201102061915
Pc2d24d5902,2020,tankathon,33,20201102061915
P429838957d,2020,tankathon,34,20201102061915
Pe237a28a37,2020,tankathon,35,20201102061915
P08bc96e9be,2020,tankathon,36,20201102061915
P1cf3ac09b1,2020,tankathon,37,20201102061915
P1f88525e9f,2020,tankathon,38,20201102061915
P866e6f90bf,2020,tankathon,39,20201102061915
Pb3e461d4cf,2020,tankathon,40,20201102061915
P9d5ce33ec0,2020,tankathon,41,20201102061915
P48772fff87,2020,tankathon,42,20201102061915
P076dcdb147,2020,tankathon,43,20201102061915
P9cddcdc1ad,2020,tankathon,44,20201102061915
P98391b949f,2020,tankathon,45,20201102061915
Pdc49b6ecb0,2020,tankathon,46,20201102061915
P170284fab5,2020,tankathon,47,20201102061915
P2ca61183dc,2020,tankathon,48,20201102061915
Pdc083a80a9,2020,tankathon,49,20201102061915
P8884c4fd03,2020,tankathon,50,20201102061915
P63236d3a70,2020,tankathon,51,20201102061915
Pf46613d969,2020,tankathon,52,20201102061915
Pceb9387e05,2020,tankathon,53,20201102061915
P34a08a87d4,2020,tankathon,54,20201102061915
P2b95cb9990,2020,tankathon,55,20201102061915
Pd3cfd798be,2020,tankathon,56,20201102061915
P539176b694,2020,tankathon,57,20201102061915
Pba698d642d,2020,cbs,1,20201117221601
P35f0fb7731,2020,cbs,2,20201117221601
P3ff36ffdc1,2020,cbs,3,20201117221601
Pa430d00e1f,2020,cbs,4,20201117221601
P41612ab4e2,2020,cbs,5,20201117221601
P1388f2fd26,2020,cbs,6,20201117221601
Pfe5913c014,2020,cbs,7,20201117221601
P7699b7f669,2020,cbs,8,20201117221601
P6232d5a44f,2020,cbs,9,20201117221601
P04526b8576,2020,cbs,10,20201117221601
Pd70c9ef8df,2020,cbs,11,20201117221601
Pe6c9de6d86,2020,cbs,12,20201117221601
P272ac40c3c,2020,cbs,13,20201117221601
P3c885ec031,2020,cbs,14,20201117221601
P0df73941d8,2020,cbs,15,20201117221601
P90a7395cb0,2020,cbs,16,20201117221601
Pb7d583a85a,2020,cbs,17,20201117221601
Pa3fa433740,2020,cbs,18,20201117221601
P388cb0d5da,2020,cbs,19,20201117221601
P716f6175e4,2020,cbs,20,20201117221601
P5be180758a,2020,cbs,21,20201117221601
Pe0b660d280,2020,cbs,22,20201117221601
P87be528da0,2020,cbs,23,20201117221601
Pde7308c87b,2020,cbs,24,20201117221601
P842bafbfda,2020,cbs,25,20201117221601
P04282e0cbf,2020,cbs,26,20201117221601
P289da7f9c1,2020,cbs,27,20201117221601
P1cf3ac09b1,2020,cbs,28,20201117221601
P69f4c7679c,2020,cbs,29,20201117221601
P1f88525e9f,2020,cbs,30,20201117221601
P0cd98a270c,2020,cbs,31,20201117221601
Pa7dbf13041,2020,cbs,32,20201117221601
Pad0b972baf,2020,cbs,33,20201117221601
P04282e0cbf,2020,espn_ba2,1,20201107224321
Pe0b660d280,2020,espn_ba2,2,20201107224321
P32d7e7e1eb,2020,espn_ba2,3,20201107224321
P1cf3ac09b1,2020,espn_ba2,4,20201107224321
P716f6175e4,2020,espn_ba2,5,20201107224321
P69f4c7679c,2020,espn_ba2,6,20201107224321
P1f88525e9f,2020,espn_ba2,7,20201107224321
P08bc96e9be,2020,espn_ba2,8,20201107224321
P5be180758a,2020,espn_ba2,9,20201107224321
P429838957d,2020,espn_ba2,10,20201107224321
Pe237a28a37,2020,espn_ba2,11,20201107224321
P48772fff87,2020,espn_ba2,12,20201107224321
Pf46613d969,2020,espn_ba2,13,20201107224321
Pdc49b6ecb0,2020,espn_ba2,14,20201107224321
P289da7f9c1,2020,espn_ba2,15,20201107224321
P9d5ce33ec0,2020,espn_ba2,16,20201107224321
P63236d3a70,2020,espn_ba2,17,20201107224321
Pad0b972baf,2020,espn_ba2,18,20201107224321
Pdc083a80a9,2020,espn_ba2,19,20201107224321
P9cddcdc1ad,2020,espn_ba2,20,20201107224321
P2ca61183dc,2020,espn_ba2,21,20201107224321
P076dcdb147,2020,espn_ba2,22,20201107224321
P866e6f90bf,2020,espn_ba2,23,20201107224321
P3c885ec031,2020,espn_ba2,24,20201107224321
P3ff36ffdc1,2020,espn_ba2,25,20201107224321
P35f0fb7731,2020,espn_ba2,26,20201107224321
P41612ab4e2,2020,espn_ba2,27,20201107224321
Pba698d642d,2020,espn_ba2,28,20201107224321
P98391b949f,2020,espn_ba2,29,20201107224321
Pa430d00e1f,2020,espn_ba2,30,20201107224321
P7699b7f669,2020,espn_ba2,31,20201107224321
P6232d5a44f,2020,espn_ba2,32,20201107224321
P90a7395cb0,2020,espn_ba2,33,20201107224321
Pb7d583a85a,2020,espn_ba2,34,20201107224321
P842bafbfda,2020,espn_ba2,35,20201107224321
P170284fab5,2020,espn_ba2,36,20201107224321
Pa3fa433740,2020,espn_ba2,37,20201107224321
P1388f2fd26,2020,espn_ba2,38,20201107224321
P272ac40c3c,2020,espn_ba2,39,20201107224321
Pd70c9ef8df,2020,espn_ba2,40,20201107224321
Pa7dbf13041,2020,espn_ba2,41,20201107224321
Pe6c9de6d86,2020,espn_ba2,42,20201107224321
P04526b8576,2020,espn_ba2,43,20201107224321
P0df73941d8,2020,espn_ba2,44,20201107224321
Pfe5913c014,2020,espn_ba2,45,20201107224321
P388cb0d5da,2020,espn_ba2,46,20201107224321
P0cd98a270c,2020,espn_ba2,47,20201107224321
P625909539a,2020,espn_ba2,48,20201107224321
P539176b694,2020,espn_ba2,49,20201107224321
Pc74b3d476e,2020,espn_ba2,50,20201107224321
P173da90181,2020,espn_ba2,51,20201107224321
Pc2d24d5902,2020,espn_ba2,52,20201107224321
Pb3e461d4cf,2020,espn_ba2,53,20201107224321
P87be528da0,2020,espn_ba2,54,20201107224321
P35f0fb7731,2020,sportingnews,1,20201117193519
Pba698d642d,2020,sportingnews,2,20201117193519
P3ff36ffdc1,2020,sportingnews,3,20201117193519
Pa430d00e1f,2020,sportingnews,4,20201117193519
P41612ab4e2,2020,sportingnews,5,20201117193519
P272ac40c3c,2020,sportingnews,6,20201117193519
P1388f2fd26,2020,sportingnews,7,20201117193519
P7699b7f669,2020,sportingnews,8,20201117193519
P6232d5a44f,2020,sportingnews,9,20201117193519
Pd70c9ef8df,2020,sportingnews,10,20201117193519
P04526b8576,2020,sportingnews,11,20201117193519
Pfe5913c014,2020,sportingnews,12,20201117193519
Pe6c9de6d86,2020,sportingnews,13,20201117193519
P0df73941d8,2020,sportingnews,14,20201117193519
Pa3fa433740,2020,sportingnews,15,20201117193519
Pb7d583a85a,2020,sportingnews,16,20201117193519
P3c885ec031,2020,sportingnews,17,20201117193519
P842bafbfda,2020,sportingnews,18,20201117193519
P388cb0d5da,2020,sportingnews,19,20201117193519
P90a7395cb0,2020,sportingnews,20,20201117193519
P5be180758a,2020,sportingnews,21,20201117193519
P0cd98a270c,2020,sportingnews,22,20201117193519
Pe237a28a37,2020,sportingnews,23,20201117193519
Pde7308c87b,2020,sportingnews,24,20201117193519
Pa7dbf13041,2020,sportingnews,25,20201117193519
P87be528da0,2020,sportingnews,26,20201117193519
P69f4c7679c,2020,sportingnews,27,20201117193519
P289da7f9c1,2020,sportingnews,28,20201117193519
Pe0b660d280,2020,sportingnews,29,20201117193519
P1f88525e9f,2020,sportingnews,30,20201117193519
P61afdc25a4,2021,nbadraft,1,20210722210648
P64263ced9d,2021,nbadraft,2,20210722210648
Pc3e0235987,2021,nbadraft,3,20210722210648
Pc97a1282a3,2021,nbadraft,4,20210722210648
P7dcdc4ccdd,2021,nbadraft,5,20210722210648
P45a39b68c1,2021,nbadraft,6,20210722210648
Pa090759337,2021,nbadraft,7,20210722210648
P721d8fa8f9,2021,nbadraft,8,20210722210648
Pb2632428b5,2021,nbadraft,9,20210722210648
P392363bcf2,2021,nbadraft,10,20210722210648
P69549f38f2,2021,nbadraft,11,20210722210648
P854a3a23a2,2021,nbadraft,12,20210722210648
P2c8aa67899,2021,nbadraft,13,20210722210648
P9e82692a6d,2021,nbadraft,14,20210722210648
P05f9ca4653,2021,nbadraft,15,20210722210648
P54240b8a24,2021,nbadraft,16,20210722210648
P0057628fa2,2021,nbadraft,17,20210722210648
Pa0882490f6,2021,nbadraft,18,20210722210648
P606c98790a,2021,nbadraft,19,20210722210648
Pf0fd005549,2021,nbadraft,20,20210722210648
P87ada0d006,2021,nbadraft,21,20210722210648
Pf6213e9937,2021,nbadraft,22,20210722210648
Pb3cfb2c388,2021,nbadraft,23,20210722210648
P4e35bd6add,2021,nbadraft,24,20210722210648
P90b2305671,2021,nbadraft,25,20210722210648
Pfce02776de,2021,nbadraft,26,20210722210648
P82dc635a40,2021,nbadraft,27,20210722210648
P9badd97dfe,2021,nbadraft,28,20210722210648
Pb1d56c9c96,2021,nbadraft,29,20210722210648
P9fd480084b,2021,nbadraft,30,20210722210648
P4110110f37,2021,nbadraft,31,20210722210648
P0326e23b0d,2021,nbadraft,32,20210722210648
P1e1b55c58c,2021,nbadraft,33,20210722210648
Pac178f1473,2021,nbadraft,34,20210722210648
P6680e3073f,2021,nbadraft,35,20210722210648
Pc131e1ee6f,2021,nbadraft,36,20210722210648
Pc624860c4a,2021,nbadraft,37,20210722210648
P21372aaded,2021,nbadraft,38,20210722210648
Pba95727095,2021,nbadraft,39,20210722210648
P152905cef4,2021,nbadraft,40,20210722210648
P30aaba02d5,2021,nbadraft,41,20210722210648
P621ab8f1c3,2021,nbadraft,42,20210722210648
Pbfadf35dca,2021,nbadraft,43,20210722210648
Pe225c37146,2021,nbadraft,44,20210722210648
P77f7109f5b,2021,nbadraft,45,20210722210648
Pe728a39ea0,2021,nbadraft,46,20210722210648
P3364db28a5,2021,nbadraft,47,20210722210648
P44ea7b86af,2021,nbadraft,48,20210722210648
P90932c4b0a,2021,nbadraft,49,20210722210648
P2511a36f77,2021,nbadraft,50,20210722210648
P3da5d3f3f2,2021,nbadraft,51,20210722210648
P71399e9935,2021,nbadraft,52,20210722210648
Pcf11d56327,2021,nbadraft,53,20210722210648
P82dc635a40,2021,draftroom,1,20210719052130
P61afdc25a4,2021,draftroom,2,20210719052130
P64263ced9d,2021,draftroom,3,20210719052130
Pc97a1282a3,2021,draftroom,4,20210719052130
Pc3e0235987,2021,draftroom,5,20210719052130
P45a39b68c1,2021,draftroom,6,20210719052130
P7dcdc4ccdd,2021,draftroom,7,20210719052130
Pa0882490f6,2021,draftroom,8,20210719052130
Pa090759337,2021,draftroom,9,20210719052130
Pb3cfb2c388,2021,draftroom,10,20210719052130
P854a3a23a2,2021,draftroom,11,20210719052130
P69549f38f2,2021,draftroom,12,20210719052130
P721d8fa8f9,2021,draftroom,13,20210719052130
Pb2632428b5,2021,draftroom,14,20210719052130
P2c8aa67899,2021,draftroom,15,20210719052130
P4110110f37,2021,draftroom,16,20210719052130
P392363bcf2,2021,draftroom,17,20210719052130
P90b2305671,2021,draftroom,18,20210719052130
P87ada0d006,2021,draftroom,19,20210719052130
P0057628fa2,2021,draftroom,20,20210719052130
Pe28113186c,2021,draftroom,21,20210719052130
P1e1b55c58c,2021,draftroom,22,20210719052130
P61d8f8df57,2021,draftroom,23,20210719052130
Pb1d56c9c96,2021,draftroom,24,20210719052130
P05f9ca4653,2021,draftroom,25,20210719052130
P54240b8a24,2021,draftroom,26,20210719052130
Pfce02776de,2021,draftroom,27,20210719052130
P5480a34012,2021,draftroom,28,20210719052130
Pc624860c4a,2021,draftroom,29,20210719052130
P61afdc25a4,2021,espn_ba,1,20210728142217
P64263ced9d,2021,espn_ba,2,20210728142217
Pc3e0235987,2021,espn_ba,3,20210728142217
Pc97a1282a3,2021,espn_ba,4,20210728142217
P7dcdc4ccdd,2021,espn_ba,5,20210728142217
P45a39b68c1,2021,espn_ba,6,20210728142217
P2c8aa67899,2021,espn_ba,7,20210728142217
Pa090759337,2021,espn_ba,8,20210728142217
P721d8fa8f9,2021,espn_ba,9,20210728142217
Pb2632428b5,2021,espn_ba,10,20210728142217
P854a3a23a2,2021,espn_ba,11,20210728142217
P392363bcf2,2021,espn_ba,12,20210728142217
P0057628fa2,2021,espn_ba,13,20210728142217
P4110110f37,2021,espn_ba,14,20210728142217
Pb3cfb2c388,2021,espn_ba,15,20210728142217
Pa0882490f6,2021,espn_ba,16,20210728142217
P1e1b55c58c,2021,espn_ba,17,20210728142217
P54240b8a24,2021,espn_ba,18,20210728142217
P87ada0d006,2021,espn_ba,19,20210728142217
P69549f38f2,2021,espn_ba,20,20210728142217
P82dc635a40,2021,espn_ba,21,20210728142217
Pfce02776de,2021,espn_ba,22,20210728142217
P05f9ca4653,2021,espn_ba,23,20210728142217
P9e82692a6d,2021,espn_ba,24,20210728142217
P4e35bd6add,2021,espn_ba,25,20210728142217
P5480a34012,2021,espn_ba,26,20210728142217
Pf0fd005549,2021,espn_ba,27,20210728142217
Pe728a39ea0,2021,espn_ba,28,20210728142217
P88205fde52,2021,espn_ba,29,20210728142217
P61d8f8df57,2021,espn_ba,30,20210728142217
P90b2305671,2021,espn_ba,31,20210728142217
P606c98790a,2021,espn_ba,32,20210728142217
P9fd480084b,2021,espn_ba,33,20210728142217
Pc624860c4a,2021,espn_ba,34,20210728142217
Pf6213e9937,2021,espn_ba,35,20210728142217
Pb1d56c9c96,2021,espn_ba,36,20210728142217
P9badd97dfe,2021,espn_ba,37,20210728142217
P3364db28a5,2021,espn_ba,38,20210728142217
P0326e23b0d,2021,espn_ba,39,20210728142217
P152905cef4,2021,espn_ba,40,20210728142217
P30aaba02d5,2021,espn_ba,41,20210728142217
P30169adef4,2021,espn_ba,42,20210728142217
P41bcb3bebd,2021,espn_ba,43,20210728142217
Pc131e1ee6f,2021,espn_ba,44,20210728142217
Pba95727095,2021,espn_ba,45,20210728142217
Pc9a85d9349,2021,espn_ba,46,20210728142217
Pbfadf35dca,2021,espn_ba,47,20210728142217
P6680e3073f,2021,espn_ba,48,20210728142217
Pac178f1473,2021,espn_ba,49,20210728142217
P60da7b4537,2021,espn_ba,50,20210728142217
P213b82c86a,2021,espn_ba,51,20210728142217
Pe225c37146,2021,espn_ba,52,20210728142217
P130d4826ef,2021,espn_ba,53,20210728142217
P624b2b5afe,2021,espn_ba,54,20210728142217
P90932c4b0a,2021,espn_ba,55,20210728142217
P21372aaded,2021,espn_ba,56,20210728142217
P969b4447cc,2021,espn_ba,57,20210728142217
P2b13664da5,2021,espn_ba,58,20210728142217
P832ba46d69,2021,espn_ba,59,20210728142217
P64f9a357ca,2021,espn_ba,60,20210728142217
Pf2b31fcc76,2021,espn_ba,61,20210728142217
Pd1118f9ab3,2021,espn_ba,62,20210728142217
P71399e9935,2021,espn_ba,63,20210728142217
P479c1cba2f,2021,espn_ba,64,20210728142217
Pf0fd005549,2021,espn_ba2,1,20210727195157
P90b2305671,2021,espn_ba2,2,20210727195157
Pc624860c4a,2021,espn_ba2,3,20210727195157
P88205fde52,2021,espn_ba2,4,20210727195157
Pe728a39ea0,2021,espn_ba2,5,20210727195157
P606c98790a,2021,espn_ba2,6,20210727195157
Pf6213e9937,2021,espn_ba2,7,20210727195157
P9fd480084b,2021,espn_ba2,8,20210727195157
P0326e23b0d,2021,espn_ba2,9,20210727195157
P30aaba02d5,2021,espn_ba2,10,20210727195157
P152905cef4,2021,espn_ba2,11,20210727195157
P5705590403,2021,espn_ba2,12,20210727195157
Pe225c37146,2021,espn_ba2,13,20210727195157
P30169adef4,2021,espn_ba2,14,20210727195157
P41bcb3bebd,2021,espn_ba2,15,20210727195157
P3364db28a5,2021,espn_ba2,16,20210727195157
P21372aaded,2021,espn_ba2,17,20210727195157
Pb1d56c9c96,2021,espn_ba2,18,20210727195157
P9badd97dfe,2021,espn_ba2,19,20210727195157
Pc131e1ee6f,2021,espn_ba2,20,20210727195157
Pbfadf35dca,2021,espn_ba2,21,20210727195157
Pc9a85d9349,2021,espn_ba2,22,20210727195157
P61afdc25a4,2021,espn_ba2,23,20210727195157
P45a39b68c1,2021,espn_ba2,24,20210727195157
Pc97a1282a3,2021,espn_ba2,25,20210727195157
Pc3e0235987,2021,espn_ba2,26,20210727195157
P64263ced9d,2021,espn_ba2,27,20210727195157
P7dcdc4ccdd,2021,espn_ba2,28,20210727195157
Pb2632428b5,2021,espn_ba2,29,20210727195157
Pa090759337,2021,espn_ba2,30,20210727195157
Pa0882490f6,2021,espn_ba2,31,20210727195157
P9e82692a6d,2021,espn_ba2,32,20210727195157
P0057628fa2,2021,espn_ba2,33,20210727195157
Pb3cfb2c388,2021,espn_ba2,34,20210727195157
P2c8aa67899,2021,espn_ba2,35,20210727195157
P05f9ca4653,2021,espn_ba2,36,20210727195157
P54240b8a24,2021,espn_ba2,37,20210727195157
P721d8fa8f9,2021,espn_ba2,38,20210727195157
P392363bcf2,2021,espn_ba2,39,20210727195157
P4110110f37,2021,espn_ba2,40,20210727195157
P69549f38f2,2021,espn_ba2,41,20210727195157
P82dc635a40,2021,espn_ba2,42,20210727195157
P1e1b55c58c,2021,espn_ba2,43,20210727195157
P87ada0d006,2021,espn_ba2,44,20210727195157
P4e35bd6add,2021,espn_ba2,45,20210727195157
Pfce02776de,2021,espn_ba2,46,20210727195157
P61d8f8df57,2021,espn_ba2,47,20210727195157
Pba95727095,2021,espn_ba2,48,20210727195157
P6680e3073f,2021,espn_ba2,49,20210727195157
Pac178f1473,2021,espn_ba2,50,20210727195157
P60da7b4537,2021,espn_ba2,51,20210727195157
P213b82c86a,2021,espn_ba2,52,20210727195157
P130d4826ef,2021,espn_ba2,53,20210727195157
P5480a34012,2021,espn_ba2,54,20210727195157
P624b2b5afe,2021,espn_ba2,55,20210727195157
P90932c4b0a,2021,espn_ba2,56,20210727195157
P854a3a23a2,2021,espn_ba2,57,20210727195157
P969b4447cc,2021,espn_ba2,58,20210727195157
P2b13664da5,2021,espn_ba2,59,20210727195157
P832ba46d69,2021,espn_ba2,60,20210727195157
P64f9a357ca,2021,espn_ba2,61,20210727195157
Pf2b31fcc76,2021,espn_ba2,62,20210727195157
Pd1118f9ab3,2021,espn_ba2,63,20210727195157
P71399e9935,2021,espn_ba2,64,20210727195157
P479c1cba2f,2021,espn_ba2,65,20210727195157
P85bbbd5241,2021,espn_ba2,66,20210727195157
Pbe11f21cfa,2021,espn_ba2,67,20210727195157
P61afdc25a4,2021,ringer,1,20210728123850
Pc3e0235987,2021,ringer,2,20210728123850
P61afdc25a4,2021,sportingnews,1,20210623043523
Pc3e0235987,2021,sportingnews,2,20210623043523
P64263ced9d,2021,sportingnews,3,20210623043523
Pc97a1282a3,2021,sportingnews,4,20210623043523
P7dcdc4ccdd,2021,sportingnews,5,20210623043523
P45a39b68c1,2021,sportingnews,6,20210623043523
P2c8aa67899,2021,sportingnews,7,20210623043523
P721d8fa8f9,2021,sportingnews,8,20210623043523
Pb2632428b5,2021,sportingnews,9,20210623043523
P0057628fa2,2021,sportingnews,10,20210623043523
Pb3cfb2c388,2021,sportingnews,11,20210623043523
P392363bcf2,2021,sportingnews,12,20210623043523
P854a3a23a2,2021,sportingnews,13,20210623043523
Pa090759337,2021,sportingnews,14,20210623043523
P12c0373e62,2022,tankathon,1,20220622150920
Pbfdaa31fd0,2022,tankathon,2,20220622150920
Pfa7a6f2536,2022,tankathon,3,20220622150920
P16b88a2183,2022,tankathon,4,20220622150920
P7d4b1d6e8f,2022,tankathon,5,20220622150920
P86df290cda,2022,tankathon,6,20220622150920
Pab39ee5462,2022,tankathon,7,20220622150920
Pce7c8a9da0,2022,tankathon,8,20220622150920
Pa95793f720,2022,tankathon,9,20220622150920
Pe3c0fc5a9e,2022,tankathon,10,20220622150920
P3a3a5bbbef,2022,tankathon,11,20220622150920
P919e355315,2022,tankathon,12,20220622150920
P3a5b76349f,2022,tankathon,13,20220622150920
P4b5f95e771,2022,tankathon,14,20220622150920
Pae46fa4aa5,2022,tankathon,15,20220622150920
Pa89859be17,2022,tankathon,16,20220622150920
P9d848af991,2022,tankathon,17,20220622150920
P14882ceff6,2022,tankathon,18,20220622150920
Pe22f69b7a0,2022,tankathon,19,20220622150920
Pa408da26a2,2022,tankathon,20,20220622150920
P4e8883caf8,2022,tankathon,21,20220622150920
P5cba6e4b4b,2022,tankathon,22,20220622150920
P1191691c20,2022,tankathon,23,20220622150920
P20596267f7,2022,tankathon,24,20220622150920
Pa5128e8532,2022,tankathon,25,20220622150920
P8c8d5105c2,2022,tankathon,26,20220622150920
P416088a2b5,2022,tankathon,27,20220622150920
P97df826a61,2022,tankathon,28,20220622150920
Pd6b4848f72,2022,tankathon,29,20220622150920
P8be99fecd0,2022,tankathon,30,20220622150920
Pa6b76d042d,2022,tankathon,31,20220622150920
Pd5316f2e65,2022,tankathon,32,20220622150920
P76ebdc8d77,2022,tankathon,33,20220622150920
P63014948f5,2022,tankathon,34,20220622150920
P9345155d6a,2022,tankathon,35,20220622150920
Pc69570e4d2,2022,tankathon,36,20220622150920
Paac5dcb74c,2022,tankathon,37,20220622150920
P3b1e823247,2022,tankathon,38,20220622150920
P123f055136,2022,tankathon,39,20220622150920
P70fa3dc827,2022,tankathon,40,20220622150920
Pafb050f1ad,2022,tankathon,41,20220622150920
P76f8234113,2022,tankathon,42,20220622150920
P3ebbedffb1,2022,tankathon,43,20220622150920
Pa2e8c74c1f,2022,tankathon,44,20220622150920
Paf2b091294,2022,tankathon,45,20220622150920
Pa067c50f94,2022,tankathon,46,20220622150920
P0234a21988,2022,tankathon,47,20220622150920
P22caf129cd,2022,tankathon,48,20220622150920
P19ae0a39ff,2022,tankathon,49,20220622150920
Pc99b219586,2022,tankathon,50,20220622150920
Pdeabbe5993,2022,tankathon,51,20220622150920
P919e355315,2022,cbs,1,20220622115145
P12c0373e62,2022,cbs,2,20220622115145
Pa5128e8532,2022,cbs,3,20220622115145
Pbfdaa31fd0,2022,cbs,4,20220622115145
Pfa7a6f2536,2022,cbs,5,20220622115145
P16b88a2183,2022,cbs,6,20220622115145
P7d4b1d6e8f,2022,cbs,7,20220622115145
Pab39ee5462,2022,cbs,8,20220622115145
Pe3c0fc5a9e,2022,cbs,9,20220622115145
P86df290cda,2022,cbs,10,20220622115145
Pa95793f720,2022,cbs,11,20220622115145
Pce7c8a9da0,2022,cbs,12,20220622115145
Pa408da26a2,2022,cbs,13,20220622115145
P4b5f95e771,2022,cbs,14,20220622115145
P3a3a5bbbef,2022,cbs,15,20220622115145
P3a5b76349f,2022,cbs,16,20220622115145
P9d848af991,2022,cbs,17,20220622115145
P14882ceff6,2022,cbs,18,20220622115145
Pae46fa4aa5,2022,cbs,19,20220622115145
P416088a2b5,2022,cbs,20,20220622115145
Pa89859be17,2022,cbs,21,20220622115145
P8be99fecd0,2022,cbs,22,20220622115145
Pd6b4848f72,2022,cbs,23,20220622115145
Pe22f69b7a0,2022,cbs,24,20220622115145
P70fa3dc827,2022,cbs,25,20220622115145
P1191691c20,2022,cbs,26,20220622115145
Pa6b76d042d,2022,cbs,27,20220622115145
Pa2e8c74c1f,2022,cbs,28,20220622115145
P76f8234113,2022,cbs,29,20220622115145
P20596267f7,2022,cbs,30,20220622115145
P5cba6e4b4b,2022,cbs,31,20220622115145
P8c8d5105c2,2022,cbs,32,20220622115145
P3b1e823247,2022,cbs,33,20220622115145
P4e8883caf8,2022,cbs,34,20220622115145
P97df826a61,2022,cbs,35,20220622115145
P9345155d6a,2022,cbs,36,20220622115145
P12c0373e62,2022,draftroom,1,20220617222549
Pbfdaa31fd0,2022,draftroom,2,20220617222549
P16b88a2183,2022,draftroom,3,20220617222549
Pfa7a6f2536,2022,draftroom,4,20220617222549
P86df290cda,2022,draftroom,5,20220617222549
Pab39ee5462,2022,draftroom,6,20220617222549
P3a3a5bbbef,2022,draftroom,7,20220617222549
P7d4b1d6e8f,2022,draftroom,8,20220617222549
P4b5f95e771,2022,draftroom,9,20220617222549
Pce7c8a9da0,2022,draftroom,10,20220617222549
Pe3c0fc5a9e,2022,draftroom,11,20220617222549
P919e355315,2022,draftroom,12,20220617222549
Pae46fa4aa5,2022,draftroom,13,20220617222549
P3a5b76349f,2022,draftroom,14,20220617222549
P9d848af991,2022,draftroom,15,20220617222549
P14882ceff6,2022,draftroom,16,20220617222549
Pa89859be17,2022,draftroom,17,20220617222549
Pa408da26a2,2022,draftroom,18,20220617222549
P1191691c20,2022,draftroom,19,20220617222549
P20596267f7,2022,draftroom,20,20220617222549
Pe22f69b7a0,2022,draftroom,21,20220617222549
P97df826a61,2022,draftroom,22,20220617222549
P416088a2b5,2022,draftroom,23,20220617222549
P5cba6e4b4b,2022,draftroom,24,20220617222549
Pd6b4848f72,2022,draftroom,25,20220617222549
P4e8883caf8,2022,draftroom,26,20220617222549
Pafb050f1ad,2022,draftroom,27,20220617222549
P8be99fecd0,2022,draftroom,28,20220617222549
P12c0373e62,2022,draftroom2,1,20220617222549
Pbfdaa31fd0,2022,draftroom2,2,20220617222549
P16b88a2183,2022,draftroom2,3,20220617222549
Pfa7a6f2536,2022,draftroom2,4,20220617222549
P86df290cda,2022,draftroom2,5,20220617222549
Pab39ee5462,2022,draftroom2,6,20220617222549
P3a3a5bbbef,2022,draftroom2,7,20220617222549
P7d4b1d6e8f,2022,draftroom2,8,20220617222549
P4b5f95e771,2022,draftroom2,9,20220617222549
Pce7c8a9da0,2022,draftroom2,10,20220617222549
Pe3c0fc5a9e,2022,draftroom2,11,20220617222549
P919e355315,2022,draftroom2,12,20220617222549
Pae46fa4aa5,2022,draftroom2,13,20220617222549
P3a5b76349f,2022,draftroom2,14,20220617222549
P9d848af991,2022,draftroom2,15,20220617222549
P14882ceff6,2022,draftroom2,16,20220617222549
Pa89859be17,2022,draftroom2,17,20220617222549
Pa408da26a2,2022,draftroom2,18,20220617222549
P1191691c20,2022,draftroom2,19,20220617222549
P20596267f7,2022,draftroom2,20,20220617222549
Pe22f69b7a0,2022,draftroom2,21,20220617222549
P97df826a61,2022,draftroom2,22,20220617222549
P416088a2b5,2022,draftroom2,23,20220617222549
P5cba6e4b4b,2022,draftroom2,24,20220617222549
Pd6b4848f72,2022,draftroom2,25,20220617222549
P4e8883caf8,2022,draftroom2,26,20220617222549
Pafb050f1ad,2022,draftroom2,27,20220617222549
P8be99fecd0,2022,draftroom2,28,20220617222549
Pbfdaa31fd0,2022,espn_ba,1,20220622164432
P12c0373e62,2022,espn_ba,2,20220622164432
Pfa7a6f2536,2022,espn_ba,3,20220622164432
P16b88a2183,2022,espn_ba,4,20220622164432
P86df290cda,2022,espn_ba,5,20220622164432
P7d4b1d6e8f,2022,espn_ba,6,20220622164432
Pab39ee5462,2022,espn_ba,7,20220622164432
Pce7c8a9da0,2022,espn_ba,8,20220622164432
P3a3a5bbbef,2022,espn_ba,9,20220622164432
P919e355315,2022,espn_ba,10,20220622164432
P4b5f95e771,2022,espn_ba,11,20220622164432
Pa95793f720,2022,espn_ba,12,20220622164432
Pae46fa4aa5,2022,espn_ba,13,20220622164432
P3a5b76349f,2022,espn_ba,14,20220622164432
Pe3c0fc5a9e,2022,espn_ba,15,20220622164432
P14882ceff6,2022,espn_ba,16,20220622164432
P9d848af991,2022,espn_ba,17,20220622164432
Pa408da26a2,2022,espn_ba,18,20220622164432
Pa89859be17,2022,espn_ba,19,20220622164432
P8c8d5105c2,2022,espn_ba,20,20220622164432
Pe22f69b7a0,2022,espn_ba,21,20220622164432
P5cba6e4b4b,2022,espn_ba,22,20220622164432
Pa5128e8532,2022,espn_ba,23,20220622164432
P416088a2b5,2022,espn_ba,24,20220622164432
P20596267f7,2022,espn_ba,25,20220622164432
Pa6b76d042d,2022,espn_ba,26,20220622164432
P76ebdc8d77,2022,espn_ba,27,20220622164432
P97df826a61,2022,espn_ba,28,20220622164432
P3b1e823247,2022,espn_ba,29,20220622164432
P4e8883caf8,2022,espn_ba,30,20220622164432
P1191691c20,2022,espn_ba,31,20220622164432
P123f055136,2022,espn_ba,32,20220622164432
P63014948f5,2022,espn_ba,33,20220622164432
Pa2e8c74c1f,2022,espn_ba,34,20220622164432
Pc69570e4d2,2022,espn_ba,35,20220622164432
P9345155d6a,2022,espn_ba,36,20220622164432
P70fa3dc827,2022,espn_ba,37,20220622164432
P76f8234113,2022,espn_ba,38,20220622164432
Pd5316f2e65,2022,espn_ba,39,20220622164432
Pd6b4848f72,2022,espn_ba,40,20220622164432
P3ebbedffb1,2022,espn_ba,41,20220622164432
P8be99fecd0,2022,espn_ba,42,20220622164432
Pafb050f1ad,2022,espn_ba,43,20220622164432
Paac5dcb74c,2022,espn_ba,44,20220622164432
Pa067c50f94,2022,espn_ba,45,20220622164432
P0234a21988,2022,espn_ba,46,20220622164432
Paf2b091294,2022,espn_ba,47,20220622164432
Paee04abbe6,2022,espn_ba,48,20220622164432
Pe54f989cc8,2022,espn_ba,49,20220622164432
P22caf129cd,2022,espn_ba,50,20220622164432
P54ce020bc4,2022,espn_ba,51,20220622164432
Pd3eb42d2a8,2022,espn_ba,52,20220622164432
Pc5f6ac0bb7,2022,espn_ba,53,20220622164432
P821b19c2a1,2022,espn_ba,54,20220622164432
Pdd8eeaed18,2022,espn_ba,55,20220622164432
P868c7d320b,2022,espn_ba,56,20220622164432
P6876f611cb,2022,espn_ba,57,20220622164432
P8d79cd923c,2022,espn_ba,58,20220622164432
Pc99b219586,2022,espn_ba,59,20220622164432
Pe2f97b33d4,2022,espn_ba,60,20220622164432
P19ae0a39ff,2022,espn_ba,61,20220622164432
Pdeabbe5993,2022,espn_ba,62,20220622164432
P7c29e11a29,2022,espn_ba,63,20220622164432
Pd4287ba490,2022,espn_ba,64,20220622164432
P9e732e040b,2022,espn_ba,65,20220622164432
P539be6c711,2022,espn_ba,66,20220622164432
P4e8883caf8,2022,espn_ba2,1,20220622022903
P1191691c20,2022,espn_ba2,2,20220622022903
P97df826a61,2022,espn_ba2,3,20220622022903
P3b1e823247,2022,espn_ba2,4,20220622022903
P63014948f5,2022,espn_ba2,5,20220622022903
P123f055136,2022,espn_ba2,6,20220622022903
Pa6b76d042d,2022,espn_ba2,7,20220622022903
P76ebdc8d77,2022,espn_ba2,8,20220622022903
Pa2e8c74c1f,2022,espn_ba2,9,20220622022903
Pc69570e4d2,2022,espn_ba2,10,20220622022903
Pd5316f2e65,2022,espn_ba2,11,20220622022903
Pd6b4848f72,2022,espn_ba2,12,20220622022903
P9345155d6a,2022,espn_ba2,13,20220622022903
P76f8234113,2022,espn_ba2,14,20220622022903
P3ebbedffb1,2022,espn_ba2,15,20220622022903
Paac5dcb74c,2022,espn_ba2,16,20220622022903
P70fa3dc827,2022,espn_ba2,17,20220622022903
P8be99fecd0,2022,espn_ba2,18,20220622022903
Pafb050f1ad,2022,espn_ba2,19,20220622022903
P0234a21988,2022,espn_ba2,20,20220622022903
Paf2b091294,2022,espn_ba2,21,20220622022903
Pa067c50f94,2022,espn_ba2,22,20220622022903
P86df290cda,2022,espn_ba2,23,20220622022903
P20596267f7,2022,espn_ba2,24,20220622022903
P54ce020bc4,2022,espn_ba2,25,20220622022903
Pbfdaa31fd0,2022,espn_ba2,26,20220622022903
P16b88a2183,2022,espn_ba2,27,20220622022903
P12c0373e62,2022,espn_ba2,28,20220622022903
Pfa7a6f2536,2022,espn_ba2,29,20220622022903
P7d4b1d6e8f,2022,espn_ba2,30,20220622022903
Pce7c8a9da0,2022,espn_ba2,31,20220622022903
Pab39ee5462,2022,espn_ba2,32,20220622022903
P3a3a5bbbef,2022,espn_ba2,33,20220622022903
Pe3c0fc5a9e,2022,espn_ba2,34,20220622022903
P919e355315,2022,espn_ba2,35,20220622022903
Pa95793f720,2022,espn_ba2,36,20220622022903
P4b5f95e771,2022,espn_ba2,37,20220622022903
P9d848af991,2022,espn_ba2,38,20220622022903
P3a5b76349f,2022,espn_ba2,39,20220622022903
Pa89859be17,2022,espn_ba2,40,20220622022903
P14882ceff6,2022,espn_ba2,41,20220622022903
Pae46fa4aa5,2022,espn_ba2,42,20220622022903
Pa5128e8532,2022,espn_ba2,43,20220622022903
P5cba6e4b4b,2022,espn_ba2,44,20220622022903
P416088a2b5,2022,espn_ba2,45,20220622022903
Pa408da26a2,2022,espn_ba2,46,20220622022903
Pe22f69b7a0,2022,espn_ba2,47,20220622022903
P8c8d5105c2,2022,espn_ba2,48,20220622022903
Paee04abbe6,2022,espn_ba2,49,20220622022903
Pe54f989cc8,2022,espn_ba2,50,20220622022903
P22caf129cd,2022,espn_ba2,51,20220622022903
Pd3eb42d2a8,2022,espn_ba2,52,20220622022903
Pc5f6ac0bb7,2022,espn_ba2,53,20220622022903
P821b19c2a1,2022,espn_ba2,54,20220622022903
Pdd8eeaed18,2022,espn_ba2,55,20220622022903
P868c7d320b,2022,espn_ba2,56,20220622022903
P6876f611cb,2022,espn_ba2,57,20220622022903
P8d79cd923c,2022,espn_ba2,58,20220622022903
Pc99b219586,2022,espn_ba2,59,20220622022903
Pe2f97b33d4,2022,espn_ba2,60,20220622022903
P19ae0a39ff,2022,espn_ba2,61,20220622022903
Pdeabbe5993,2022,espn_ba2,62,20220622022903
P7c29e11a29,2022,espn_ba2,63,20220622022903
Pd4287ba490,2022,espn_ba2,64,20220622022903
P9e732e040b,2022,espn_ba2,65,20220622022903
P539be6c711,2022,espn_ba2,66,20220622022903
Pbfdaa31fd0,2022,ringer,1,20220622150917
P12c0373e62,2022,ringer,2,20220622150917
P16b88a2183,2022,sportingnews,1,20220622140426
P12c0373e62,2022,sportingnews,2,20220622140426
Pbfdaa31fd0,2022,sportingnews,3,20220622140426
Pfa7a6f2536,2022,sportingnews,4,20220622140426
P86df290cda,2022,sportingnews,5,20220622140426
Pce7c8a9da0,2022,sportingnews,6,20220622140426
P7d4b1d6e8f,2022,sportingnews,7,20220622140426
Pab39ee5462,2022,sportingnews,8,20220622140426
P3a3a5bbbef,2022,sportingnews,9,20220622140426
P919e355315,2022,sportingnews,10,20220622140426
Pa95793f720,2022,sportingnews,11,20220622140426
Pe3c0fc5a9e,2022,sportingnews,12,20220622140426
P3a5b76349f,2022,sportingnews,13,20220622140426
Pae46fa4aa5,2022,sportingnews,14,20220622140426
P9d848af991,2022,sportingnews,15,20220622140426
P4b5f95e771,2022,sportingnews,16,20220622140426
P14882ceff6,2022,sportingnews,17,20220622140426
Pe22f69b7a0,2022,sportingnews,18,20220622140426
Pa408da26a2,2022,sportingnews,19,20220622140426
Pa89859be17,2022,sportingnews,20,20220622140426
P20596267f7,2022,sportingnews,21,20220622140426
P4e8883caf8,2022,sportingnews,22,20220622140426
P8c8d5105c2,2022,sportingnews,23,20220622140426
P5cba6e4b4b,2022,sportingnews,24,20220622140426
P76ebdc8d77,2022,sportingnews,25,20220622140426
P3b1e823247,2022,sportingnews,26,20220622140426
P97df826a61,2022,sportingnews,27,20220622140426
P1191691c20,2022,sportingnews,28,20220622140426
P416088a2b5,2022,sportingnews,29,20220622140426
P123f055136,2022,sportingnews,30,20220622140426
P9345155d6a,2022,sportingnews,31,20220622140426
Pa5128e8532,2022,sportingnews,32,20220622140426
Pa2e8c74c1f,2022,sportingnews,33,20220622140426
P70fa3dc827,2022,sportingnews,34,20220622140426
Pa6b76d042d,2022,sportingnews,35,20220622140426
Pd5316f2e65,2022,sportingnews,36,20220622140426
Pd6b4848f72,2022,sportingnews,37,20220622140426
Pc69570e4d2,2022,sportingnews,38,20220622140426
P8be99fecd0,2022,sportingnews,39,20220622140426
P3ebbedffb1,2022,sportingnews,40,20220622140426
Pafb050f1ad,2022,sportingnews,41,20220622140426
Paac5dcb74c,2022,sportingnews,42,20220622140426
P76f8234113,2022,sportingnews,43,20220622140426
Paf2b091294,2022,sportingnews,44,20220622140426
P63014948f5,2022,sportingnews,45,20220622140426
P22caf129cd,2022,sportingnews,46,20220622140426
Pdeabbe5993,2022,sportingnews,47,20220622140426
Pdd8eeaed18,2022,sportingnews,48,20220622140426
Pa067c50f94,2022,sportingnews,49,20220622140426
Pe54f989cc8,2022,sportingnews,50,20220622140426
Pc5f6ac0bb7,2022,sportingnews,51,20220622140426
P23152d31e2,2024,tankathon,1,20240625021215
P473649a3ff,2024,tankathon,2,20240625021215
Pd018d62aee,2024,tankathon,3,20240625021215
Pa5d4a8fef6,2024,tankathon,4,20240625021215
P2a77fa93f7,2024,tankathon,5,20240625021215
Pb0cd5d409b,2024,tankathon,6,20240625021215
P32ff4229d3,2024,tankathon,7,20240625021215
P7a95b991f4,2024,tankathon,8,20240625021215
P74240d498b,2024,tankathon,9,20240625021215
Pa245962e52,2024,tankathon,10,20240625021215
P58407301c7,2024,tankathon,11,20240625021215
P13f5a8ca49,2024,tankathon,12,20240625021215
Pa3f4257d20,2024,tankathon,13,20240625021215
P9f04775c7a,2024,tankathon,14,20240625021215
P1ccfa6c1ee,2024,tankathon,15,20240625021215
Pf4a65045a1,2024,tankathon,16,20240625021215
P429241cb33,2024,tankathon,17,20240625021215
P2bc6f2a3aa,2024,tankathon,18,20240625021215
P424c3aa3f2,2024,tankathon,19,20240625021215
Pd1401169e8,2024,tankathon,20,20240625021215
Pada60a9da7,2024,tankathon,21,20240625021215
P523c7506e7,2024,tankathon,22,20240625021215
P35654567c0,2024,tankathon,23,20240625021215
P086a09588e,2024,tankathon,24,20240625021215
P68ff50da96,2024,tankathon,25,20240625021215
P4bbcd3bc18,2024,tankathon,26,20240625021215
Pf120e8dc11,2024,tankathon,27,20240625021215
Pdf5a3388b3,2024,tankathon,28,20240625021215
Pfd3b474513,2024,tankathon,29,20240625021215
P0d7bcc4d57,2024,tankathon,30,20240625021215
Pe79de9d05b,2024,tankathon,31,20240625021215
Pafffac98b2,2024,tankathon,32,20240625021215
Pd62847824a,2024,tankathon,33,20240625021215
P7070c905f3,2024,tankathon,34,20240625021215
Pcf591b3097,2024,tankathon,35,20240625021215
Pdbf2a4e286,2024,tankathon,36,20240625021215
P84e9dcbb3e,2024,tankathon,37,20240625021215
P367a636ba4,2024,tankathon,38,20240625021215
Pbdde11b624,2024,tankathon,39,20240625021215
P0f6f43de8d,2024,tankathon,40,20240625021215
Pb1001f743e,2024,tankathon,41,20240625021215
P470eca3f49,2024,tankathon,42,20240625021215
P1a8fd8dc98,2024,tankathon,43,20240625021215
P9fc884bebd,2024,tankathon,44,20240625021215
P3bedf956bf,2024,tankathon,45,20240625021215
Pa306b38c4f,2024,tankathon,46,20240625021215
P66484e16cb,2024,tankathon,47,20240625021215
Pb1c5565b99,2024,tankathon,48,20240625021215
P82e84aa110,2024,tankathon,49,20240625021215
Pf7cf72315c,2024,tankathon,50,20240625021215
P4b73f3a250,2024,tankathon,51,20240625021215
P0edbaa5011,2024,tankathon,52,20240625021215
Pd3d2fde686,2024,tankathon,53,20240625021215
P23152d31e2,2024,cbs,1,20240625172241
P65b97df144,2024,cbs,2,20240625172241
Pb0cd5d409b,2024,cbs,3,20240625172241
P473649a3ff,2024,cbs,4,20240625172241
P2a77fa93f7,2024,cbs,5,20240625172241
Pa5d4a8fef6,2024,cbs,6,20240625172241
P1ccfa6c1ee,2024,cbs,7,20240625172241
P58407301c7,2024,cbs,8,20240625172241
Pa245962e52,2024,cbs,9,20240625172241
Pd018d62aee,2024,cbs,10,20240625172241
P32ff4229d3,2024,cbs,11,20240625172241
P7a95b991f4,2024,cbs,12,20240625172241
P74240d498b,2024,cbs,13,20240625172241
Pa3f4257d20,2024,cbs,14,20240625172241
P429241cb33,2024,cbs,15,20240625172241
P13f5a8ca49,2024,cbs,16,20240625172241
P9f04775c7a,2024,cbs,17,20240625172241
Pf4a65045a1,2024,cbs,18,20240625172241
P35654567c0,2024,cbs,19,20240625172241
P4bbcd3bc18,2024,cbs,20,20240625172241
Pd1401169e8,2024,cbs,21,20240625172241
P4bd2cd3d34,2024,cbs,22,20240625172241
P523c7506e7,2024,cbs,23,20240625172241
P424c3aa3f2,2024,cbs,24,20240625172241
P0d7bcc4d57,2024,cbs,25,20240625172241
Pada60a9da7,2024,cbs,26,20240625172241
Pcf591b3097,2024,cbs,27,20240625172241
P086a09588e,2024,cbs,28,20240625172241
P2bc6f2a3aa,2024,cbs,29,20240625172241
Pfd3b474513,2024,cbs,30,20240625172241
Pf7cf72315c,2024,cbs,31,20240625172241
Pdf5a3388b3,2024,cbs,32,20240625172241
P84e9dcbb3e,2024,cbs,33,20240625172241
P218d8c92b9,2024,cbs,34,20240625172241
Pf120e8dc11,2024,cbs,35,20240625172241
Pdbf2a4e286,2024,cbs,36,20240625172241
P68ff50da96,2024,cbs,37,20240625172241
Pd62847824a,2024,cbs,38,20240625172241
Pd018d62aee,2024,draftroom,1,20240621064854
P23152d31e2,2024,draftroom,2,20240621064854
Pb0cd5d409b,2024,draftroom,3,20240621064854
P2a77fa93f7,2024,draftroom,4,20240621064854
P473649a3ff,2024,draftroom,5,20240621064854
Pa245962e52,2024,draftroom,6,20240621064854
P58407301c7,2024,draftroom,7,20240621064854
Pa5d4a8fef6,2024,draftroom,8,20240621064854
P7a95b991f4,2024,draftroom,9,20240621064854
P32ff4229d3,2024,draftroom,10,20240621064854
P9f04775c7a,2024,draftroom,11,20240621064854
P1ccfa6c1ee,2024,draftroom,12,20240621064854
P13f5a8ca49,2024,draftroom,13,20240621064854
Pa3f4257d20,2024,draftroom,14,20240621064854
Pada60a9da7,2024,draftroom,15,20240621064854
P523c7506e7,2024,draftroom,16,20240621064854
P429241cb33,2024,draftroom,17,20240621064854
Pf4a65045a1,2024,draftroom,18,20240621064854
Pd1401169e8,2024,draftroom,19,20240621064854
P424c3aa3f2,2024,draftroom,20,20240621064854
P35654567c0,2024,draftroom,21,20240621064854
P4bbcd3bc18,2024,draftroom,22,20240621064854
Pf120e8dc11,2024,draftroom,23,20240621064854
P2bc6f2a3aa,2024,draftroom,24,20240621064854
Pe79de9d05b,2024,draftroom,25,20240621064854
P68ff50da96,2024,draftroom,26,20240621064854
Pfd3b474513,2024,draftroom,27,20240621064854
Pf7cf72315c,2024,draftroom,28,20240621064854
Pd018d62aee,2024,draftroom2,1,20240621064854
P23152d31e2,2024,draftroom2,2,20240621064854
Pb0cd5d409b,2024,draftroom2,3,20240621064854
P2a77fa93f7,2024,draftroom2,4,20240621064854
P473649a3ff,2024,draftroom2,5,20240621064854
Pa245962e52,2024,draftroom2,6,20240621064854
P58407301c7,2024,draftroom2,7,20240621064854
Pa5d4a8fef6,2024,draftroom2,8,20240621064854
P7a95b991f4,2024,draftroom2,9,20240621064854
P32ff4229d3,2024,draftroom2,10,20240621064854
P9f04775c7a,2024,draftroom2,11,20240621064854
P1ccfa6c1ee,2024,draftroom2,12,20240621064854
P13f5a8ca49,2024,draftroom2,13,20240621064854
Pa3f4257d20,2024,draftroom2,14,20240621064854
Pada60a9da7,2024,draftroom2,15,20240621064854
P523c7506e7,2024,draftroom2,16,20240621064854
P429241cb33,2024,draftroom2,17,20240621064854
Pf4a65045a1,2024,draftroom2,18,20240621064854
Pd1401169e8,2024,draftroom2,19,20240621064854
P424c3aa3f2,2024,draftroom2,20,20240621064854
P35654567c0,2024,draftroom2,21,20240621064854
P4bbcd3bc18,2024,draftroom2,22,20240621064854
Pf120e8dc11,2024,draftroom2,23,20240621064854
P2bc6f2a3aa,2024,draftroom2,24,20240621064854
Pe79de9d05b,2024,draftroom2,25,20240621064854
P68ff50da96,2024,draftroom2,26,20240621064854
Pfd3b474513,2024,draftroom2,27,20240621064854
Pf7cf72315c,2024,draftroom2,28,20240621064854
P23152d31e2,2024,espn_ba,1,20240621220738
P65b97df144,2024,espn_ba,2,20240621220738
Pb0cd5d409b,2024,espn_ba,3,20240621220738
P473649a3ff,2024,espn_ba,4,20240621220738
Pa5d4a8fef6,2024,espn_ba,5,20240621220738
P2a77fa93f7,2024,espn_ba,6,20240621220738
P7a95b991f4,2024,espn_ba,7,20240621220738
P74240d498b,2024,espn_ba,8,20240621220738
P58407301c7,2024,espn_ba,9,20240621220738
Pa245962e52,2024,espn_ba,10,20240621220738
P32ff4229d3,2024,espn_ba,11,20240621220738
P9f04775c7a,2024,espn_ba,12,20240621220738
Pa3f4257d20,2024,espn_ba,13,20240621220738
P1ccfa6c1ee,2024,espn_ba,14,20240621220738
P13f5a8ca49,2024,espn_ba,15,20240621220738
P35654567c0,2024,espn_ba,16,20240621220738
P424c3aa3f2,2024,espn_ba,17,20240621220738
Pf4a65045a1,2024,espn_ba,18,20240621220738
P2bc6f2a3aa,2024,espn_ba,19,20240621220738
P523c7506e7,2024,espn_ba,20,20240621220738
P429241cb33,2024,espn_ba,21,20240621220738
Pada60a9da7,2024,espn_ba,22,20240621220738
Pd1401169e8,2024,espn_ba,23,20240621220738
Pf7cf72315c,2024,espn_ba,24,20240621220738
Pdf5a3388b3,2024,espn_ba,25,20240621220738
Pd018d62aee,2024,espn_ba,26,20240621220738
P086a09588e,2024,espn_ba,27,20240621220738
Pfd3b474513,2024,espn_ba,28,20240621220738
P0d7bcc4d57,2024,espn_ba,29,20240621220738
Pe79de9d05b,2024,espn_ba,30,20240621220738
Pf120e8dc11,2024,espn_ba,31,20240621220738
Pcf591b3097,2024,espn_ba,32,20240621220738
P84e9dcbb3e,2024,espn_ba,33,20240621220738
P68ff50da96,2024,espn_ba,34,20240621220738
P7070c905f3,2024,espn_ba,35,20240621220738
Pd62847824a,2024,espn_ba,36,20240621220738
P4bbcd3bc18,2024,espn_ba,37,20240621220738
Pdbf2a4e286,2024,espn_ba,38,20240621220738
Pafffac98b2,2024,espn_ba,39,20240621220738
P470eca3f49,2024,espn_ba,40,20240621220738
P4b73f3a250,2024,espn_ba,41,20240621220738
Pb1c5565b99,2024,espn_ba,42,20240621220738
P3bedf956bf,2024,espn_ba,43,20240621220738
Pb1001f743e,2024,espn_ba,44,20240621220738
Pbdde11b624,2024,espn_ba,45,20240621220738
P0f6f43de8d,2024,espn_ba,46,20240621220738
Pa306b38c4f,2024,espn_ba,47,20240621220738
P1a8fd8dc98,2024,espn_ba,48,20240621220738
P367a636ba4,2024,espn_ba,49,20240621220738
P66484e16cb,2024,espn_ba,50,20240621220738
P0edbaa5011,2024,espn_ba,51,20240621220738
P8cc9424d6a,2024,espn_ba,52,20240621220738
P7572949d92,2024,espn_ba,53,20240621220738
P9fc884bebd,2024,espn_ba,54,20240621220738
Pd3ead775c1,2024,espn_ba,55,20240621220738
P0bcbee5c83,2024,espn_ba,56,20240621220738
P218d8c92b9,2024,espn_ba,57,20240621220738
Pa93866e530,2024,espn_ba,58,20240621220738
P8b3507dca4,2024,espn_ba,59,20240621220738
P6696ce1e71,2024,espn_ba,60,20240621220738
P82e84aa110,2024,espn_ba,61,20240621220738
Pd3d2fde686,2024,espn_ba,62,20240621220738
P816913601a,2024,espn_ba,63,20240621220738
P0e202d21b8,2024,espn_ba,64,20240621220738
P2c7c71307b,2024,espn_ba,65,20240621220738
Pdff50197cb,2024,espn_ba,66,20240621220738
Pf99c720027,2024,espn_ba,67,20240621220738
P414be319a7,2024,espn_ba,68,20240621220738
P2382218b2e,2024,espn_ba,69,20240621220738
Pb1d497dd3b,2024,espn_ba,70,20240621220738
Pae3adc3ef4,2024,espn_ba,71,20240621220738
Pd4ca66045e,2024,espn_ba,72,20240621220738
P72ec1785e5,2024,espn_ba,73,20240621220738
P2524393d71,2024,espn_ba,74,20240621220738
P99ed7bd6ab,2024,espn_ba,75,20240621220738
P26b4659b22,2024,espn_ba,76,20240621220738
P75990d7854,2024,espn_ba,77,20240621220738
Pe6c95cf044,2024,espn_ba,78,20240621220738
P086a09588e,2024,espn_ba2,1,20240625192645
Pfd3b474513,2024,espn_ba2,2,20240625192645
P0d7bcc4d57,2024,espn_ba2,3,20240625192645
Pdf5a3388b3,2024,espn_ba2,4,20240625192645
Pe79de9d05b,2024,espn_ba2,5,20240625192645
Pf120e8dc11,2024,espn_ba2,6,20240625192645
P84e9dcbb3e,2024,espn_ba2,7,20240625192645
P68ff50da96,2024,espn_ba2,8,20240625192645
P7070c905f3,2024,espn_ba2,9,20240625192645
Pd62847824a,2024,espn_ba2,10,20240625192645
P4bbcd3bc18,2024,espn_ba2,11,20240625192645
Pdbf2a4e286,2024,espn_ba2,12,20240625192645
Pafffac98b2,2024,espn_ba2,13,20240625192645
P470eca3f49,2024,espn_ba2,14,20240625192645
P4b73f3a250,2024,espn_ba2,15,20240625192645
Pb1c5565b99,2024,espn_ba2,16,20240625192645
P3bedf956bf,2024,espn_ba2,17,20240625192645
Pb1001f743e,2024,espn_ba2,18,20240625192645
Pbdde11b624,2024,espn_ba2,19,20240625192645
P0f6f43de8d,2024,espn_ba2,20,20240625192645
Pa306b38c4f,2024,espn_ba2,21,20240625192645
Pb0cd5d409b,2024,espn_ba2,22,20240625192645
P7a95b991f4,2024,espn_ba2,23,20240625192645
P23152d31e2,2024,espn_ba2,24,20240625192645
P65b97df144,2024,espn_ba2,25,20240625192645
P473649a3ff,2024,espn_ba2,26,20240625192645
Pa5d4a8fef6,2024,espn_ba2,27,20240625192645
P2a77fa93f7,2024,espn_ba2,28,20240625192645
P32ff4229d3,2024,espn_ba2,29,20240625192645
P9f04775c7a,2024,espn_ba2,30,20240625192645
Pa245962e52,2024,espn_ba2,31,20240625192645
Pf7cf72315c,2024,espn_ba2,32,20240625192645
P58407301c7,2024,espn_ba2,33,20240625192645
P74240d498b,2024,espn_ba2,34,20240625192645
Pd018d62aee,2024,espn_ba2,35,20240625192645
P1ccfa6c1ee,2024,espn_ba2,36,20240625192645
P429241cb33,2024,espn_ba2,37,20240625192645
P4bd2cd3d34,2024,espn_ba2,38,20240625192645
P35654567c0,2024,espn_ba2,39,20240625192645
Pa3f4257d20,2024,espn_ba2,40,20240625192645
P13f5a8ca49,2024,espn_ba2,41,20240625192645
P523c7506e7,2024,espn_ba2,42,20240625192645
Pf4a65045a1,2024,espn_ba2,43,20240625192645
P424c3aa3f2,2024,espn_ba2,44,20240625192645
P2bc6f2a3aa,2024,espn_ba2,45,20240625192645
Pada60a9da7,2024,espn_ba2,46,20240625192645
Pd1401169e8,2024,espn_ba2,47,20240625192645
Pcf591b3097,2024,espn_ba2,48,20240625192645
P0edbaa5011,2024,espn_ba2,49,20240625192645
P1a8fd8dc98,2024,espn_ba2,50,20240625192645
P367a636ba4,2024,espn_ba2,51,20240625192645
P66484e16cb,2024,espn_ba2,52,20240625192645
P9fc884bebd,2024,espn_ba2,53,20240625192645
P7572949d92,2024,espn_ba2,54,20240625192645
P8cc9424d6a,2024,espn_ba2,55,20240625192645
Pd3ead775c1,2024,espn_ba2,56,20240625192645
P0bcbee5c83,2024,espn_ba2,57,20240625192645
P218d8c92b9,2024,espn_ba2,58,20240625192645
Pa93866e530,2024,espn_ba2,59,20240625192645
P8b3507dca4,2024,espn_ba2,60,20240625192645
P6696ce1e71,2024,espn_ba2,61,20240625192645
P82e84aa110,2024,espn_ba2,62,20240625192645
Pd3d2fde686,2024,espn_ba2,63,20240625192645
P816913601a,2024,espn_ba2,64,20240625192645
P0e202d21b8,2024,espn_ba2,65,20240625192645
P2c7c71307b,2024,espn_ba2,66,20240625192645
Pdff50197cb,2024,espn_ba2,67,20240625192645
Pf99c720027,2024,espn_ba2,68,20240625192645
P414be319a7,2024,espn_ba2,69,20240625192645
P2382218b2e,2024,espn_ba2,70,20240625192645
Pb1d497dd3b,2024,espn_ba2,71,20240625192645
Pae3adc3ef4,2024,espn_ba2,72,20240625192645
Pd4ca66045e,2024,espn_ba2,73,20240625192645
P72ec1785e5,2024,espn_ba2,74,20240625192645
P2524393d71,2024,espn_ba2,75,20240625192645
P99ed7bd6ab,2024,espn_ba2,76,20240625192645
P26b4659b22,2024,espn_ba2,77,20240625192645
P75990d7854,2024,espn_ba2,78,20240625192645
Pe6c95cf044,2024,espn_ba2,79,20240625192645
P1ccfa6c1ee,2024,sportingnews,1,20240625155504
Pf7cf72315c,2024,sportingnews,2,20240625155504
P23152d31e2,2024,sportingnews,3,20240625155504
Pb0cd5d409b,2024,sportingnews,4,20240625155504
P2a77fa93f7,2024,sportingnews,5,20240625155504
Pa5d4a8fef6,2024,sportingnews,6,20240625155504
P473649a3ff,2024,sportingnews,7,20240625155504
P7a95b991f4,2024,sportingnews,8,20240625155504
Pd018d62aee,2024,sportingnews,9,20240625155504
Pa245962e52,2024,sportingnews,10,20240625155504
P74240d498b,2024,sportingnews,11,20240625155504
Pa3f4257d20,2024,sportingnews,12,20240625155504
P32ff4229d3,2024,sportingnews,13,20240625155504
P58407301c7,2024,sportingnews,14,20240625155504
P429241cb33,2024,sportingnews,15,20240625155504
P9f04775c7a,2024,sportingnews,16,20240625155504
P13f5a8ca49,2024,sportingnews,17,20240625155504
Pf4a65045a1,2024,sportingnews,18,20240625155504
P424c3aa3f2,2024,sportingnews,19,20240625155504
P35654567c0,2024,sportingnews,20,20240625155504
Pd1401169e8,2024,sportingnews,21,20240625155504
Pada60a9da7,2024,sportingnews,22,20240625155504
P086a09588e,2024,sportingnews,23,20240625155504
P0d7bcc4d57,2024,sportingnews,24,20240625155504
P523c7506e7,2024,sportingnews,25,20240625155504
Pf120e8dc11,2024,sportingnews,26,20240625155504
P4bbcd3bc18,2024,sportingnews,27,20240625155504
P2bc6f2a3aa,2024,sportingnews,28,20240625155504
Pfd3b474513,2024,sportingnews,29,20240625155504
Pe79de9d05b,2024,sportingnews,30,20240625155504
Pd62847824a,2024,sportingnews,31,20240625155504
P68ff50da96,2024,sportingnews,32,20240625155504
P1a8fd8dc98,2024,sportingnews,33,20240625155504
P367a636ba4,2024,sportingnews,34,20240625155504
Pa93866e530,2024,sportingnews,35,20240625155504
P3bedf956bf,2024,sportingnews,36,20240625155504
Pdf5a3388b3,2024,sportingnews,37,20240625155504
P9fc884bebd,2024,sportingnews,38,20240625155504
Pb1001f743e,2024,sportingnews,39,20240625155504
Pdbf2a4e286,2024,sportingnews,40,20240625155504
P7070c905f3,2024,sportingnews,41,20240625155504
P218d8c92b9,2024,sportingnews,42,20240625155504
P66484e16cb,2024,sportingnews,43,20240625155504
Pcf591b3097,2024,sportingnews,44,20240625155504
P4b73f3a250,2024,sportingnews,45,20240625155504
P470eca3f49,2024,sportingnews,46,20240625155504
Pbdde11b624,2024,sportingnews,47,20240625155504
Pa306b38c4f,2024,sportingnews,48,20240625155504
P0edbaa5011,2024,sportingnews,49,20240625155504
P8cc9424d6a,2024,sportingnews,50,20240625155504
Pafffac98b2,2024,sportingnews,51,20240625155504
P84e9dcbb3e,2024,sportingnews,52,20240625155504
