pid,mock_snaps,mock_listed,mock_first,mock_first_days,mock_last,mock_last_days,mock_best,mock_worst,mock_mean,mock_std,mock_delta,mock_delta_late,mock_share
P35f0fb7731,7,7,1,232,1,46,1,1,1.0,0.0,0,0,1.0
P41612ab4e2,7,7,2,232,6,46,2,6,3.71,1.98,4,4,1.0
Pba698d642d,7,7,3,232,3,46,3,4,3.43,0.49,0,-1,1.0
P3ff36ffdc1,7,4,4,232,3,127,3,4,3.25,0.43,-1,,0.57
P6232d5a44f,7,7,5,232,7,46,5,8,6.57,1.05,2,0,1.0
Pa430d00e1f,7,6,7,232,5,46,5,9,6.67,1.8,-2,-4,0.86
P48772fff87,7,7,8,232,30,46,8,30,18.43,8.52,22,16,1.0
Pde7308c87b,7,7,9,232,16,46,9,16,14.43,2.38,7,0,1.0
Pc2d24d5902,7,7,10,232,24,46,10,24,19.71,5.6,14,2,1.0
P1388f2fd26,7,2,12,232,7,87,7,12,9.5,2.5,-5,,0.29
Pfe5913c014,7,7,14,232,4,46,4,14,6.43,3.5,-10,-1,1.0
Pa7dbf13041,7,7,15,232,22,46,15,23,20.29,3.37,7,-1,1.0
P0cd98a270c,7,7,16,232,21,46,16,21,19.14,2.23,5,0,1.0
P3c885ec031,7,7,17,232,25,46,17,25,20.43,3.96,8,8,1.0
Pb7d583a85a,7,7,18,232,17,46,12,18,15.14,2.75,-1,5,1.0
Pa3fa433740,7,7,19,232,20,46,17,20,18.71,1.03,1,2,1.0
P9d5ce33ec0,7,7,20,232,35,46,20,35,28.14,6.36,15,9,1.0
Pe0b660d280,7,7,21,232,31,46,21,31,27.0,4.14,10,4,1.0
P9cddcdc1ad,7,7,22,232,49,46,22,49,40.57,10.46,27,5,1.0
Pe237a28a37,7,7,23,232,27,46,22,36,28.71,4.98,4,-6,1.0
P63236d3a70,7,7,24,232,33,46,24,38,32.14,5.0,9,-5,1.0
Pe6c9de6d86,7,2,25,232,25,211,25,25,25.0,0.0,0,,0.29
P87be528da0,7,7,26,232,36,46,26,37,34.0,3.74,10,0,1.0
P32d7e7e1eb,7,7,27,232,29,46,27,34,30.29,2.49,2,-5,1.0
P08bc96e9be,7,7,28,232,39,46,28,39,35.14,4.58,11,2,1.0
Pd70c9ef8df,7,7,30,232,9,46,8,34,15.29,10.63,-21,1,1.0
Pdc083a80a9,7,5,31,232,32,46,30,32,31.4,0.8,1,0,0.71
P429838957d,7,6,32,232,26,46,16,32,24.67,4.71,-6,2,0.86
P272ac40c3c,7,4,33,232,15,127,15,33,21.75,7.46,-18,,0.57
P2b95cb9990,7,5,34,232,54,87,34,54,46.2,6.73,20,,0.71
P076dcdb147,7,5,35,232,27,87,25,35,29.4,4.63,-8,,0.71
P170284fab5,7,6,37,232,34,46,31,37,33.5,2.06,-3,3,0.86
P173da90181,7,4,38,232,40,127,37,40,38.75,1.3,2,,0.57
P8943f8c99a,7,2,39,232,36,211,36,39,37.5,1.5,-3,,0.29
P90a7395cb0,7,6,40,232,14,46,14,40,27.17,10.43,-26,-14,0.86
Pf46613d969,7,7,42,232,45,46,42,48,45.29,1.98,3,-3,1.0
P34a08a87d4,7,7,44,232,48,46,44,50,47.71,1.98,4,-2,1.0
Pb3e461d4cf,7,4,45,232,39,127,39,47,42.5,3.57,-6,,0.57
Pceb9387e05,7,6,47,232,56,46,47,56,52.5,3.2,9,3,0.86
P6142a39d2b,7,7,51,232,59,46,51,60,56.71,2.96,8,2,1.0
Pa8a4b42a31,7,4,53,232,59,127,53,59,56.75,2.49,6,,0.57
P716f6175e4,7,4,54,232,43,46,43,54,45.75,4.76,-11,-11,0.57
Pc74b3d476e,7,7,56,232,51,46,51,60,55.29,3.92,-5,-9,1.0
P98391b949f,7,2,58,232,60,211,58,60,59.0,1.0,2,,0.29
P7699b7f669,7,6,7,211,10,46,7,10,9.5,1.12,3,0,0.86
P04526b8576,7,6,23,211,19,46,19,30,23.33,4.92,-4,-11,0.86
P289da7f9c1,7,6,33,211,18,46,15,33,24.67,7.74,-15,-14,0.86
Pee12c1b431,7,6,38,211,52,46,38,52,48.0,5.0,14,5,0.86
P69f4c7679c,7,6,42,211,44,46,42,44,43.0,1.0,2,2,0.86
Pa9f698b274,7,1,52,211,52,211,52,52,52.0,0.0,0,,0.14
P1cf3ac09b1,7,6,57,211,50,46,50,57,53.17,3.18,-7,-6,0.86
P842bafbfda,7,5,35,142,40,46,35,40,37.8,2.32,5,5,0.71
Pdc49b6ecb0,7,5,45,142,47,46,45,47,46.2,0.98,2,2,0.71
P388cb0d5da,7,3,21,87,12,46,12,21,15.0,4.24,-9,,0.43
P866e6f90bf,7,3,40,87,37,46,37,40,38.0,1.41,-3,,0.43
P80eaeaa85d,7,3,58,87,46,46,46,58,50.0,5.66,-12,,0.43
P64263ced9d,7,7,2,238,2,7,2,5,3.57,1.05,0,-2,1.0
P61afdc25a4,7,7,3,238,1,7,1,4,1.71,1.16,-2,0,1.0
P7dcdc4ccdd,7,7,4,238,5,7,2,5,4.43,1.05,1,0,1.0
Pc3e0235987,7,7,5,238,3,7,2,5,2.71,1.03,-2,1,1.0
P392363bcf2,7,4,7,238,22,82,7,23,18.5,6.65,15,,0.57
P45a39b68c1,7,7,12,238,6,7,6,13,7.86,2.95,-6,0,1.0
Pf6213e9937,7,6,15,238,22,7,14,22,17.67,2.62,7,3,0.86
Pa090759337,7,6,19,238,17,82,12,19,15.5,2.43,-2,,0.86
P0326e23b0d,7,7,20,238,34,7,12,34,24.14,7.55,14,18,1.0
P4110110f37,7,7,26,238,33,7,13,33,19.86,6.79,7,20,1.0
P88205fde52,7,4,30,238,39,114,25,39,30.5,5.22,9,,0.57
Pd1118f9ab3,7,1,32,238,32,238,32,32,32.0,0.0,0,,0.14
Pf10c6bc653,7,3,33,238,60,134,33,60,45.0,11.22,27,,0.43
Pe225c37146,7,7,34,238,49,7,32,50,43.57,7.17,15,7,1.0
P9fd480084b,7,7,35,238,32,7,17,35,24.0,6.26,-3,15,1.0
P72048f0a4a,7,6,39,238,53,82,36,53,44.67,7.45,14,,0.86
P30aaba02d5,7,7,40,238,46,7,33,50,40.29,5.9,6,-4,1.0
Pcf11d56327,7,3,44,238,60,7,44,60,53.0,6.68,16,5,0.43
Pf2b31fcc76,7,6,47,238,47,82,45,57,48.83,3.93,0,,0.86
P65cc7bdb71,7,1,48,238,48,238,48,48,48.0,0.0,0,,0.14
Pc46db0f497,7,2,49,238,44,184,44,49,46.5,2.5,-5,,0.29
P71399e9935,7,7,52,238,59,7,52,59,55.29,2.31,7,5,1.0
P90932c4b0a,7,3,53,238,54,7,53,59,55.33,2.62,1,-5,0.43
Pc9a85d9349,7,5,55,238,56,82,44,57,53.6,4.84,1,,0.71
P05f9ca4653,7,7,58,238,15,7,15,58,37.71,13.27,-43,-25,1.0
Pc97a1282a3,7,6,1,184,4,7,1,4,2.83,0.9,3,1,0.86
P9e82692a6d,7,6,6,184,14,7,6,14,10.67,2.75,8,6,0.86
Pa0882490f6,7,6,8,184,18,7,7,18,9.0,4.04,10,11,0.86
Pf0fd005549,7,6,30,184,20,7,16,30,24.0,4.62,-10,-6,0.86
P854a3a23a2,7,5,34,184,13,82,13,34,22.6,9.26,-21,,0.71
P0843caad4a,7,2,35,184,45,134,35,45,40.0,5.0,10,,0.29
P71e4e7122a,7,3,37,184,54,114,37,54,46.33,7.04,17,,0.43
P82dc635a40,7,6,38,184,29,7,25,38,31.5,5.41,-9,-6,0.86
P30169adef4,7,1,45,184,45,184,45,45,45.0,0.0,0,,0.14
P2c8aa67899,7,6,46,184,13,7,9,46,20.0,13.27,-33,-15,0.86
P21372aaded,7,5,54,184,41,82,41,56,47.2,6.49,-13,,0.71
P150b11f782,7,1,57,184,57,184,57,57,57.0,0.0,0,,0.14
Pa99e47f62c,7,1,60,184,60,184,60,60,60.0,0.0,0,,0.14
P0057628fa2,7,5,10,134,17,7,9,17,11.2,2.93,7,7,0.71
P90b2305671,7,5,11,134,27,7,11,27,19.0,5.06,16,16,0.71
P69549f38f2,7,2,15,134,11,7,11,15,13.0,2.0,-4,-4,0.29
P9badd97dfe,7,5,30,134,30,7,27,31,29.8,1.47,0,0,0.71
P1e1b55c58c,7,4,36,134,34,82,34,38,35.5,1.66,-2,,0.57
Pb3cfb2c388,7,5,41,134,23,7,23,41,32.2,5.71,-18,-18,0.71
Pbfadf35dca,7,5,49,134,48,7,48,60,54.6,5.04,-1,-1,0.71
Pb1d56c9c96,7,5,52,134,31,7,31,52,47.2,8.18,-21,-21,0.71
P983ac07ff1,7,1,58,134,58,134,58,58,58.0,0.0,0,,0.14
P721d8fa8f9,7,4,8,114,8,7,8,8,8.0,0.0,0,,0.57
Pb2632428b5,7,2,11,114,9,7,9,11,10.0,1.0,-2,,0.29
P87ada0d006,7,4,32,114,21,7,21,37,31.75,6.53,-11,,0.57
Pfce02776de,7,4,36,114,28,7,28,42,37.0,5.74,-8,,0.57
Pe728a39ea0,7,4,42,114,51,7,42,51,46.25,3.19,9,,0.57
Pba95727095,7,4,46,114,42,7,42,46,44.5,1.5,-4,,0.57
P606c98790a,7,2,21,100,21,82,21,21,21.0,0.0,0,,0.29
P9adb5133bc,7,2,38,100,38,82,38,38,38.0,0.0,0,,0.29
P6bb68789bc,7,2,49,100,49,82,49,49,49.0,0.0,0,,0.29
P152905cef4,7,3,51,100,45,7,45,51,49.0,2.83,-6,,0.43
P4e35bd6add,7,1,25,7,25,7,25,25,25.0,0.0,0,,0.14
Pac178f1473,7,1,36,7,36,7,36,36,36.0,0.0,0,,0.14
Pc131e1ee6f,7,1,39,7,39,7,39,39,39.0,0.0,0,,0.14
Pc624860c4a,7,1,40,7,40,7,40,40,40.0,0.0,0,,0.14
P3364db28a5,7,1,52,7,52,7,52,52,52.0,0.0,0,,0.14
P16b88a2183,4,2,2,131,2,105,2,2,2.0,0.0,0,,0.5
Pbfdaa31fd0,4,2,3,131,3,105,3,3,3.0,0.0,0,,0.5
Pa95793f720,4,2,4,131,4,105,4,4,4.0,0.0,0,,0.5
Pfa7a6f2536,4,2,5,131,5,105,5,5,5.0,0.0,0,,0.5
Pce7c8a9da0,4,2,6,131,6,105,6,6,6.0,0.0,0,,0.5
Paac5dcb74c,4,2,9,131,17,105,9,17,13.0,4.0,8,,0.5
P86df290cda,4,1,11,131,11,131,11,11,11.0,0.0,0,,0.25
P5cba6e4b4b,4,2,12,131,9,105,9,12,10.5,1.5,-3,,0.5
P9d848af991,4,2,13,131,11,105,11,13,12.0,1.0,-2,,0.5
P7d4b1d6e8f,4,2,14,131,13,105,13,14,13.5,0.5,-1,,0.5
Pd5316f2e65,4,2,15,131,22,105,15,22,18.5,3.5,7,,0.5
P3a3a5bbbef,4,2,17,131,12,105,12,17,14.5,2.5,-5,,0.5
P4e8883caf8,4,2,18,131,15,105,15,18,16.5,1.5,-3,,0.5
Pa5128e8532,4,2,19,131,16,105,16,19,17.5,1.5,-3,,0.5
P50d6953351,4,2,20,131,19,105,19,20,19.5,0.5,-1,,0.5
P1191691c20,4,2,21,131,25,105,21,25,23.0,2.0,4,,0.5
P3a5b76349f,4,2,24,131,27,105,24,27,25.5,1.5,3,,0.5
Pa06f6a14b5,4,2,25,131,32,105,25,32,28.5,3.5,7,,0.5
Pd6b4848f72,4,2,26,131,26,105,26,26,26.0,0.0,0,,0.5
Pe3c0fc5a9e,4,2,27,131,24,105,24,27,25.5,1.5,-3,,0.5
P14882ceff6,4,1,28,131,28,131,28,28,28.0,0.0,0,,0.25
Pab39ee5462,4,2,32,131,30,105,30,32,31.0,1.0,-2,,0.5
P8c8d5105c2,4,2,33,131,28,105,28,33,30.5,2.5,-5,,0.5
Pa067c50f94,4,1,35,131,35,131,35,35,35.0,0.0,0,,0.25
P9e732e040b,4,1,36,131,36,131,36,36,36.0,0.0,0,,0.25
P96bc00aaed,4,2,41,131,35,105,35,41,38.0,3.0,-6,,0.5
P22caf129cd,4,2,49,131,55,105,49,55,52.0,3.0,6,,0.5
P19ae0a39ff,4,2,56,131,54,105,54,56,55.0,1.0,-2,,0.5
P6521ad0003,4,1,60,131,60,131,60,60,60.0,0.0,0,,0.25
P919e355315,4,1,7,105,7,105,7,7,7.0,0.0,0,,0.25
P20596267f7,4,1,14,105,14,105,14,14,14.0,0.0,0,,0.25
Pae46fa4aa5,4,1,20,105,20,105,20,20,20.0,0.0,0,,0.25
Pe22f69b7a0,4,1,41,105,41,105,41,41,41.0,0.0,0,,0.25
Pdeabbe5993,4,1,60,105,60,105,60,60,60.0,0.0,0,,0.25
P144ed94c77,3,3,1,187,1,103,1,1,1.0,0.0,0,,1.0
P51e5ade0ce,3,3,2,187,2,103,2,2,2.0,0.0,0,,1.0
P664a2ede66,3,1,5,187,5,187,5,5,5.0,0.0,0,,0.33
P1999b4880f,3,3,8,187,6,103,6,8,7.0,0.82,-2,,1.0
P523c5eb5e6,3,2,10,187,13,140,10,13,11.5,1.5,3,,0.67
P1e59a7a7a1,3,2,11,187,9,103,9,11,10.0,1.0,-2,,0.67
P9180c4596b,3,3,12,187,13,103,12,14,13.0,0.82,1,,1.0
P47a1cc70a3,3,3,13,187,12,103,6,13,10.33,3.09,-1,,1.0
P71f8c1b48d,3,3,16,187,10,103,9,16,11.67,3.09,-6,,1.0
P9a144a10c5,3,3,17,187,23,103,15,23,18.33,3.4,6,,1.0
Pf0ef0714b6,3,2,19,187,15,103,15,19,17.0,2.0,-4,,0.67
P9aef7770b8,3,3,20,187,20,103,19,20,19.67,0.47,0,,1.0
P18c14dbf8f,3,3,23,187,26,103,22,26,23.67,1.7,3,,1.0
P7bf5b1ca03,3,2,24,187,11,103,11,24,17.5,6.5,-13,,0.67
Pbf5a7a4d5b,3,3,26,187,24,103,24,28,26.0,1.63,-2,,1.0
P0b253c1504,3,2,27,187,29,103,27,29,28.0,1.0,2,,0.67
P7589e6b4d5,3,2,32,187,36,140,32,36,34.0,2.0,4,,0.67
P2db6f2cc8f,3,3,35,187,21,103,21,35,27.67,5.73,-14,,1.0
Pa12a517258,3,3,38,187,32,103,32,38,35.0,2.45,-6,,1.0
P5698276a02,3,3,42,187,22,103,22,42,29.33,8.99,-20,,1.0
Pb7b7147bb1,3,1,43,187,43,187,43,43,43.0,0.0,0,,0.33
Pd5f2794063,3,2,53,187,49,103,49,53,51.0,2.0,-4,,0.67
P8bf21cf88b,3,3,54,187,60,103,52,60,55.33,3.4,6,,1.0
Pa813594724,3,2,4,140,5,103,4,5,4.5,0.5,1,,0.67
Pfdcf13c664,3,2,5,140,7,103,5,7,6.0,1.0,2,,0.67
P7200ebcdd8,3,1,10,140,10,140,10,10,10.0,0.0,0,,0.33
P655613d84a,3,2,12,140,18,103,12,18,15.0,3.0,6,,0.67
Pe60cc64195,3,2,17,140,16,103,16,17,16.5,0.5,-1,,0.67
P6187cee451,3,2,30,140,31,103,30,31,30.5,0.5,1,,0.67
Pa4e79c2199,3,2,34,140,27,103,27,34,30.5,3.5,-7,,0.67
Pf9f33f79e7,3,2,42,140,44,103,42,44,43.0,1.0,2,,0.67
P3860306e22,3,1,56,140,56,140,56,56,56.0,0.0,0,,0.33
Pe1411c667e,3,2,57,140,54,103,54,57,55.5,1.5,-3,,0.67
P7075ac01b8,3,1,58,140,58,140,58,58,58.0,0.0,0,,0.33
Pe8ffde2213,3,1,60,140,60,140,60,60,60.0,0.0,0,,0.33
P6b4a74f110,3,1,14,103,14,103,14,14,14.0,0.0,0,,0.33
P0035c2f0b3,3,1,17,103,17,103,17,17,17.0,0.0,0,,0.33
P0db0d3c576,3,1,30,103,30,103,30,30,30.0,0.0,0,,0.33
P26ad072598,3,1,34,103,34,103,34,34,34.0,0.0,0,,0.33
P9b886526e3,3,1,35,103,35,103,35,35,35.0,0.0,0,,0.33
P07bb9cb58f,3,1,36,103,36,103,36,36,36.0,0.0,0,,0.33
P659b205e3c,3,1,52,103,52,103,52,52,52.0,0.0,0,,0.33
Pc074e62881,3,1,58,103,58,103,58,58,58.0,0.0,0,,0.33
P65b97df144,5,5,1,234,2,9,1,2,1.8,0.4,1,1,1.0
Pdbf2a4e286,5,4,4,234,45,9,4,45,33.25,16.93,41,41,0.8
Pa5d4a8fef6,5,5,5,234,5,9,5,6,5.4,0.49,0,0,1.0
P2a77fa93f7,5,4,7,234,6,15,6,7,6.75,0.43,-1,-1,0.8
Pdf5a3388b3,5,5,10,234,31,9,10,33,26.8,8.49,21,21,1.0
P2bc6f2a3aa,5,4,11,234,33,9,11,33,22.5,7.83,22,22,0.8
Pa93866e530,5,4,13,234,29,15,13,31,25.25,7.15,16,16,0.8
P23152d31e2,5,5,15,234,1,9,1,15,3.8,5.6,-14,-14,1.0
Pada60a9da7,5,5,20,234,23,9,12,23,18.2,4.4,3,3,1.0
P8cc9424d6a,5,5,21,234,42,9,21,42,32.0,6.66,21,21,1.0
P58407301c7,5,5,22,234,8,9,8,22,14.0,4.86,-14,-14,1.0
Pb0cd5d409b,5,5,24,234,7,9,7,24,12.6,6.02,-17,-17,1.0
P429241cb33,5,5,25,234,16,9,16,25,19.4,4.18,-9,-9,1.0
P2382218b2e,5,1,27,234,27,234,27,27,27.0,0.0,0,,0.2
P84e9dcbb3e,5,2,30,234,52,9,30,52,41.0,11.0,22,22,0.4
Pd018d62aee,5,5,34,234,19,9,12,34,18.8,7.98,-15,-15,1.0
P0edbaa5011,5,5,49,234,36,9,36,49,43.4,5.31,-13,-13,1.0
P1a8fd8dc98,5,5,52,234,41,9,39,52,42.4,4.88,-11,-11,1.0
P66484e16cb,5,1,54,234,54,234,54,54,54.0,0.0,0,,0.2
P1ccfa6c1ee,5,4,60,234,21,9,21,60,37.25,14.24,-39,-39,0.8
P7a95b991f4,5,4,3,40,10,9,3,10,5.75,2.95,7,,0.8
P473649a3ff,5,4,5,40,3,9,3,5,4.0,1.0,-2,,0.8
P74240d498b,5,4,8,40,24,9,8,24,12.0,6.93,16,,0.8
P9f04775c7a,5,4,11,40,13,9,11,14,12.25,1.3,2,,0.8
P68ff50da96,5,3,14,40,34,9,14,34,23.33,8.22,20,,0.6
Pf4a65045a1,5,4,17,40,18,9,17,19,18.0,0.71,1,,0.8
Pf120e8dc11,5,3,18,40,20,15,18,24,20.67,2.49,2,,0.6
P424c3aa3f2,5,4,19,40,12,9,12,19,16.25,2.59,-7,,0.8
P35654567c0,5,4,20,40,29,9,18,29,22.0,4.18,9,,0.8
P523c7506e7,5,4,21,40,17,9,17,23,20.0,2.24,-4,,0.8
P32ff4229d3,5,4,23,40,11,9,11,23,16.25,5.36,-12,,0.8
Pd1401169e8,5,4,26,40,22,9,21,28,24.25,2.86,-4,,0.8
P13f5a8ca49,5,4,27,40,15,9,15,30,24.75,5.76,-12,,0.8
Pe79de9d05b,5,4,30,40,27,9,27,30,28.5,1.5,-3,,0.8
P218d8c92b9,5,3,36,40,34,15,33,36,34.33,1.25,-2,,0.6
Pa306b38c4f,5,4,40,40,48,9,37,48,42.75,4.44,8,,0.8
P82e84aa110,5,4,41,40,44,9,40,44,42.25,1.79,3,,0.8
P4b73f3a250,5,4,42,40,43,9,41,43,42.25,0.83,1,,0.8
P816913601a,5,3,44,40,53,15,44,53,47.0,4.24,9,,0.6
P0d7bcc4d57,5,4,45,40,38,9,38,45,40.0,2.92,-7,,0.8
P3bedf956bf,5,3,48,40,51,15,46,51,48.33,2.05,3,,0.6
P367a636ba4,5,2,49,40,50,24,49,50,49.5,0.5,1,,0.4
P470eca3f49,5,4,52,40,32,9,32,59,50.25,10.87,-20,,0.8
P9fc884bebd,5,4,53,40,53,9,53,56,54.5,1.5,0,,0.8
P2c7c71307b,5,4,54,40,46,9,46,60,53.25,4.97,-8,,0.8
Pfd3b474513,5,4,57,40,30,9,30,57,43.25,10.45,-27,,0.8
P7070c905f3,5,4,59,40,40,9,40,59,45.5,7.89,-19,,0.8
P8b3507dca4,5,1,60,40,60,40,60,60,60.0,0.0,0,,0.2
Pa3f4257d20,5,3,26,24,14,9,14,26,22.0,5.66,-12,,0.6
Pcf591b3097,5,2,34,24,20,9,20,34,27.0,7.0,-14,,0.4
Pd3ead775c1,5,3,45,24,58,9,45,58,52.67,5.56,13,,0.6
P0f6f43de8d,5,3,51,24,54,9,50,54,51.67,1.7,3,,0.6
Pafffac98b2,5,3,52,24,39,9,39,52,46.33,5.44,-13,,0.6
Pb1c5565b99,5,2,54,24,54,15,54,54,54.0,0.0,0,,0.4
Pf7cf72315c,5,3,55,24,56,9,52,56,54.33,1.7,1,,0.6
Pb1001f743e,5,2,45,15,51,9,45,51,48.0,3.0,6,,0.4
Pa245962e52,5,1,6,9,6,9,6,6,6.0,0.0,0,,0.2
Pbdde11b624,5,1,55,9,55,9,55,55,55.0,0.0,0,,0.2
P3d8ccdb639,5,5,1,226,1,28,1,1,1.0,0.0,0,0,1.0
P12ee990c18,5,4,2,226,3,28,2,4,2.75,0.83,1,1,0.8
P4e09db2338,5,5,3,226,4,28,3,8,4.8,1.72,1,-1,1.0
P9b4a07a3b9,5,2,4,226,20,28,4,20,12.0,8.0,16,16,0.4
Pf3b62cae3c,5,2,6,226,3,111,3,6,4.5,1.5,-3,,0.4
Pcb16689c6c,5,4,8,226,17,28,6,17,10.0,4.18,9,11,0.8
P3ee6bf444e,5,4,13,226,5,111,4,13,6.75,3.63,-8,,0.8
P1a135db58f,5,5,16,226,9,28,3,16,9.2,4.12,-7,0,1.0
P6ddd309f80,5,4,17,226,34,28,17,34,24.25,7.08,17,6,0.8
P32fecc73d2,5,5,21,226,10,28,10,21,14.6,3.93,-11,-5,1.0
Pb9eccb67f7,5,5,30,226,18,28,18,30,25.6,4.41,-12,-7,1.0
Pb7270acc46,5,1,33,226,33,226,33,33,33.0,0.0,0,,0.2
P43b2e2aa2f,5,5,41,226,11,28,11,41,27.0,12.07,-30,-12,1.0
Pc0a66d6cca,5,5,42,226,31,28,16,42,29.0,8.39,-11,15,1.0
Pf25d15a954,5,3,48,226,51,28,44,51,47.67,2.87,3,3,0.6
Pf38ea886b7,5,4,51,226,39,111,39,52,45.25,6.26,-12,,0.8
P25ddbfff0e,5,1,54,226,54,226,54,54,54.0,0.0,0,,0.2
Pd8f68848a0,5,4,6,182,8,28,6,13,9.75,2.86,2,-4,0.8
P679974836f,5,4,19,182,32,28,12,32,21.75,7.29,13,8,0.8
P318e86822c,5,4,26,182,13,28,13,38,26.5,8.96,-13,-16,0.8
Pec8256037d,5,4,29,182,45,28,29,45,34.25,6.3,16,14,0.8
Pdec9ef7c46,5,4,33,182,21,28,21,35,30.0,5.39,-12,-14,0.8
Pa29e5f68db,5,4,34,182,36,28,34,36,35.0,1.0,2,2,0.8
P49b4c451ec,5,4,35,182,46,28,35,46,42.0,4.18,11,2,0.8
P495dd3afc8,5,4,43,182,53,28,41,53,46.25,4.66,10,12,0.8
P259fbebd69,5,4,46,182,43,28,36,47,43.0,4.3,-3,7,0.8
P07109e12fd,5,1,49,182,49,182,49,49,49.0,0.0,0,,0.2
P8d3b3436aa,5,2,50,182,59,111,50,59,54.5,4.5,9,,0.4
P24c85e006b,5,4,51,182,30,28,30,51,40.25,7.46,-21,-9,0.8
P277e56e049,5,4,52,182,54,28,50,54,52.25,1.48,2,1,0.8
P694212af03,5,2,54,182,55,148,54,55,54.5,0.5,1,,0.4
P6ce9cb925d,5,3,55,182,56,111,55,57,56.0,0.82,1,,0.6
P6146f5260f,5,1,59,182,59,182,59,59,59.0,0.0,0,,0.2
Padf63a93ad,5,3,11,148,27,28,7,27,15.0,8.64,16,16,0.6
P15b8c13058,5,3,22,148,12,28,12,22,18.33,4.5,-10,-10,0.6
Pdde13713ff,5,3,42,148,19,28,19,42,31.67,9.53,-23,-23,0.6
P445f167264,5,3,45,148,56,28,45,56,48.67,5.19,11,11,0.6
P307cead4af,5,3,47,148,37,28,37,47,40.33,4.71,-10,-10,0.6
P5f9ce00466,5,2,14,111,6,28,6,14,10.0,4.0,-8,,0.4
P884e8ee6b6,5,2,17,111,15,28,15,17,16.0,1.0,-2,,0.4
P07268bf0e1,5,2,18,111,5,28,5,18,11.5,6.5,-13,,0.4
P3f654a33fe,5,1,14,28,14,28,14,14,14.0,0.0,0,,0.2
P7ba2fa977b,5,1,26,28,26,28,26,26,26.0,0.0,0,,0.2
Pf4e651b50c,5,1,29,28,29,28,29,29,29.0,0.0,0,,0.2
Pd4c3f94c64,5,1,41,28,41,28,41,41,41.0,0.0,0,,0.2
P3651ab0a99,5,1,47,28,47,28,47,47,47.0,0.0,0,,0.2
Pad9c27fcb6,5,1,49,28,49,28,49,49,49.0,0.0,0,,0.2
Pc2ef5dcf11,5,1,50,28,50,28,50,50,50.0,0.0,0,,0.2
P19a9559b15,5,1,52,28,52,28,52,52,52.0,0.0,0,,0.2
Pfc563b417e,5,1,57,28,57,28,57,57,57.0,0.0,0,,0.2
P155e770e32,5,1,58,28,58,28,58,58,58.0,0.0,0,,0.2
P8db9055dd7,1,1,1,240,1,240,1,1,1.0,0.0,0,,1.0
P865ed42223,1,1,2,240,2,240,2,2,2.0,0.0,0,,1.0
Pbbefe0eca9,1,1,5,240,5,240,5,5,5.0,0.0,0,,1.0
P2086e31fc5,1,1,9,240,9,240,9,9,9.0,0.0,0,,1.0
P0d5beb0152,1,1,10,240,10,240,10,10,10.0,0.0,0,,1.0
P0fc299eb1c,1,1,13,240,13,240,13,13,13.0,0.0,0,,1.0
P7c5fe0ebd3,1,1,16,240,16,240,16,16,16.0,0.0,0,,1.0
P81fe4dcd33,1,1,19,240,19,240,19,19,19.0,0.0,0,,1.0
P3dfb31f267,1,1,23,240,23,240,23,23,23.0,0.0,0,,1.0
Pad2abbabb5,1,1,27,240,27,240,27,27,27.0,0.0,0,,1.0
Pd51160cf5e,1,1,36,240,36,240,36,36,36.0,0.0,0,,1.0
Pbe096a5b87,1,1,37,240,37,240,37,37,37.0,0.0,0,,1.0
P3cb9458e5b,1,1,39,240,39,240,39,39,39.0,0.0,0,,1.0
P2b19f4fd38,1,1,40,240,40,240,40,40,40.0,0.0,0,,1.0
P53d139a0c8,1,1,43,240,43,240,43,43,43.0,0.0,0,,1.0
Pfc8df2f375,1,1,45,240,45,240,45,45,45.0,0.0,0,,1.0
