pid,name,draft_year,split,path,intl_level,intl_gp,age,drafted
P58604dcdcf,Nigel Hayes,2017,train,other,,,,0
P16f60c6002,Sheldon McClellan,2016,train,other,,,,0
P3e493925a2,Emmanuel Mudiay,2015,train,international,,,19.3,1
Pa779a7b0cf,Willy Hernangomez,2015,train,international,4.0,16.0,21.08,1
P6c859977a5,Joe Young,2015,train,college_pre2008_or_unlinked,,,22.99,1
P49f423e70e,Vincent Hunter,2017,train,college_pre2008_or_unlinked,3.0,9.0,22.639999999999997,0
P5849f19551,Cedi Osman,2015,train,international,4.0,39.0,20.21,1
P4ba2b4830d,Luis Montero,2015,train,international,,,,0
P04e5776a76,Cristiano Felicio,2015,train,international,1.0,8.0,23.13,0
Pfc32d168da,Boban Marjanovic,2015,train,international,4.0,33.0,26.61,0
P1ef5f1c321,Axel Toupane,2015,train,international,4.0,14.0,22.68,0
P35fcccf6c9,Salah Mejri,2015,train,international,4.0,27.0,,0
Pf326870436,Marcelo Huertas,2015,train,international,3.0,29.0,31.84,0
P96a831649e,Jacob Pullen,2017,train,college_pre2008_or_unlinked,4.0,17.0,27.38,0
Pcb1e0b77ca,Jonathan Gibson,2016,train,college_pre2008_or_unlinked,3.0,30.0,28.38,0
P4879fe4868,Malcolm Delaney,2016,train,college_pre2008_or_unlinked,4.0,31.0,27.04,0
Pe528778159,Walter Lemon Jr.,2017,train,college_pre2008_or_unlinked,2.0,47.0,24.15,0
Pef9b8757a6,Alex Stepheson,2015,train,college_pre2008_or_unlinked,3.0,29.0,27.639999999999997,0
P53f786523f,Dragan Bender,2016,train,international,4.0,7.0,18.6,1
P4b59f5fe56,Thon Maker,2016,train,international,,,19.33,1
P9c2d575f48,Zhou Qi,2016,train,international,,,20.44,1
P9260f65add,Kay Felder,2016,train,college_pre2008_or_unlinked,,,21.24,1
Pcb0e772806,Timothe Luwawu-Cabarrot,2016,train,international,3.0,28.0,21.13,1
P1a32cd4176,Ante Zizic,2016,train,international,3.0,13.0,19.47,1
P83cf60968a,Petr Cornelie,2016,train,international,3.0,10.0,20.92,1
P7222e0f90b,Juancho Hernangomez,2016,train,international,1.0,10.0,20.74,1
Pd7c989b67a,Guerschon Yabusele,2016,train,international,1.0,9.0,20.52,1
P64adb31e4d,Ivica Zubac,2016,train,international,3.0,2.0,19.27,1
Paca468f5b5,Georgios Papagiannis,2016,train,international,4.0,6.0,18.98,1
Pcf60b82b9d,Paul Zipser,2016,train,international,4.0,40.0,22.35,1
P049f342950,Mindaugas Kuzminskas,2016,train,international,4.0,34.0,,0
P41923cb473,Nicolas Brussino,2016,train,international,,,,0
P2bc89b6490,Nicolas Laprovittola,2016,train,international,3.0,20.0,,0
Pb2b564e4f2,Jordan Loyd,2018,train,college_pre2008_or_unlinked,2.0,49.0,24.15,0
P55c2defaf8,Mitchell Creek,2018,train,international,3.0,24.0,25.919999999999998,0
P46cfb45fde,Frank Ntilikina,2017,train,international,4.0,14.0,18.91,1
P54d4de841c,Terrance Ferguson,2017,train,college_pre2008_or_unlinked,3.0,27.0,19.11,1
P2ad4235514,Isaiah Hartenstein,2017,train,international,4.0,29.0,19.14,1
Pe5fb05fea3,Anzejs Pasecniks,2017,train,international,3.0,32.0,21.51,1
Pa4877bedac,Sasha Vezenkov,2017,train,international,4.0,30.0,21.89,1
P3e5c820c70,Vlatko Cancar,2017,train,international,3.0,14.0,20.21,1
Pd13759b893,Mike James,2017,train,college_pre2008_or_unlinked,2.0,1.0,26.15,0
Pd9320fa884,Milos Teodosic,2017,train,international,4.0,29.0,30.029999999999998,0
P4d32b8b12e,Maxi Kleber,2017,train,international,,,,0
P35bbbcf03e,Naz Mitrou-Long,2017,train,international,,,,0
P1ee493f763,Jaylen Morris,2017,train,college_pre2008_or_unlinked,,,,0
Pd064221ae2,Mitchell Robinson,2018,train,college_pre2008_or_unlinked,,,20.23,1
Pf271325d7b,Anfernee Simons,2018,train,college_pre2008_or_unlinked,,,19.05,1
Pcaa6f4e965,Luka Doncic,2018,train,international,4.0,28.0,19.32,1
P61add2364f,Dzanan Musa,2018,train,international,4.0,25.0,19.13,1
Pf5ec6d144b,Elie Okobo,2018,train,international,3.0,11.0,20.67,1
P379ec45447,Rodions Kurucs,2018,train,international,4.0,6.0,20.38,1
Pefc5241948,Isaac Bonga,2018,train,international,3.0,33.0,18.63,1
P5ff9cbca0f,Arnoldas Kulboka,2018,train,international,3.0,29.0,20.47,1
P8fc9787b05,Emanuel Terry,2018,train,college_pre2008_or_unlinked,,,,0
Pefe5f00afd,Ryan Broekhoff,2018,train,international,4.0,16.0,27.59,0
P5c0dd77b3d,Haywood Highsmith,2018,train,college_pre2008_or_unlinked,,,,0
P7f30d796bb,Dairis Bertans,2018,train,international,4.0,28.0,28.549999999999997,0
P29710a392c,Eugene Jeter,2010,train,college_pre2008_or_unlinked,4.0,3.0,27.119999999999997,0
P0f2f594f0f,Walker Russell,2011,train,college_pre2008_or_unlinked,3.0,37.0,28.15,0
P10d6b2ba68,Andre Ingram,2017,train,college_pre2008_or_unlinked,2.0,10.0,31.15,0
P16bad3a52e,Eric Dawson,2011,train,college_pre2008_or_unlinked,2.0,14.0,26.15,0
P4f54eef176,Carldell Johnson,2011,train,college_pre2008_or_unlinked,2.0,46.0,28.15,0
Pdb8fb82c3b,Garret Siler,2010,train,college_pre2008_or_unlinked,,,,0
Pba6ba7bcf4,Larry Owens,2010,train,college_pre2008_or_unlinked,2.0,50.0,27.15,0
P74a501a7bb,Dionte Christmas,2013,train,college_pre2008_or_unlinked,4.0,3.0,26.529999999999998,0
P55c8e33d89,Shane Edwards,2013,train,college_pre2008_or_unlinked,3.0,28.0,25.83,0
P440f6cc00f,Kevin Seraphin,2010,train,international,3.0,6.0,20.55,1
Pabb4255b19,Tibor Pleiss,2010,train,international,3.0,45.0,20.64,1
Pe97fa79993,Nemanja Bjelica,2010,train,international,3.0,20.0,22.13,1
P989e9714fc,Pape Sy,2010,train,international,1.0,8.0,22.22,1
P76dbb66d26,Timofey Mozgov,2010,train,international,4.0,16.0,23.7,0
P25609e2dfe,Elijah Millsap,2014,train,college_pre2008_or_unlinked,2.0,1.0,26.15,0
P5969d3ea2a,Enes Kanter,2011,train,international,3.0,5.0,19.1,1
Pb5da2dd439,Jonas Valanciunas,2011,train,international,4.0,33.0,19.13,1
P4ec69893f6,Jan Vesely,2011,train,international,4.0,26.0,21.17,1
P148aecdd52,Bismack Biyombo,2011,train,international,3.0,14.0,18.82,1
Pce366ff1b3,Donatas Motiejunas,2011,train,international,4.0,30.0,20.76,1
P31bc34ca23,Nikola Mirotic,2011,train,international,4.0,29.0,20.37,1
P3e5e9d6579,Jeremy Tyler,2011,train,college_pre2008_or_unlinked,,,20.01,1
P2606a3d161,Davis Bertans,2011,train,international,3.0,7.0,18.61,1
Pd125ec3ee3,Brad Wanamaker,2018,train,college_pre2008_or_unlinked,4.0,24.0,28.669999999999998,0
P542c8bbfa1,Gustavo Ayon,2011,train,international,3.0,33.0,,0
Pc0b16a51f2,Tomas Satoransky,2012,train,international,3.0,34.0,20.65,1
P0dca4f55c4,Furkan Aldemir,2012,train,international,4.0,34.0,20.88,1
P8e2f7481af,Tornike Shengelia,2012,train,international,4.0,9.0,20.72,1
Pf3fb310df6,Ognjen Kuzmic,2012,train,international,3.0,2.0,22.11,1
P289650de8a,Viacheslav Kravtsov,2012,train,international,3.0,14.0,24.59,0
P909613bae5,Mirza Teletovic,2012,train,international,4.0,34.0,,0
Pc6095e56a1,Chris Copeland,2012,train,college_pre2008_or_unlinked,,,,0
P0c0603520c,Pablo Prigioni,2012,train,international,3.0,32.0,,0
P10bdb64d5d,Alexey Shved,2012,train,international,4.0,21.0,23.279999999999998,0
Pae1e3e2903,Brian Roberts,2012,train,college_pre2008_or_unlinked,4.0,44.0,26.31,0
P65d56567c7,Willie Reed,2015,train,college_pre2008_or_unlinked,2.0,48.0,25.15,0
Pf0384da7bc,Tim Ohlbrecht,2012,train,international,4.0,29.0,23.57,0
P1223e5ee2c,Brandon Paul,2017,train,college_pre2008_or_unlinked,4.0,6.0,25.91,0
P9dbf445dc5,Dennis Schroder,2013,train,international,3.0,32.0,19.78,1
Pea46ee56c1,Ricky Ledo,2013,train,college_pre2008_or_unlinked,,,20.79,1
Pb18185e9fe,Rudy Gobert,2013,train,international,3.0,3.0,21.0,1
P2ad610b277,Giannis Antetokounmpo,2013,train,international,1.0,10.0,18.55,1
P824176de50,Sergey Karasev,2013,train,international,3.0,11.0,19.66,1
P9702e35c0a,Lucas Nogueira,2013,train,international,1.0,8.0,20.91,1
P591a253b3e,Phil Pressey,2013,train,college_pre2008_or_unlinked,,,,0
P56b91ee390,Alex Abrines,2013,train,international,4.0,15.0,19.9,1
Pa0a2c9503f,Joffrey Lauvergne,2013,train,international,4.0,5.0,21.74,1
P05c9e8e43e,Gal Mekel,2013,train,international,4.0,22.0,25.06,0
P7d52184fb7,Gigi Datome,2013,train,international,,,,0
P15c3bdbcba,Vitor Faverani,2013,train,international,4.0,20.0,,0
Pe364fefd34,Pero Antic,2013,train,international,4.0,31.0,30.66,0
Paf55ace901,Miroslav Raduljica,2013,train,international,4.0,6.0,25.229999999999997,0
Pf0c15e8037,Patrick Christopher,2014,train,college_pre2008_or_unlinked,4.0,50.0,26.15,0
P8bea6ece5d,Trey McKinney-Jones,2017,train,college_pre2008_or_unlinked,2.0,16.0,26.15,0
P25150e1302,Thanasis Antetokounmpo,2014,train,international,2.0,50.0,21.94,1
Paec8fae19e,Reggie Hearn,2017,train,college_pre2008_or_unlinked,2.0,42.0,25.15,0
P5a43e18763,Josh Magette,2017,train,college_pre2008_or_unlinked,2.0,50.0,27.15,0
Pc9a1f10582,Dante Exum,2014,train,international,1.0,9.0,18.95,1
P3997afa4f2,Dario Saric,2014,train,international,4.0,28.0,20.21,1
P360c31499c,Clint Capela,2014,train,international,4.0,10.0,20.1,1
P44154d877a,Bogdan Bogdanovic,2014,train,international,4.0,25.0,21.85,1
Paf95fb158c,Jusuf Nurkic,2014,train,international,4.0,28.0,19.84,1
Pbed27928bf,Vasilije Micic,2014,train,international,3.0,25.0,20.45,1
Pf78412d8c5,Damien Inglis,2014,train,international,1.0,9.0,19.1,1
Pe73b4eac92,Bruno Caboclo,2014,train,international,,,18.76,1
P962232fdc6,Nikola Jokic,2014,train,international,3.0,26.0,19.35,1
Pf1eb0b11c1,Kristaps Porzingis,2015,train,international,3.0,34.0,19.9,1
Pbac4f67696,Walter Tavares,2014,train,international,,,22.26,1
Pb59dd639f9,Damjan Rudez,2014,train,international,4.0,34.0,,0
P0acc99bae4,Zoran Dragic,2014,train,international,4.0,29.0,,0
P187235ce4e,Joe Ingles,2014,train,international,4.0,30.0,26.49,0
P5aa610b7ff,John Holland,2017,train,college_pre2008_or_unlinked,3.0,37.0,28.15,0
P3fe5b0aa24,Omari Johnson,2017,train,international,3.0,12.0,,0
P11ed05516e,Mario Hezonja,2015,train,international,4.0,32.0,20.33,1
P07954fea73,Furkan Korkmaz,2016,train,international,4.0,37.0,18.92,1
Pbced5f5600,Daniel Theis,2017,train,international,4.0,41.0,24.979999999999997,0
Pac86c1698b,Aaron Jackson,2017,train,college_pre2008_or_unlinked,4.0,34.0,30.889999999999997,0
Pe39c876df8,Jerel McNeal,2014,train,college_pre2008_or_unlinked,3.0,17.0,27.15,0
P495da5b1cd,Bojan Bogdanovic,2011,train,international,4.0,24.0,22.18,1
Pefaae49c8b,Evan Fournier,2012,train,international,1.0,9.0,19.66,1
P404f9fdfb6,Kostas Papanikolaou,2012,train,international,4.0,22.0,21.9,1
P8aa2e06ade,Nemanja Nedovic,2013,train,international,4.0,10.0,22.03,1
Pa9d4084dfb,Raul Neto,2013,train,international,3.0,34.0,21.1,1
P8eb153b63d,Michael Frazier,2019,test,college_pre2008_or_unlinked,2.0,45.0,25.15,0
P4a4f2b1371,Brian Bowen II,2019,test,college_pre2008_or_unlinked,3.0,28.0,20.479999999999997,0
P5277c76d51,Goga Bitadze,2019,test,international,4.0,11.0,19.93,1
P63de5d6c2a,Juan Toscano-Anderson,2019,test,college_pre2008_or_unlinked,2.0,43.0,26.15,0
P76650bc6e2,Alen Smailagic,2019,test,international,2.0,47.0,18.85,1
P8a97dbabe6,Dewan Hernandez,2019,test,college_pre2008_or_unlinked,,,22.54,1
P9540818d9f,Sekou Doumbouya,2019,test,international,3.0,8.0,18.5,1
Pb15c668c3a,Darius Bazley,2019,test,college_pre2008_or_unlinked,,,19.03,1
P6b5b70ee01,Jalen Lecque,2019,test,college_pre2008_or_unlinked,,,,0
P9b3e496395,Luka Samanic,2019,test,international,3.0,12.0,19.46,1
P027da49c30,Deividas Sirvydis,2019,test,international,3.0,40.0,19.04,1
Pc53511377b,Adam Mokoka,2019,test,international,3.0,18.0,20.689999999999998,0
P2bdd03741b,Didi Louzada,2019,test,international,,,19.98,1
P77bf4c6cd4,Vincent Poirier,2019,test,international,4.0,34.0,,0
P2b2d444bdd,William Howard,2019,test,international,3.0,16.0,25.419999999999998,0
P90844406b5,Nicolo Melli,2019,test,international,4.0,23.0,28.169999999999998,0
P53a27c701d,Marko Guduric,2019,test,international,4.0,22.0,24.049999999999997,0
P34557a899a,Stanton Kidd,2019,test,college_pre2008_or_unlinked,4.0,20.0,27.02,0
P4043f1171e,Javonte Green,2019,test,college_pre2008_or_unlinked,3.0,36.0,25.68,0
P41398f1a21,Norvel Pelle,2019,test,international,3.0,36.0,26.15,0
P539176b694,Kenyon Martin Jr.,2020,test,other,,,,0
P3ff36ffdc1,LaMelo Ball,2020,test,college_pre2008_or_unlinked,3.0,12.0,18.84,1
Pfe5913c014,Killian Hayes,2020,test,international,3.0,20.0,18.91,1
Pa430d00e1f,Deni Avdija,2020,test,international,4.0,26.0,19.47,1
Pde7308c87b,Theo Maledon,2020,test,international,4.0,22.0,19.04,1
P3c885ec031,R.J. Hampton,2020,test,college_pre2008_or_unlinked,3.0,15.0,19.38,1
P842bafbfda,Aleksej Pokusevski,2020,test,international,4.0,1.0,18.5,1
Pee12c1b431,Jay Scrubb,2020,test,college_pre2008_or_unlinked,,,19.81,1
P4cd6438cc3,Karim Mane,2020,test,international,1.0,7.0,20.27,0
P9580c6ee97,Josh Hall,2020,test,college_pre2008_or_unlinked,,,,0
P625909539a,KJ Martin,2020,test,college_pre2008_or_unlinked,,,19.47,1
P3bfc12237e,Vit Krejci,2020,test,international,3.0,18.0,20.02,1
P04b95b58e0,Marko Simonovic,2020,test,international,3.0,2.0,20.7,1
P56764c9c75,Anthony Gill,2020,test,college_pre2008_or_unlinked,4.0,25.0,27.439999999999998,0
Pba89c73461,Facundo Campazzo,2020,test,international,4.0,21.0,,0
P837f74ef42,Brodric Thomas,2020,test,college_pre2008_or_unlinked,,,,0
Pf77538a69a,Gabriel Deck,2020,test,international,4.0,18.0,,0
P2900148dca,Greg Whittington,2020,test,college_pre2008_or_unlinked,3.0,11.0,27.099999999999998,0
P87be528da0,Leandro Bolmaro,2020,test,international,4.0,7.0,19.79,1
Pfb1f04f295,Cat Barber,2021,test,college_pre2008_or_unlinked,2.0,39.0,26.15,0
P3ffd955342,Gabe York,2021,test,college_pre2008_or_unlinked,3.0,14.0,27.65,0
P659829b9e5,Paris Bass,2021,test,college_pre2008_or_unlinked,2.0,15.0,25.15,0
Pdd3a369707,Craig Sword,2021,test,college_pre2008_or_unlinked,2.0,41.0,27.15,0
Pdb02e7ce99,Trayvon Palmer,2021,test,college_pre2008_or_unlinked,2.0,32.0,26.15,0
P18f1dedfcb,Jaysean Paige,2021,test,college_pre2008_or_unlinked,3.0,41.0,26.15,0
P86aa3b2a5e,Xavier Moon,2021,test,college_pre2008_or_unlinked,,,,0
P64263ced9d,Jalen Green,2021,test,college_pre2008_or_unlinked,2.0,15.0,19.37,1
Pb1d56c9c96,Isaiah Todd,2021,test,college_pre2008_or_unlinked,2.0,15.0,19.69,1
Pe225c37146,Daishen Nix,2021,test,college_pre2008_or_unlinked,2.0,15.0,19.15,0
P7dcdc4ccdd,Jonathan Kuminga,2021,test,international,2.0,13.0,18.72,1
P29e5d27062,Trevon Scott,2021,test,college_pre2008_or_unlinked,2.0,15.0,24.15,0
Pd7c45f2e6c,Luca Vildoza,2021,test,international,4.0,27.0,,0
P61d8f8df57,Bones Hyland,2021,test,college_pre2008_or_unlinked,,,20.78,1
Pe28113186c,Cam Thomas,2021,test,international,,,19.7,1
Pb3cfb2c388,Alperen Sengun,2021,test,international,3.0,29.0,18.92,1
P854a3a23a2,Josh Giddey,2021,test,international,3.0,28.0,18.71,1
P4110110f37,Usman Garuba,2021,test,international,4.0,36.0,19.3,1
Pa09bdf4e64,Georgios Kalaitzakis,2021,test,international,4.0,14.0,22.48,1
Pd4adc2c99d,Ish Wainright,2021,test,college_pre2008_or_unlinked,,,,0
P70fd4037fb,Kevin Pangos,2021,test,international,4.0,39.0,28.169999999999998,0
P457b866328,Gabriel Lundberg,2021,test,international,3.0,22.0,,0
Pcad1dc504f,Keifer Sykes,2021,test,college_pre2008_or_unlinked,4.0,24.0,27.24,0
Pfa7ab0de3c,Malcolm Hill,2021,test,college_pre2008_or_unlinked,3.0,5.0,25.419999999999998,0
P2e38feab3a,Chance Comanche,2022,test,college_pre2008_or_unlinked,2.0,27.0,26.15,0
Pd3eb42d2a8,Gui Santos,2022,test,international,,,20.01,1
P836329e077,A.J. Lawson,2022,test,international,2.0,33.0,21.15,0
P4e8883caf8,MarJon Beauchamp,2022,test,college_pre2008_or_unlinked,2.0,12.0,21.7,1
Pab39ee5462,Dyson Daniels,2022,test,international,2.0,14.0,19.27,1
Paf2b091294,Michael Foster Jr.,2022,test,college_pre2008_or_unlinked,2.0,13.0,19.15,0
P20596267f7,Jaden Hardy,2022,test,college_pre2008_or_unlinked,2.0,12.0,19.97,1
P7d4b1d6e8f,Shaedon Sharpe,2022,test,international,1.0,6.0,19.07,1
P1191691c20,Nikola Jović,2022,test,international,3.0,25.0,19.04,1
P4b5f95e771,Ousmane Dieng,2022,test,international,3.0,23.0,19.1,1
P0234a21988,Dominick Barlow,2022,test,college_pre2008_or_unlinked,,,,0
Pd4287ba490,Luke Travers,2022,test,international,3.0,27.0,20.81,1
Paee04abbe6,Karlo Matković,2022,test,international,3.0,25.0,21.24,1
P017b3a2bee,Trevor Hudgins,2022,test,college_pre2008_or_unlinked,,,,0
Pc44acb797a,Chima Moneke,2022,test,international,3.0,15.0,26.259999999999998,0
P719dac14cb,Simone Fontecchio,2022,test,international,4.0,33.0,,0
P39f2672d8d,Nate Williams,2022,test,college_pre2008_or_unlinked,,,,0
P7c732b276f,Xavier Cooks,2022,test,international,3.0,26.0,26.61,0
P9305edebac,Kaiser Gates,2023,test,college_pre2008_or_unlinked,3.0,24.0,26.15,0
Pc51154c628,Matt Hurt,2023,test,college_pre2008_or_unlinked,2.0,28.0,23.15,0
P8bf21cf88b,Malcolm Cazalon,2023,test,international,3.0,27.0,21.58,0
P5dad28f6cf,Ibou Badji,2023,test,international,4.0,7.0,20.15,0
P51e5ade0ce,Scoot Henderson,2023,test,college_pre2008_or_unlinked,2.0,19.0,19.39,1
P4e9a2418a1,Henri Drell,2023,test,international,3.0,30.0,23.15,0
P2db6f2cc8f,Leonard Miller,2023,test,international,2.0,24.0,19.58,1
Pbf5a7a4d5b,Sidy Cissoko,2023,test,international,3.0,28.0,19.23,1
P850a7a2631,Dmytro Skapintsev,2023,test,international,3.0,27.0,25.15,0
P144ed94c77,Victor Wembanyama,2023,test,international,4.0,13.0,19.47,1
P1999b4880f,Amen Thompson,2023,test,college_pre2008_or_unlinked,,,20.4,1
P9180c4596b,Ausar Thompson,2023,test,college_pre2008_or_unlinked,,,20.4,1
P71f8c1b48d,Rayan Rupert,2023,test,international,3.0,20.0,19.07,1
P7200ebcdd8,GG Jackson,2023,test,college_pre2008_or_unlinked,,,18.52,1
Pa4e79c2199,Bilal Coulibaly,2023,test,international,1.0,7.0,18.91,1
Pf9f33f79e7,Tristan Vukcevic,2023,test,international,4.0,22.0,20.29,1
Paf63a5d230,Tarik Biberovic,2023,test,international,4.0,18.0,22.4,1
P4e1f6ff7ed,Duop Reath,2023,test,international,4.0,28.0,26.75,0
P52f2ddbdea,Onuralp Bitim,2023,test,international,4.0,30.0,23.99,0
P7f722372b8,Maozinha Pereira,2023,test,international,,,,0
Pf1dc83702a,Jack McVeigh,2024,test,international,3.0,28.0,27.75,0
P44f988dfdd,Kylor Kelley,2024,test,college_pre2008_or_unlinked,3.0,29.0,26.15,0
P8b3507dca4,Ariel Hukporti,2024,test,international,3.0,28.0,22.2,1
Pedbe6303e0,Phillip Wheeler,2024,test,college_pre2008_or_unlinked,2.0,33.0,22.15,0
Peb437378ff,Jazian Gortman,2024,test,college_pre2008_or_unlinked,2.0,27.0,21.15,0
Pe64515ec9d,Jaylen Martin,2024,test,college_pre2008_or_unlinked,2.0,28.0,20.15,0
Pa5d4a8fef6,Matas Buzelis,2024,test,college_pre2008_or_unlinked,2.0,26.0,19.7,1
Pe083952d4c,Ronald Holland II,2024,test,college_pre2008_or_unlinked,2.0,14.0,18.97,1
P68ff50da96,Tyler Smith,2024,test,college_pre2008_or_unlinked,2.0,27.0,19.64,1
Pc19957985f,Jackson Rowe,2024,test,international,3.0,31.0,27.15,0
P23152d31e2,Zaccharie Risacher,2024,test,international,4.0,23.0,19.21,1
P65b97df144,Alex Sarr,2024,test,international,,,19.16,1
Pd018d62aee,Nikola Topić,2024,test,international,4.0,13.0,18.87,1
P4bd2cd3d34,Bub Carrington,2024,test,college_pre2008_or_unlinked,,,18.93,1
P58407301c7,Tidjane Salaün,2024,test,international,3.0,15.0,18.87,1
Pb1c5565b99,Ulrich Chomche,2024,test,international,,,18.49,1
P8cc9424d6a,Trentyn Flowers,2024,test,college_pre2008_or_unlinked,3.0,18.0,19.049999999999997,0
P7070c905f3,AJ Johnson,2024,test,college_pre2008_or_unlinked,3.0,25.0,19.56,1
Pe79de9d05b,Pacôme Dadiet,2024,test,international,3.0,36.0,18.91,1
P31a95da41b,Cui Cui,2024,test,international,,,,0
P6696ce1e71,Armel Traore,2024,test,international,4.0,7.0,21.599999999999998,0
P7f11916058,Yuki Kawamura,2024,test,international,1.0,7.0,23.41,0
P12fddfeea1,Nigel Hayes-Davis,2025,test,college_pre2008_or_unlinked,3.0,25.0,30.279999999999998,0
P9436ca936e,Ethan Thompson,2025,test,international,2.0,31.0,26.15,0
P521d05ff22,Alex Antetokounmpo,2025,test,international,3.0,13.0,,0
Pbb5fdc38a3,Javonte Cooke,2025,test,college_pre2008_or_unlinked,2.0,31.0,25.15,0
P04c242f081,David Jones Garcia,2025,test,international,2.0,31.0,23.15,0
Pd8f68848a0,Nolan Traore,2025,test,international,3.0,9.0,19.08,1
P32fecc73d2,Noa Essengue,2025,test,international,3.0,41.0,18.52,1
P6ddd309f80,Hugo González,2025,test,international,4.0,29.0,19.38,1
Pdde13713ff,Joan Beringer,2025,test,international,3.0,33.0,18.62,1
Pdec9ef7c46,Noah Penda,2025,test,international,1.0,7.0,20.46,1
Pec8256037d,Ben Saraf,2025,test,international,3.0,43.0,19.2,1
P3651ab0a99,Bogoljub Marković,2025,test,international,3.0,30.0,19.95,1
P277e56e049,Mohamed Diawara,2025,test,international,3.0,16.0,20.16,1
P53f54898a1,Yang Hansen,2025,test,international,,,20.0,1
Pb7270acc46,Rocco Zikarsky,2025,test,international,3.0,18.0,18.96,1
P3cb9458e5b,Malique Lewis,2026,test,international,3.0,25.0,21.62,1
P0fc299eb1c,Karim Lopez,2026,test,international,3.0,30.0,19.2,1
P2b19f4fd38,Sergio de Larrea,2026,test,international,4.0,28.0,20.56,1
P79aaab38df,Jack Kayil,2026,test,international,3.0,14.0,20.41,1
P4eb309e8f6,Vsevolod Ishchenko,2026,test,international,,,21.37,1
P9f8f735247,Narcisse Ngoy,2026,test,international,,,21.95,1
