source,url,access_method,license_or_terms,retrieved,records,used_for
ncaahoopR_data box scores,https://github.com/lbenz730/ncaahoopR_data,"git partial clone (--filter=blob:none --depth 1) + sparse-checkout of only the needed <season>/box_scores/<team> directories",MIT license,2026-09-08,"79749 team-games / 871644 player-game rows (24 seasons)",per-game player box stats
ncaahoopR_data schedules,https://github.com/lbenz730/ncaahoopR_data,same clone; all <season>/schedules/*.csv,MIT license,2026-09-08,259396 team-game rows,"game dates, opponent linkage by game_id, scores, H/A/N site"
ncaahoopR_data rosters,https://github.com/lbenz730/ncaahoopR_data,same clone; all <season>/rosters/*.csv (2008-09 onward),MIT license,2026-09-08,92379 rows,"full-name -> team-season identity; same-surname ambiguity checks"
Bart Torvik team ratings,https://barttorvik.com/<year>_team_results.csv,"cached locally by datarebuild/torvik_team_pull.sh (curl, 2 s apart)",public CSV endpoint,2025-09-06,"6689 team-seasons (2008-2026)","opponent strength: barthag rank -> top-50 / top-100 tiers, seasons ending 2008+"
Bart Torvik player table,https://barttorvik.com/getadvstats.php?year=<y>&csv=1,cached locally by datarebuild/torvik_pull.sh,public CSV endpoint,2025-09-05,"~110k player-seasons (2008-2026)",player -> team-season identity evidence
Bart Torvik game stats,https://barttorvik.com/getgamestats.php?year=2019&csv=1,single exploratory request,public CSV endpoint,2026-09-08,1 file,"inspected only; NOT used in features (no seed field)"
Wikipedia tournament brackets,https://en.wikipedia.org/w/api.php action=query prop=revisions,"MediaWiki API, 1.5 s between requests, descriptive User-Agent",CC BY-SA,2026-09-08,"22 articles / 1474 seeded team-years","NCAA tournament field + team seeds"
Wikipedia player infoboxes,datarebuild/wiki_raw/attn_*.json,reused from the project's existing wiki collector,CC BY-SA,2025 (existing cache),2049 pids with a college field,"college -> team-season identity for pre-2008 drafts and tie-breaking"
Identity file,/Users/kennakao/Downloads/nba_redraft_handoff/identity_KEEP_SEPARATE/tabular_names.csv,local,internal,-,2560 pids,pid keying and name matching (names never leave this Mac)
