,,,,,,,Rankings from: May 2015,,,,,,,,,,,* late reclassification - not included in some rankings,
,,,,,,,,,,,,,,,,,,,
Row,Prev,RSCI,Chg,Avg,Dev,,,VC,ESPN,Scout,Rivals,PrepStars,247Sports,Total,,Ht,Pos,City,College
1,1,1, ,2,1.2,,Ben Simmons,1,1,2,2,4,1,595,,6-8,PF,"Melbourne, AUS",LSU
2,7,2,5,2,1.5,,Skal Labissiere,5,2,1,1,1,2,594,,6-11,C,"Cordova, TN",Kentucky
3,2,3,-1,4,1.7,,Jaylen Brown,2,4,4,3,7,5,581,,6-7,WF,"Alpharetta, GA",California
4,18,4,14,5,4.5,,Brandon Ingram,14,3,3,4,2,3,577,,6-8,WF,"Kinston, NC",Duke
5,5,5, ,6,2.9,,Ivan Rabb,4,8,5,7,3,11,568,,6-10,PF,"Oakland, CA",California
6,4,6,-2,8,5.1,,Cheick Diallo,3,7,9,5,17,4,561,,6-9,PF,"Centereach, NY",Kansas
7,6,7,-1,8,4.5,,Diamond Stone,17,6,6,6,5,8,558,,6-10,C,"Milwaukee, WI",Maryland
8,3,8,-5,9,2.2,,Malik Newman,6,10,10,8,12,7,553,,6-3,WG,"Jackson, MS",Mississippi State
9,11,9,2,11,6.3,,Henry Ellenson,11,5,7,11,9,23,540,,6-10,PF,"Rice Lake, WI",Marquette
10,14,10,4,12,3.5,,Stephen Zimmerman,7,12,8,15,14,15,535,,7-0,C,"Las Vegas, NV",UNLV
11,12,11,1,12,2.8,,Isaiah Briscoe,13,13,13,10,8,16,533,,6-3,PG,"Newark, NJ",Kentucky
12,10,12,-2,14,5.2,,Allonzo Trier,10,18,20,12,15,6,525,,6-4,WG,"Rockville, MD",Arizona
13,,13,new,14,2.9,,Derryck Thornton,15,17,11,14,11,18,520,,6-2,PG,"Las Vegas, NV",Duke
14,8,14,-6,16,7.1,,Chase Jeter,8,11,15,16,28,20,508,,6-10,C,"Las Vegas, NV",Duke
15,15,15, ,17,3.3,,Antonio Blakeney,16,15,21,13,20,14,507,,6-4,WG,"Orlando, FL",LSU
16,9,16,-7,17,8.3,,Caleb Swanigan,9,9,14,19,19,31,505,,6-8,C,"Fort Wayne, IN",Purdue
17,22,16,6,17,6.2,,Dwayne Bacon,12,14,19,22,25,9,505,,6-6,WG,"Mouth of Wilson, VA",Florida State
18,13,18,-5,18,6.9,,Ray Smith,22,29,16,17,10,12,500,,6-7,WF,"Las Vegas, NV",Arizona
19,17,19,-2,21,5.4,,Jalen Brunson,19,16,26,20,16,29,480,,6-2,PG,"Lincolnshire, IL",Villanova
20,27,20,7,22,9.1,,Jalen Adams,30,25,18,23,6,30,474,,6-2,PG,"Ashburnham, MA",Connecticut
21,21,21, ,25,4.8,,Luke Kennard,34,24,22,25,22,21,458,,6-5,WG,"Franklin, OH",Duke
22,15,22,-7,25,5.2,,Carlton Bragg,24,21,35,21,26,25,454,,6-8,PF,"Cleveland, OH",Kansas
23,25,23,2,28,10.4,,Tyler Dorsey,18,38,43,18,27,24,438,,6-4,PG,"Pasadena, CA",Oregon
24,24,24, ,29,9.7,,Perry Dozier,25,19,25,37,44,22,434,,6-5,WG,"Columbia, SC",South Carolina
25,28,25,3,29,18.9,,Thomas Bryant,20,20,28,27,66,13,432,,6-10,C,"Huntington, WV",Indiana
26,26,26, ,29,4.6,,Deyonta Davis,29,22,34,26,32,33,430,,6-8,C,"Muskegon, MI",Michigan State
27,20,27,-7,31,5.9,,Jawun Evans,32,33,32,36,31,19,423,,6-0,PG,"Dallas, TX",Oklahoma State
28,29,27,2,31,13.0,,Donovan Mitchell,44,43,17,31,13,35,423,,6-3,WG,"Wolfeboro, NH",Louisville
29,31,29,2,33,9.4,,Malachi Richardson,28,23,29,35,30,50,411,,6-6,WF,"Trenton, NJ",Syracuse
30,19,30,-11,33,11.1,,Justin Simon,37,37,27,24,21,51,409,,6-4,PG,"Temecula, CA",Arizona
31,33,31,2,34,8.8,,DJ Hogg,42,35,38,38,33,17,403,,6-8,PF,"Plano, TX",Texas A&M
32,35,32,3,34,9.4,,Dedric Lawson,21,26,45,33,43,37,401,,6-8,PF,"Memphis, TN",Memphis
33,30,33,-3,36,11.5,,Tyler Davis,27,27,33,28,55,44,392,,6-9,C,"Plano, TX",Texas A&M
34,32,34,-2,36,9.3,,Deng Adel ,31,32,23,47,46,38,389,,6-7,WF,"Bradenton, FL",Louisville
35,52,35,17,38,10.0,,Chimezie Metu,52,40,30,41,23,39,381,,6-8,PF,"Lawndale, CA",USC
36,36,36, ,39,13.8,,Prince Ali,43,41,41,30,18,59,374,,6-4,WF,"Fort Lauderdale, FL",UCLA
37,37,37, ,39,11.3,,Malik Beasley,33,28,54,43,49,27,372,,6-4,WG,"Alpharetta, GA",Florida State
38,34,37,-3,39,5.0,,Jalen Coleman-Lands,38,34,42,39,47,34,372,,6-3,PG,"La Porte, IN",Illinois
39,66,39,27,45,13.1,,Kerwin Roach,50,47,60,34,24,52,339,,6-3,WG,"Houston, TX",Texas
40,23,40,-17,46,22.3,,Elijah Thomas,23,31,49,29,68,77,329,,6-9,C,"Lancaster, TX",Texas A&M
41,41,41, ,48,15.8,,Raymond Spalding,49,57,31,63,61,26,319,,6-9,PF,"Louisville, KY",Louisville
42,46,42,4,48,11.2,,Jessie Govan,53,67,51,40,36,43,316,,6-10,C,"Bronx, NY",Georgetown
43,39,43,-4,49,24.5,,Derrick Jones,26,30,82,49,76,32,311,,6-6,WF,"Wayne, PA",UNLV
44,42,44,-2,50,7.5,,Daniel Giddens,41,59,55,51,53,41,306,,6-10,C,"Marietta, GA",Ohio State
45,47,45,2,52,9.4,,Dejounte Murray,60,49,39,46,56,64,292,,6-4,WG,"Seattle, WA",Washington
46,40,46,-6,54,12.4,,KJ Lawson,35,44,63,54,69,56,285,,6-6,WF,"Memphis, TN",Memphis
47,44,47,-3,54,9.2,,Eric Davis,47,45,50,59,70,55,280,,6-3,WG,"Saginaw, MI",Texas
48,53,48,5,55,25.8,,Chance Comanche,81,93,47,32,35,40,278,,6-9,C,"Los Angeles, CA",Arizona
49,50,49,1,56,16.1,,Esa Ahmad,46,46,56,72,37,78,271,,6-7,PF,"Cleveland, OH",West Virginia
50,54,50,4,56,16.9,,Charles Matthews,36,42,78,48,62,72,268,,6-6,WG,"Chicago, IL",Kentucky
51,45,51,-6,58,16.0,,Austin Grandstaff,45,50,58,44,86,66,257,,6-4,WG,"Rockwall, TX",Ohio State
52,47,52,-5,59,8.2,,Marquese Chriss,57,60,53,56,51,74,255,,6-6,PF,"Elk Creek, CA",Washington
53,67,53,14,59,17.1,,Tevin Mack,88,48,67,61,39,53,250,,6-6,WF,"Columbia, SC",Texas
54,74,54,20,60,12.2,,Stephen Thompson,65,63,52,50,50,81,245,,6-3,WG,"Torrance, CA",Oregon State
55,60,55,5,62,12.3,,Bennie Boatwright,56,87,57,57,57,57,235,,6-9,WF,"Sun Valley, CA",USC
56,,56,new,NA,NA,,LaGerald Vick,55,51,36,,,28,234,,6-5,WG,"Memphis, TN",Kansas
57,43,57,-14,NA,NA,,Brandon Sampson,51,,62,42,38,79,233,,6-4,WG,"Baton Rouge, LA",LSU
58,51,58,-7,63,16.5,,Horace Spencer,39,61,77,71,81,49,228,,6-8,PF,"Henderson, NV",Auburn
59,38,58,-20,63,13.3,,Ted Kapita,68,71,65,53,79,42,228,,6-9,C,"Melbourne, FL",Arkansas
60,56,60,-4,63,21.6,,Aaron Holiday,75,88,40,60,80,36,227,,6-1,PG,"Valley Village, CA",UCLA
61,61,61, ,64,12.9,,Chris Clarke,61,54,79,68,75,45,224,,6-5,WG,"Virginia Beach, VA",Virginia Tech
62,65,62,3,NA,NA,,Steve Enoch,,,44,58,34,47,221,,6-9,PF,"Norwalk, CT",Connecticut
63,72,63,9,NA,NA,,Justin Patton,,,24,45,48,69,218,,6-10,C,"Omaha, NE",Creighton
64,47,64,-17,65,13.7,,KeVaughn Allen,48,56,69,67,88,61,217,,6-2,WG,"North Little Rock, AR",Florida
65,55,65,-10,66,8.0,,Jimmy Whitt,69,77,70,55,59,68,208,,6-4,WG,"Columbia, MO",Arkansas
66,76,66,10,68,20.2,,King McClure,58,36,96,78,73,67,198,,6-3,WG,"Dallas, TX",Baylor
67,64,67,-3,69,13.6,,Matthew McQuaid,63,69,85,84,52,58,195,,6-5,WF,"Duncanville, TX",Michigan State
68,58,68,-10,69,17.2,,Moustapha Diagne,40,58,80,77,87,70,194,,6-9,PF,"Sparta, NJ",Syracuse
69,63,68,-5,69,18.9,,Jeremy Hemsley,62,65,73,74,40,98,194,,6-3,WG,"La Verne, CA",San Diego State
70,68,68, ,69,6.8,,Danjel Purifoy,66,66,66,69,82,63,194,,6-6,WF,"Centreville,AL",Auburn
71,,71,new,NA,NA,*,Jamal Murray,,,12,,,10,180,,6-5,WG,"Toronto, Canada",Kentucky
72,70,72,-2,72,12.5,,Tyler Lydon,73,76,68,64,58,94,173,,6-9,PF,"New Hampton, NH",Syracuse
73,59,73,-14,NA,NA,,Doral Moore,74,72,,70,65,60,164,,7-0,C,"Locust Grove, GA",Wake Forest
74,,73,new,NA,NA,,Thon Maker,,,,9,29,,164,,7-0,C,"Toronto, Canada",class of 2016
75,57,75,-18,74,13.6,,Noah Dickerson,76,52,86,81,63,85,163,,6-8,PF,"Montverde, FL",Washington
76,86,76,10,NA,NA,,Marcus LoVett,71,,76,62,41,,154,,5-10,PG,"San Gabriel, CA",St. John's
77,71,77,-6,NA,NA,,Brevin Pritzl,,,59,79,45,71,150,,6-3,WG,"De Pere, WI",Wisconsin
78,62,78,-16,NA,NA,,DJ Williams,59,64,46,,,91,144,,6-6,WF,"Chicago, IL",Illinois
79,68,79,-11,NA,NA,,Franklin Howard,64,94,84,86,42,,135,,6-4,WG,"Fairfax, VA",Syracuse
80,75,80,-5,NA,NA,,Glynn Watson,67,73,83,82,,82,118,,6-0,PG,"Westchester, IL",Nebraska
81,77,81,-4,NA,NA,,Corey Sanders,79,62,,75,72,,116,,6-1,PG,"Lakeland, FL",Rutgers
82,95,82,13,NA,NA,,Kevarrius Hayes,70,70,,,,48,115,,6-9,PF,"Live Oak, FL",Florida
83,,83,new,NA,NA,,Maverick Rowan,,,37,,,62,103,,6-7,WF,"Fort Lauderdale, FL",
84,,84,new,NA,NA,,Jaquan Lyle,,,48,,,54,100,,6-4,PG,"Bradenton, FL",Ohio State
85,94,85,9,NA,NA,,Ed Morrow,54,53,,,,,95,,6-7,PF,"Chicago, IL",Nebraska
86,79,85,-6,NA,NA,,Admon Gilder,94,68,,65,96,87,95,,6-2,WG,"Dallas, TX",Texas A&M
87,73,87,-14,85,12.8,,Haanif Cheatham,93,85,95,76,98,65,94,,6-6,WF,"Fort Lauderdale, FL",Marquette
88,,88,new,NA,NA,,Trevor Manuel,,,,52,60,,90,,6-9,PF,"Mouth of Wilson, VA",Oregon
89,84,89,-5,NA,NA,,Shake Milton,,79,100,66,94,88,78,,6-4,WG,"Owasso, OK",SMU
90,,90,new,NA,NA,,Kenny Williams,85,84,,89,74,,72,,6-2,WG,"Chesterfield, VA",VCU
91,78,91,-13,NA,NA,,Tres Tinkle,80,91,88,93,,83,70,,6-6,WF,"Missoula, MT",Oregon State
92,,92,new,NA,NA,,Keith Stone,,82,71,94,93,,64,,6-7,WF,"Deerfield Beach, FL",Florida
93,80,93,-13,NA,NA,,Marcus Derrickson,78,89,97,87,91,,63,,6-7,PF,"Fairfax, VA",Georgetown
94,87,94,-7,NA,NA,,Bryant Crawford,,,75,80,89,,59,,6-3,PG,"Washington, DC",Wake Forest
95,,95,new,NA,NA,,Justin Robinson,,,61,,83,,58,,6-1,PG,"Saint James, MD",Virginia Tech
96,95,96,-1,NA,NA,,Matt Heldt,,,74,,71,,57,,6-10,C,"Neenah, WI",Marquette
97,,97,new,NA,NA,,Moritz Wagner,,,,,,46,55,,6-9,PF,"Berlin, Germany",Michigan
98,83,98,-15,NA,NA,,AJ Harris,82,80,92,,,,49,,5-9,PG,"Dayton, OH",Ohio State
99,,98,new,NA,NA,,Kobie Eubanks,,,64,,,89,49,,6-5,WG,"Delray Beach, FL",Alabama
100,92,98,-6,NA,NA,,Quinndary Weatherspoon,,,89,,64,,49,,6-5,WG,"Camden, MS",Mississippi State