pid,dxs_last_age,dxs_earliest_age,dxs_first_reach_in,dxs_first_weight_lb,dxs_first_wingspan_in,dxs_n_youth_events
P4d044e6517,20.22,20.22,102.5,175.0,82.0,0
P8b55924f31,22.03,22.03,94.5,166.0,72.0,0
P8df0a8788c,19.75,19.75,105.5,220.0,84.5,0
P91ba0ccfb7,20.61,20.61,110.0,243.0,86.0,0
Pc3df7f8dbd,24.35,24.35,104.5,237.0,84.5,0
P39bae689b5,21.49,21.49,104.0,210.0,81.0,0
Pd5c75d3b01,22.55,22.55,104.0,198.0,80.0,0
P189ad0416e,22.25,22.25,97.5,175.0,75.75,0
P07fb065f28,21.05,21.05,93.0,200.0,73.5,0
P6c17983aad,24.15,24.15,103.0,198.0,80.5,0
P1d1b852c8c,22.01,22.01,95.0,177.0,75.5,0
P98015d62ae,23.85,23.85,104.5,235.0,83.5,0
P620c88aaa1,22.25,22.25,101.5,205.0,80.5,0
P65db320efe,20.79,20.79,102.0,214.0,81.0,0
Pd764197a9d,23.15,23.15,109.5,241.0,86.5,0
P7903308993,22.05,22.05,97.5,181.0,78.0,0
Paff659398c,22.17,22.17,100.0,184.0,77.25,0
P1f7c85948b,21.09,21.09,109.5,223.0,85.25,0
P0e7eb7e056,23.08,23.08,107.0,250.0,85.5,0
P497243f189,22.05,22.05,103.5,214.0,81.5,0
Pd72f71c2bb,22.68,22.68,,253.0,,0
P2864fd765b,22.18,22.18,,239.0,,0
P9a587a1a63,21.8,21.8,93.0,176.0,76.0,0
P2899765f70,23.39,23.39,103.5,209.0,80.0,0
P9aa2c80a45,23.05,23.05,96.0,194.0,75.5,0
Pd49ad433a6,22.88,22.88,,158.0,,0
Pe7b575da0a,21.88,21.88,,242.0,,0
P3f83cdea39,19.21,19.21,108.0,243.0,85.0,0
Pc7c312fdc1,18.62,18.62,110.0,224.0,87.0,0
Pe88af25410,18.5,18.5,111.0,301.0,90.5,0
P854c694553,20.31,20.31,102.5,213.0,83.5,0
P1d7e465328,22.68,22.68,105.0,229.0,82.5,0
Peca9b04dbf,18.98,18.98,110.0,222.0,87.0,0
P0fd2ff4395,19.3,19.3,113.0,314.0,90.5,0
Pac419c235c,20.88,20.88,104.5,243.0,83.5,0
P704a5fd478,19.89,19.89,105.0,226.0,81.0,0
Pdcd864f0fb,20.9,20.9,103.0,223.0,84.0,0
P842a2f3c2e,21.12,21.12,105.5,230.0,83.0,0
P675a30c147,19.6,19.6,108.0,224.0,88.0,0
P563df84956,22.27,22.27,106.0,242.0,84.25,0
P3a25271b04,22.07,22.07,107.0,227.0,85.5,0
P75d87cd190,22.48,22.48,110.0,251.0,88.5,0
P2ee25c689c,21.6,21.6,113.5,266.0,90.5,0
P1bd862cc0f,20.07,20.07,100.5,193.0,78.5,0
P9650bb1a40,22.28,22.28,103.5,194.0,82.5,0
Pcba63fe240,20.99,20.99,99.5,188.0,81.5,0
P3ebb78aaf3,23.3,23.3,97.5,199.0,79.5,0
P2a8e69fc8a,22.27,22.27,99.5,205.0,80.0,0
P07655923d4,19.42,19.42,99.5,199.0,81.5,0
Pc0571f7238,19.37,19.37,92.0,189.0,77.5,0
Pd3b6bf6d79,22.87,22.87,99.5,172.0,81.5,0
P989fbfa539,23.25,23.25,105.5,241.0,81.75,0
Pf532d918b8,21.95,21.95,104.5,202.0,83.75,0
P3d1a59b5a2,21.94,21.94,97.0,184.0,78.75,0
P002581103b,20.57,20.57,102.5,178.0,80.75,0
P6d3c0c239e,20.97,20.97,105.0,235.0,84.25,0
P5303425662,21.77,21.77,101.0,213.0,81.25,0
P0fee52cfc4,22.98,22.98,113.0,246.0,89.5,0
P4f8c953cc8,19.17,19.17,106.0,219.0,80.5,0
Pe0f44d3916,23.28,23.28,109.5,227.0,88.0,0
Pc5a3285209,23.07,23.07,111.0,245.0,88.0,0
P0a2d28a2d0,19.96,19.96,102.5,271.0,82.5,0
Pc0e2cf5bcc,22.47,22.47,104.0,252.0,87.0,0
Pf65d71b77e,20.17,20.17,98.0,176.0,76.5,0
Pd1e82d8666,21.98,21.98,109.0,271.0,86.5,0
Pf7459f37f3,22.58,22.58,101.0,221.0,80.0,0
Pbd83a701c7,22.18,22.18,97.5,200.0,79.5,0
P4caf77098c,21.89,21.89,99.0,180.0,76.5,0
Pe929ebb536,20.73,20.73,97.0,197.0,75.5,0
P1199724869,21.66,21.66,106.0,230.0,81.0,0
P979bc77e15,20.73,20.73,106.5,227.0,84.5,0
Pa08cb88c9e,19.31,19.31,99.0,193.0,74.0,0
P634aaac9d4,19.7,19.7,109.0,253.0,88.5,0
P3d9db1cda1,19.83,19.83,107.5,218.0,85.0,0
P6031807405,19.58,19.58,108.5,233.0,85.75,0
P01fc763e95,22.23,22.23,103.5,222.0,83.5,0
P91e42fff83,20.53,20.53,109.0,230.0,84.5,0
P7662bd9a71,24.13,24.13,111.0,240.0,88.0,0
Pb7f87f6748,21.4,21.4,107.0,221.0,84.0,0
P540f972282,23.23,23.23,100.0,218.0,84.0,0
P792efcc523,21.72,21.72,112.0,238.0,86.5,0
P59cd2b2d22,22.81,22.81,104.5,223.0,84.0,0
P71d533551f,21.55,21.55,103.5,199.0,81.75,0
P4c416f9cab,21.31,21.31,105.0,213.0,82.0,0
Pb74259d44e,22.28,22.28,100.5,212.0,80.0,0
P33c766f164,22.48,22.48,104.0,207.0,82.25,0
Pfdab72198e,22.15,22.15,109.5,250.0,83.8,0
P70ecb2ee9d,21.23,21.23,104.5,202.0,84.5,0
P2abf5d1b69,20.52,20.52,108.5,258.0,86.25,0
P39c99a28df,20.99,20.99,99.0,200.0,77.0,0
P5635d18ecc,22.11,22.11,109.0,260.0,83.5,0
Pe961cc9c52,,,100.5,197.0,79.5,0
P47eee57e35,22.81,22.81,107.5,264.0,85.5,0
P3514cc9b35,22.27,22.27,96.5,226.0,81.0,0
P021e6add75,23.22,23.22,104.0,237.0,83.5,0
P830efff813,24.28,24.28,108.5,240.0,85.0,0
Pdacee2a50f,22.0,22.0,105.5,198.0,84.0,0
P3769bd015c,,,104.0,203.0,83.5,0
P648b9117f8,22.78,22.78,105.0,225.0,85.0,0
Pebd90a92ff,23.24,23.24,106.5,285.0,82.75,0
P3c40dc7411,21.68,21.68,96.0,188.0,74.25,0
Pe932df1062,25.98,25.98,102.0,212.0,79.0,0
P396b44b337,22.71,22.71,96.0,168.0,74.5,0
Pcf7f47cd26,20.99,20.99,107.5,179.0,82.0,0
Pd72acae20f,22.0,22.0,107.5,250.0,86.5,0
Pd51bbef7c1,20.54,20.54,98.5,181.0,76.5,0
Pb3ff680bd6,21.92,21.92,107.0,193.0,84.0,0
Pbc5a0470c9,18.43,18.43,106.25,245.0,84.25,0
P014b6ed928,17.9,17.9,111.5,250.0,89.0,0
Pae0e6be256,19.02,19.02,105.5,233.0,84.0,0
Peab571b95d,19.22,19.22,109.0,225.0,87.5,0
P39c1b5b439,21.37,21.37,102.0,212.0,82.75,0
P01056a0f18,21.11,21.11,110.5,252.0,83.75,0
P7feaaeffcb,22.29,22.29,98.5,186.0,78.0,0
P0efa2b4f7d,20.22,20.22,93.5,162.0,71.5,0
P3d283763c2,20.61,20.61,107.5,262.0,85.0,0
Pced63c164c,22.6,22.6,108.0,255.0,85.5,0
P3c6c730bf2,22.29,22.29,95.5,167.0,75.0,0
P539180f113,22.61,22.61,97.5,178.0,77.0,0
P37455198a4,22.72,22.72,108.5,226.0,88.25,0
Pb7edd3ead7,22.4,22.4,102.5,214.0,81.0,0
Pc441e97a64,22.51,22.51,109.0,234.0,86.0,0
P82d1799627,23.09,23.09,105.5,202.0,86.0,0
P47846f7398,22.31,22.31,102.0,215.0,78.5,0
P08c56d3590,23.17,23.17,104.0,235.0,80.5,0
Pa3bf9b334b,23.09,23.09,107.0,237.0,84.5,0
P4649b7d232,25.09,25.09,100.5,200.0,78.5,0
Pa2e0858910,21.49,21.49,98.5,190.0,81.0,0
Pe4a1b20238,21.8,21.8,100.0,201.0,79.25,0
P3a913af04c,23.09,21.09,100.5,210.0,81.0,0
P624e80554f,23.19,23.19,105.5,242.0,80.75,0
P9f79255649,19.62,19.62,110.0,316.0,90.25,0
Pce38c03d45,22.67,22.67,107.5,218.0,86.5,0
P3e7075c22e,22.19,22.19,102.5,211.0,81.5,0
P1f926eb06b,22.51,22.51,105.5,266.0,86.75,0
Pf436b2be04,22.69,22.69,104.5,234.0,82.25,0
Pd073d30524,21.98,21.98,107.0,250.0,83.0,0
Ped90afeb58,22.54,22.54,97.0,218.0,77.25,0
P7d6aa2dfe0,23.89,23.89,107.5,212.0,82.75,0
Pae24459193,22.32,22.32,101.0,209.0,80.25,0
P78dd3f3917,22.79,22.79,98.5,207.0,78.5,0
P85bb3eb8b9,22.39,22.39,103.5,198.0,82.0,0
P26a739545e,22.29,22.29,99.5,201.0,77.25,0
Pc1693478f0,23.39,23.39,100.5,220.0,79.5,0
P78473875c4,20.49,20.49,98.5,189.0,77.5,0
P269736d407,18.51,18.51,111.5,240.0,88.5,0
Pfb5ad97400,21.71,21.71,110.5,257.0,88.0,0
Pec20f0f060,21.11,21.11,99.0,192.0,80.5,0
Pd353deb783,18.71,18.71,105.5,186.0,83.0,0
P5246294b22,21.21,21.21,98.5,170.0,79.5,0
P6292223fd6,20.9,20.9,105.0,196.0,83.0,0
P8abebd0da5,19.11,19.11,108.5,220.0,84.5,0
Pff029e3151,20.32,20.32,105.5,217.0,83.0,0
P977a8945dd,22.58,22.58,103.0,212.0,80.5,0
P5c0fad1503,18.2,18.2,,,,0
Pcca6045f01,19.36,19.36,106.5,238.0,84.5,0
P67b7122a99,19.39,19.39,110.0,263.0,86.5,0
P44f5111142,21.01,21.01,104.0,228.0,81.0,0
P25c05d7b38,18.44,18.44,106.5,221.0,84.0,0
P0b1f22f2d4,22.32,21.32,93.5,193.0,74.0,0
P0ad01302af,20.86,20.86,99.5,183.0,78.0,0
Pe6c8b117c8,22.38,22.38,102.0,214.0,81.0,0
P1b3889c122,19.25,19.25,101.0,193.0,77.5,0
P7aeaf13cc2,21.9,21.9,98.0,199.0,76.5,0
Pc02213b2fe,23.03,23.03,105.5,226.0,84.0,0
P8eebd87e26,21.79,20.79,102.5,217.0,81.0,0
Pcc92138fb2,24.23,24.23,96.5,191.0,78.5,0
Pb3e080e381,21.71,21.71,98.0,193.0,78.5,0
P20571734e6,18.87,18.87,107.5,201.0,86.0,0
P46af6c0052,23.39,23.39,102.0,208.0,82.0,0
Pd2c0348ebe,22.51,22.51,108.5,233.0,86.0,0
Pe4ea2d8948,22.71,22.71,108.5,234.0,85.0,0
Pf2b6b60b16,23.11,23.11,98.5,202.0,79.5,0
P379acc01ca,22.98,22.98,,216.0,,0
P8176cc6d95,22.89,22.89,96.0,178.0,76.0,0
P6ce52469e7,21.49,21.49,95.5,190.0,78.0,0
Pd6e783f74c,26.62,26.62,97.0,171.0,77.25,0
P27d4bedf9b,24.59,24.59,100.0,185.0,79.0,0
P391abc2490,22.82,22.82,113.0,264.0,88.5,0
P2b413e3467,22.18,22.18,106.0,223.0,83.0,0
P23c2e6b3e7,22.25,22.25,92.0,171.0,73.0,0
P868c4004ba,24.39,21.39,102.0,223.0,84.25,0
P630cc033c0,19.11,19.11,109.0,263.0,85.5,0
Pddd42c77c5,22.1,22.1,109.0,246.0,84.5,0
P099a8d0c1c,20.5,20.5,110.5,251.0,87.0,0
P3470a61a00,18.9,18.9,108.0,228.0,87.5,0
P5afd5b991d,20.92,20.92,98.0,202.0,78.25,0
P5e4491e5c3,20.03,20.03,93.0,178.0,76.25,0
Pc047806c80,20.92,20.92,98.0,199.0,76.25,0
Pf804162018,18.52,18.52,106.0,230.0,83.0,0
P572a4194e6,20.73,20.73,109.0,237.0,84.25,0
P42d0d6de9a,22.09,22.09,110.5,244.0,86.5,0
Pcb4360a784,21.68,21.68,109.0,255.0,87.5,0
P8a3b7b6860,21.14,21.14,105.0,259.0,85.25,0
P9f246cdbe1,20.7,20.7,103.5,201.0,82.75,0
Pf4d4553b6f,21.28,21.28,104.5,203.0,80.75,0
Pc295aab61a,22.98,22.98,104.0,217.0,80.0,0
P471bec0288,22.15,22.15,103.0,225.0,85.5,0
P81f3558def,19.33,19.33,104.0,192.0,81.75,0
Pdd972253d5,22.91,22.91,108.0,215.0,86.0,0
P959d20dcac,21.48,21.48,107.5,202.0,84.5,0
P9cbbbfe0cc,20.01,20.01,91.5,181.0,73.0,0
Pa4dad52ff4,21.57,21.57,100.0,198.0,79.5,0
P311b5f6b41,23.38,23.38,103.0,190.0,82.75,0
P6f59c256f3,22.51,22.51,98.5,179.0,77.25,0
P17786d3599,22.28,22.28,107.0,258.0,87.25,0
P8c537f5a4d,22.18,22.18,107.0,256.0,84.0,0
Pe68742d859,22.09,22.09,106.5,230.0,84.0,0
P690d8b352a,19.09,19.09,106.5,246.0,86.5,0
Pc6a39f466a,18.05,18.05,109.5,209.0,85.25,0
Pd382320a3c,22.38,22.38,106.5,238.0,85.5,0
Peb2d46202e,23.21,23.21,93.5,165.0,71.75,0
P74b9613d69,19.56,19.56,98.0,177.0,74.75,0
P01bc9a886e,20.22,20.22,109.0,261.0,85.75,0
P11475d8eed,19.22,19.22,112.5,228.0,83.25,0
P43e7adb565,20.87,20.87,100.5,187.0,82.0,0
P74b71b0d31,21.76,21.76,106.5,248.0,86.0,0
P83f12f36b1,23.17,23.17,108.0,269.0,86.0,0
P2b78092e41,22.29,21.29,103.5,195.0,81.5,0
Pbb4d6101de,21.61,21.61,106.5,233.0,81.5,0
P38dadf836a,21.3,21.3,110.0,225.0,87.5,0
Pb5af3844f5,22.38,22.38,102.5,183.0,84.0,0
P21b2b49a34,23.18,22.18,110.5,218.0,88.0,0
Pb87f242f46,23.29,23.29,104.0,187.0,85.0,0
Pd650e439a2,22.58,22.58,104.0,223.0,81.5,0
P5104e01e75,22.29,22.29,101.0,210.0,82.25,0
Pa68189cdce,22.29,22.29,95.0,179.0,74.75,0
Pef98a54ad0,22.44,22.44,111.5,242.0,89.0,0
P3928bad8a7,22.17,22.17,93.0,189.0,75.5,0
Pb945050559,21.98,21.98,108.5,242.0,86.75,0
Pc1044ed1f5,23.38,23.38,106.0,213.0,85.5,0
P403a83bdf0,22.09,22.09,94.0,175.0,75.5,0
P55b27de869,22.49,22.49,92.0,154.0,72.0,0
P0a4d4ad000,21.92,21.92,97.5,185.0,81.0,0
P023105521e,20.31,20.31,107.5,227.0,85.0,0
P0ad0c7ed95,21.97,21.97,96.5,185.0,77.5,0
Pbd8640195d,23.09,23.09,99.0,167.0,79.75,0
Pf1999192da,21.98,21.98,104.5,232.0,82.0,0
P3914f363fb,22.18,22.18,108.5,236.0,87.0,0
P8b388e1924,20.94,20.94,96.5,195.0,81.25,0
P485a20a47a,20.39,20.39,108.0,206.0,85.0,0
Pff1fab2e32,20.54,20.54,110.0,249.0,,0
P27f732ca1a,20.9,20.9,110.0,234.0,88.75,0
P49164b4255,21.89,21.89,105.0,198.0,82.0,0
Pd31d743729,19.78,19.78,108.0,217.0,87.0,0
P91b09695de,22.57,22.57,104.0,258.0,88.25,0
Pa1953f4a95,21.89,21.89,101.0,207.0,80.0,0
Pf919ba1bb3,22.67,22.67,97.0,212.0,78.3,0
P4634e39421,19.83,19.83,107.0,222.0,87.0,0
P4dc7399d2c,21.48,21.48,109.0,240.0,88.0,0
P058ee51b71,21.2,21.2,103.5,223.0,83.25,0
P54e5c21a96,20.4,20.4,108.5,223.0,88.25,0
P78afb3722d,22.11,22.11,103.5,204.0,82.0,0
Pd47bfc21b1,20.26,20.26,104.0,227.0,87.0,0
P74ff916074,21.9,21.9,104.5,206.0,85.0,0
P6f3dd59527,20.0,20.0,94.5,171.0,75.0,0
Pdb7c6b10a9,22.32,22.32,101.5,203.0,79.75,0
P1bf2734620,21.78,21.78,103.0,224.0,82.0,0
P7781579610,22.01,22.01,103.0,216.0,81.5,0
Pad940d555c,21.91,21.91,109.0,216.0,88.5,0
P82e987418b,22.55,22.55,103.5,259.0,81.5,0
Pe4baee43bf,22.4,22.4,101.5,212.0,81.25,0
P6565076e45,22.28,22.28,100.0,228.0,81.5,0
P2650c293bf,22.27,22.27,104.0,227.0,84.25,0
P156589bd1a,20.78,20.78,94.0,179.0,74.0,0
P117ae491b1,21.27,21.27,105.5,258.0,85.5,0
P552922b6fa,22.74,22.74,96.5,194.0,78.0,0
Pb8998ddf4a,22.49,22.49,96.5,189.0,75.0,0
P7363f8a8b4,22.38,22.38,104.0,219.0,83.5,0
P633e796e6a,22.67,22.67,94.0,175.0,77.3,0
Pf037b649bc,21.98,21.98,99.5,204.0,80.0,0
P5551ba72f6,23.51,23.51,103.5,221.0,83.5,0
Pcbdc976fea,22.18,22.18,100.5,179.0,80.0,0
Pd1e1adb03d,22.08,22.08,109.0,211.0,85.25,0
P4c433fbf72,22.68,21.68,105.0,227.0,84.0,0
P09e349620c,22.38,22.38,,184.0,79.0,0
P2611750e05,23.09,23.09,105.5,229.0,81.0,0
Pe77ed0b343,21.98,21.98,,234.0,86.25,0
P3765a7e186,22.0,22.0,96.5,187.0,77.75,0
Pe047befac5,23.09,22.09,106.0,236.0,84.0,0
P85ac223123,22.58,22.58,94.5,170.0,73.0,0
P15657a7054,23.01,23.01,107.0,236.0,83.0,0
P9ba3c3f8a6,22.69,22.69,103.0,214.0,80.5,0
Pbdc6b072d0,,,97.5,208.0,77.0,0
P87e51fede0,21.19,21.19,104.5,220.0,83.5,0
P2224af8be2,19.36,19.36,112.0,257.0,88.25,0
P5713a8b541,18.67,17.67,108.5,215.0,88.0,1
Pba0c961d37,20.99,20.99,107.0,246.0,84.75,0
Pbcd324b348,19.64,19.64,94.5,175.0,77.75,0
Pea4d2012e7,20.76,20.76,103.0,228.0,85.25,0
P23d9f5804f,22.64,22.64,,246.0,87.5,0
P4a79922b86,21.24,21.24,103.0,185.0,80.25,0
Pd35ff5934d,19.66,18.66,108.0,200.0,88.5,1
Pad16010a79,22.25,22.25,106.5,223.0,85.25,0
P12dc2a4dac,19.09,18.09,109.0,244.0,85.0,1
P49b077589e,22.35,22.35,98.0,186.0,78.5,0
P8bc7e2260e,18.94,17.94,104.0,210.0,84.75,1
P25a045baff,20.03,20.03,108.0,211.0,86.25,0
Pd84423f7e2,23.48,23.48,104.0,221.0,85.0,0
P243742fc34,21.08,21.08,100.5,207.0,79.25,0
Pdd125f24cc,22.0,22.0,100.5,206.0,84.0,0
P2f5200d27c,19.42,19.42,98.0,194.0,77.5,0
Pd6f3aa739f,21.23,21.23,106.0,233.0,82.75,0
Pb70d7d0b57,20.09,20.09,101.5,203.0,80.25,0
P41fad117db,21.86,21.86,102.0,219.0,79.0,0
P42adf8ab25,20.16,20.16,101.5,172.0,79.5,0
Pd9ad951135,21.33,21.33,102.5,214.0,82.0,0
P168e9ad8d4,22.38,22.38,94.0,161.0,76.0,0
P6950e00d3b,19.39,19.39,109.5,233.0,86.0,0
P56d107e80a,23.7,23.7,102.5,252.0,83.5,0
P40c501f5d6,20.49,20.49,97.5,215.0,79.0,0
P6525188e53,21.41,21.41,,298.0,,0
Pf6d18cb839,22.54,22.54,109.5,230.0,88.0,0
P67d2056db6,20.25,20.25,106.5,240.0,85.0,0
Pb380360b47,22.48,22.48,110.5,252.0,88.5,0
Pcfbeb8a341,24.45,24.45,107.0,218.0,86.75,0
P0f110bb83f,21.61,21.61,104.0,220.0,82.5,0
Pd1415c96b7,22.48,21.48,109.0,280.0,87.0,0
Pf5e2b9f7f1,21.51,21.51,96.0,173.0,74.25,0
Pac5bd0e496,22.74,22.74,105.0,211.0,84.25,0
Pcb5c1e8ac6,22.68,22.68,108.5,232.0,86.25,0
P544e2d56ac,21.17,21.17,97.5,185.0,76.25,0
Pa610141ccc,21.95,21.95,101.0,199.0,78.5,0
P1605b30cec,21.69,21.69,101.0,203.0,81.0,0
Pc86b9a08db,20.88,20.88,103.0,185.0,83.5,0
P49a2cdbcb5,20.51,20.51,96.0,195.0,76.0,0
P02f9f17423,24.18,23.18,99.5,209.0,84.0,0
P9bd8ef5672,22.55,22.55,110.0,250.0,87.25,0
Pd175d5631f,23.61,23.61,,241.0,87.25,0
Pda7f31dba8,22.98,22.98,,186.0,76.75,0
P2d45174d7f,19.66,18.66,99.0,196.0,79.0,1
P722aa856f7,19.39,18.39,109.0,239.0,84.0,1
P552ea773e2,20.57,19.57,100.0,200.0,78.0,1
P67ee7c4408,19.58,19.58,100.0,192.0,79.75,0
Pdfe2a49906,19.73,19.73,106.0,255.0,83.25,0
Pd43d378f42,19.43,19.43,99.0,222.0,81.0,0
P2e38e474e2,21.43,21.43,106.0,220.0,83.5,0
P376f10f64c,20.56,20.56,94.5,172.0,75.5,0
Pab86c7dfaf,20.17,20.17,113.0,256.0,89.5,0
P5f07dfebd6,19.78,18.78,100.0,204.0,75.0,1
Pf1e6555cfc,19.9,19.9,104.5,211.0,83.25,0
P7c81e9aca5,18.88,18.88,109.0,197.0,87.0,0
Pfcb4575061,20.37,20.37,114.5,241.0,90.0,0
P3d1eff1bca,19.07,19.07,112.0,207.0,92.75,1
P0157d20b94,18.7,18.7,111.0,228.0,87.0,0
Pda7ff44e77,18.46,18.46,104.75,214.0,84.75,1
P0e7908a570,22.08,22.08,97.5,181.0,81.0,0
P4b0ccf34e0,20.19,20.19,107.0,216.0,82.75,0
Pab534e249b,20.28,19.27,109.0,221.0,82.0,1
P41bc73e83b,23.33,23.33,104.0,208.0,83.25,0
Pad8df3794d,24.46,24.46,107.0,265.0,85.75,0
P7c1c1e7eac,19.86,19.86,113.5,250.0,90.0,0
P246009ab63,21.95,21.95,112.0,250.0,86.25,0
P8482acfde2,21.91,21.91,104.0,193.0,82.0,0
P1ca581fef0,22.74,21.73,94.0,180.0,76.25,0
Pc9371b494a,24.03,24.03,97.5,234.0,84.5,0
P79f9e777a1,21.27,21.27,103.5,204.0,81.0,0
P951f092ec6,22.57,22.57,106.5,241.0,83.25,0
Pb047bb4747,22.32,22.32,98.0,166.0,79.25,0
P28594efa12,23.07,23.07,110.0,247.0,90.0,0
P2bc925c307,21.96,21.96,99.5,218.0,77.75,0
P94bbcbe8b9,21.83,21.83,111.0,248.0,86.5,0
P103e95dd1f,22.29,22.29,106.5,218.0,85.25,0
Pc9bef9c2e0,22.84,22.84,98.0,216.0,77.0,0
Pbbe7c2361f,22.68,22.68,,207.0,82.5,0
P2528efc939,22.73,21.73,94.0,165.0,76.0,0
Pc06b79b843,22.06,22.06,109.5,219.0,86.75,0
P8ff779ec76,22.57,22.57,,231.0,87.75,0
Pfa9e39fc67,23.29,23.29,,229.0,84.5,0
Pb00deeb55d,22.55,22.55,98.5,196.0,82.0,0
P6e6a2db0d6,22.48,22.48,103.5,224.0,82.25,0
P3b02df9dfc,21.98,21.98,107.5,244.0,86.25,0
P4b40cf78ae,21.59,21.59,105.0,213.0,81.5,0
Pd2241d6e4b,21.59,21.59,108.0,250.0,87.0,0
Pb36450dd54,24.76,24.76,111.0,217.0,89.0,0
Pb48635a7c4,21.63,21.63,105.5,240.0,82.5,0
P146ec7320a,20.21,20.21,105.0,248.0,83.25,0
P26f8dd510c,22.29,22.29,113.0,267.0,90.25,0
P2acc089d0e,19.76,19.76,103.5,222.0,82.75,0
Pe2d0a4cddd,19.7,19.7,104.0,221.0,83.25,0
P1738f63a26,20.31,18.31,95.0,196.0,74.5,1
P7b8c6b66e0,21.22,21.22,97.0,181.0,75.5,0
P3391f209f3,21.85,21.85,108.0,232.0,85.5,0
Pad8e6fd6b0,19.82,19.82,102.5,211.0,81.0,0
P4417860ddd,21.93,21.93,103.5,213.0,81.0,0
Pef77516e2b,21.48,18.48,102.0,215.0,82.75,1
P4c4f563b8c,23.58,23.58,106.0,234.0,83.5,0
Pc430805a15,21.37,21.37,109.5,228.0,86.5,0
P7ef2b1cf05,20.97,20.97,110.0,192.0,86.75,0
Pab257f8a15,18.97,18.97,100.5,199.0,79.0,0
P20418f8d52,21.58,18.58,93.5,195.0,73.0,1
P0086aec335,20.97,20.97,98.5,175.0,79.5,0
Pe79f6d1bdb,21.97,21.97,97.0,164.0,74.5,0
P8afd917a6c,21.77,21.77,96.5,166.0,75.0,0
P7d7c4d5568,20.94,18.94,102.5,206.0,81.75,1
Pcb72b419f2,20.3,20.3,111.0,258.0,85.5,0
P57a6e7dc53,21.26,21.26,99.0,181.0,82.25,0
P38fd19ed26,23.94,23.94,109.0,214.0,88.0,0
P117b8ca478,22.87,22.87,105.0,210.0,82.0,0
P6fd4123c4d,21.51,18.51,100.0,194.0,79.5,1
Pc99e2f6730,23.21,23.21,97.5,183.0,78.0,0
P57802757ed,22.48,22.48,101.0,208.0,80.25,0
P3326a2a68b,22.11,22.11,106.5,227.0,83.0,0
P977d8b209e,21.33,21.33,106.5,243.0,84.75,0
Pc643573699,24.0,24.0,105.5,223.0,82.75,0
P5e4e4a8cf1,20.11,20.11,106.5,277.0,86.0,0
P16997d7184,22.2,22.2,,252.0,79.75,0
P8514f39741,21.28,21.28,108.0,220.0,83.0,0
Pe7ad570728,21.81,21.81,107.5,225.0,86.5,0
Pa0dded8876,21.78,21.78,98.0,211.0,76.5,0
P917b0d4d70,20.91,20.91,98.0,179.0,78.5,0
P56bb4beeed,22.01,22.01,99.0,194.0,77.0,0
P922c03ccad,21.03,21.03,101.0,206.0,79.0,0
P456fdc6328,21.94,20.94,100.5,207.0,82.0,0
P5500e23cae,23.09,23.09,,231.0,82.5,0
Pfd96fb33e5,21.97,21.97,99.0,186.0,77.5,0
P597d181897,24.25,23.25,101.0,199.0,80.0,0
P4b1ba6339f,23.86,23.86,98.5,196.0,80.8,0
P6aab967db9,21.88,21.88,,216.0,86.75,0
P6f23e4dd26,23.59,23.59,,219.0,81.0,0
P37b821fb18,22.0,22.0,,225.0,82.0,0
P6d59a1d0fb,21.69,21.69,103.0,202.0,81.5,0
P1a8bbe3efe,22.09,22.09,,204.0,78.0,0
Peb1d9a0135,24.01,24.01,,208.0,79.25,0
P4b68bd7095,22.67,22.67,,220.0,80.25,0
P74435b1e45,21.43,21.43,99.0,210.0,76.25,0
Pcd4698d422,19.67,19.67,102.0,,84.0,1
Pd01ecb3669,19.73,19.73,101.5,196.0,81.25,0
Ped95bfcd7e,21.59,21.59,103.5,214.0,80.0,0
Pcc98298533,18.88,18.88,110.0,245.0,88.0,0
Peb88f22502,22.89,21.89,106.0,206.0,84.0,1
Pb3be83363c,19.8,19.8,113.0,292.0,89.75,0
P97ae54051b,23.03,23.03,106.5,237.0,88.5,0
Pc58bcc8049,19.99,18.99,108.5,243.0,86.0,1
P297adbbd5f,19.69,18.69,108.5,218.0,84.0,2
P1402e898dc,20.19,20.19,103.0,211.0,79.75,0
P7f86ce09cc,20.03,20.03,107.0,214.0,83.25,0
P7e584efe40,21.58,20.58,111.5,242.0,90.0,2
P10d0b75bed,19.21,19.21,105.0,210.0,83.25,0
P8fac339738,20.99,20.99,108.0,227.0,84.0,0
P3f25ee2633,21.22,18.21,110.0,240.0,86.0,1
P502aba077e,21.52,20.53,112.0,217.0,90.5,2
P6f36cd1fed,21.0,21.0,104.5,218.0,83.25,0
P0d0da4d2bc,19.61,19.61,98.0,192.0,79.5,0
P871b04878c,19.51,18.51,98.5,178.0,78.0,1
Pb46ac34cd7,21.19,21.19,104.0,208.0,80.5,0
P54e531f2ec,22.63,22.63,109.0,229.0,84.0,0
P780225999f,22.52,22.52,106.0,236.0,81.75,0
P38bff88a77,22.65,21.65,106.0,224.0,84.75,0
Pa56ca2c36c,21.63,21.63,101.0,216.0,81.25,0
P2c1e066057,21.6,20.61,101.0,195.0,77.5,2
P4793f789c0,23.37,22.37,101.0,200.0,79.0,2
P4d2f3d5dbd,19.82,19.82,110.5,269.0,88.25,0
P7072c546bd,23.51,23.51,102.0,226.0,84.75,0
P581e368d46,22.25,22.25,111.0,303.0,90.0,0
P830611c613,20.99,20.99,113.0,227.0,91.0,0
P815e63680a,21.3,21.3,99.5,195.0,80.0,0
P24b8a1c556,20.22,20.22,101.0,203.0,81.0,0
P96ac6f0cd3,22.67,22.67,104.5,204.0,81.25,0
P7a82e40751,23.58,23.58,100.0,192.0,79.0,0
P27a3420564,21.93,21.93,104.5,216.0,81.5,0
P0aa146e53e,19.74,19.74,103.0,227.0,82.5,0
Pe03992058c,22.25,22.25,109.5,210.0,87.5,0
P966e81614a,20.59,19.59,107.5,204.0,81.0,2
P433bbb1ab7,23.67,22.67,113.0,245.0,90.0,2
Pe82bc0553e,21.56,20.56,106.0,229.0,84.0,0
P3d55371834,22.2,19.2,109.0,234.0,89.25,1
Pc62b6f4e46,22.41,21.41,106.0,240.0,81.75,0
Pec2bc35d4f,20.61,19.61,99.5,196.0,78.0,1
P6ff85cb7e1,22.08,22.08,107.25,280.0,84.25,0
P220e9380db,22.79,21.79,97.0,183.0,77.0,0
P13adb32b1d,23.29,23.29,104.5,216.0,82.75,0
Pdb8fb82c3b,22.6,22.6,,305.0,90.5,0
Pad180fa2f7,22.68,22.68,100.0,190.0,81.5,0
P19913201dd,22.18,22.18,100.75,196.0,81.0,0
Pb486223088,22.58,22.58,,200.0,77.0,0
P4570803785,23.18,22.18,94.0,228.0,72.0,1
Pebc69ca1f1,23.29,23.29,107.5,236.0,86.0,0
Pcdba4ddbae,22.49,22.49,,248.0,86.0,0
P9c4bb7f4c2,20.72,19.72,102.0,183.0,78.5,2
P06e60a886f,23.9,23.9,,192.0,86.0,0
P29b17f6d68,21.77,20.77,98.0,193.0,75.0,1
Pc781d37e72,21.59,21.59,107.5,232.0,85.75,0
P0b3e754c0e,20.18,20.18,100.5,210.0,81.0,0
Pdcb8ac9b93,19.32,19.32,109.5,302.0,88.5,0
P575f19a655,19.19,17.19,99.0,172.0,75.5,2
Pb035a35ee9,20.02,19.02,108.0,231.0,84.0,2
P5969d3ea2a,19.03,18.03,109.5,261.0,84.5,1
Pc8dae45369,20.22,20.22,108.5,227.0,85.25,0
P4ec69893f6,18.11,18.11,109.0,224.0,83.0,0
P148aecdd52,18.76,18.76,111.4,245.0,90.2,0
P4a7a8900d7,19.5,17.5,98.5,183.0,78.0,1
P2e890c30d2,21.07,20.07,91.5,179.0,74.0,2
P3ef4d7a55a,22.26,21.26,96.5,196.0,77.0,1
Pb0e43997bd,21.31,20.31,103.5,190.0,80.0,2
P9e7b32dc92,19.86,18.86,103.5,191.0,82.5,2
P2d49f5a403,21.76,21.76,106.5,241.0,82.8,0
P268ca85d2e,21.72,20.73,105.5,218.0,79.0,2
P22add316a5,19.92,19.92,106.0,227.0,87.0,0
Pbbfb6a2c4a,20.64,20.64,112.5,260.0,88.5,0
P47e2698d94,20.93,18.93,99.5,211.0,81.0,4
P701bdb09e4,21.52,20.52,103.5,221.0,83.5,2
Pce627023f0,18.88,16.88,103.5,210.0,83.0,2
Pce366ff1b3,17.7,17.7,109.0,224.0,83.0,0
Pa98bcc077b,22.85,18.85,100.0,189.0,78.0,3
P0c700e1af1,21.53,21.53,108.0,225.0,84.0,0
Pc5e44c9142,22.34,20.34,101.0,197.0,83.5,1
Pe1228b6b2c,20.65,20.65,104.0,228.0,81.5,0
P53502448c1,22.31,20.31,107.5,208.0,86.0,0
Pd9bc466fd2,22.67,22.67,95.5,175.0,77.5,1
P4d8e3ba87c,19.68,17.68,99.0,175.0,76.5,1
P85135a294f,21.71,21.71,101.5,222.0,79.5,0
P74ab2a2c37,21.74,21.74,106.0,228.0,83.75,0
P69e13b90fc,23.07,19.07,108.0,222.0,82.0,4
P43d78a0411,21.07,20.07,96.5,211.0,79.0,2
P2e873db9ac,20.88,20.88,105.0,187.0,81.0,0
P629d2ef8de,20.64,20.64,106.5,247.0,84.25,0
P2c06075e55,21.03,20.03,107.5,237.0,84.0,1
P749792a28d,22.6,21.6,104.5,217.0,81.5,2
P3e5e9d6579,19.95,18.95,110.5,246.0,87.75,0
P96af95e7fd,22.05,22.05,105.5,223.0,84.0,0
Pde91f9542b,20.41,20.41,102.0,190.0,79.5,0
P52af59d765,20.98,20.98,101.5,198.0,81.8,0
P355f728583,22.25,22.25,96.5,216.0,79.5,0
P50ca99530f,22.3,22.3,104.5,279.0,83.25,0
Pd11fd10026,22.48,22.48,96.5,198.0,76.25,0
P36b818b767,21.17,20.17,103.0,200.0,81.5,1
Pe6bde91a1f,22.8,20.8,109.5,215.0,88.0,1
Pc4acbf93e3,20.18,18.18,98.0,183.0,76.0,2
P4f47ca7b5d,24.68,19.69,109.0,230.0,88.0,3
P7f14bdd3aa,23.12,23.12,103.5,202.0,83.0,0
P3ce7981258,22.31,20.31,91.5,182.0,72.0,2
P07a1fb349e,22.34,22.34,97.5,206.0,77.0,0
P109788f4ba,23.49,22.49,103.5,198.0,82.0,2
P762dcd7f87,21.94,19.94,100.5,183.0,79.0,2
Pa5d1a1783b,22.98,22.98,101.5,213.0,79.0,0
P0736b54145,21.53,19.53,96.0,211.0,75.0,3
P4e1bce542d,22.9,22.9,111.5,252.0,88.0,0
P3d4bf642e0,23.38,23.38,101.5,196.0,80.5,0
Pe0ab16a2ed,22.44,22.44,102.5,206.0,82.0,0
P89d1117940,22.2,22.2,96.0,208.0,77.0,0
P7c4530d600,22.57,22.57,107.5,223.0,84.5,0
P13a0e44cab,20.37,19.37,106.5,249.0,85.5,1
P10819fb965,22.61,22.61,104.5,210.0,86.5,0
P477dab5e0e,21.28,21.28,104.5,240.0,86.5,0
P42d7cc83b1,19.28,17.28,106.5,195.0,79.0,2
Pbb710ba6e6,22.58,22.58,108.0,228.0,86.5,0
P163aa00374,19.23,17.22,108.0,190.0,86.0,5
P272afc1b90,18.68,15.68,104.5,216.0,84.5,2
Pa260a40e68,18.93,17.92,100.0,196.0,79.0,1
P43f8251240,20.5,17.5,98.0,201.0,78.5,2
Pf849910cdc,21.21,20.21,106.0,240.0,85.0,2
Pf9e0178b31,21.91,21.91,95.5,189.0,79.75,0
Pb5ebcb5d6c,20.01,17.0,101.5,209.0,84.5,4
Pc3d030ae81,21.32,20.32,100.5,197.0,79.0,1
P4e4e438f6e,18.81,18.81,109.5,279.0,90.25,0
P2320c27578,19.83,16.83,96.5,189.0,79.0,3
P3f927eeca6,20.26,17.26,108.0,215.0,87.0,2
P4d2e34ba12,20.01,20.01,102.0,179.0,83.0,0
Pca1e2194fa,20.79,17.79,96.0,180.0,76.5,3
P400aecdd2c,21.43,21.43,112.0,216.0,89.0,0
P47044d9385,21.14,21.14,104.5,261.0,84.0,0
Pbc5d4fc393,22.37,22.37,104.5,247.0,84.0,0
Pcfae2f19b7,20.39,17.39,107.0,219.0,84.0,3
Pc2a67f2add,22.48,22.48,107.0,234.0,88.0,0
Pefaae49c8b,19.59,19.59,102.5,204.0,80.25,0
P83b3d780d7,20.24,17.24,105.5,262.0,83.5,5
Pa3f9e715ae,21.95,18.95,110.0,274.0,87.0,1
P6d4d3ba13b,21.24,21.24,98.0,212.0,80.5,0
P31e884be2b,21.03,21.03,98.0,188.0,78.5,0
P52c65c114a,19.13,18.13,101.0,204.0,80.0,1
P4bc4764e2a,23.75,22.75,105.5,247.0,84.0,2
P8d6fb61ea0,21.54,21.54,106.5,233.0,86.25,0
Pd2430f6dfc,20.68,17.68,107.0,220.0,86.5,2
P838aeb9cb6,19.26,16.25,96.5,165.0,79.0,3
Pc6c9992e46,22.61,22.61,108.0,264.0,89.75,0
Pb172e7dcfc,23.06,22.06,101.5,226.0,78.0,1
Pc0b16a51f2,20.61,17.61,103.0,194.0,79.5,0
P86f7665380,27.29,27.29,108.5,230.0,87.0,0
P0267b55e6b,21.89,21.89,99.5,241.0,81.25,0
Pa548aa166c,22.25,22.25,105.0,236.0,85.25,0
Pf2c709b50b,23.23,22.22,100.5,231.0,83.0,2
Pff7518dc75,21.66,21.66,106.5,224.0,86.75,0
P41b1bb4705,19.53,19.53,105.0,219.0,85.25,0
P319cf0c2e0,20.8,19.8,103.0,211.0,82.0,2
P798e5b71ce,21.4,18.4,102.5,161.0,81.5,2
Pd9273beb4e,22.14,22.14,97.5,177.0,78.25,0
P47e358160b,20.57,17.57,98.5,183.0,78.0,3
P1ba89514b1,23.88,23.88,104.0,241.0,82.8,0
P4b46fb5c89,23.69,22.68,100.0,195.0,79.5,0
Pc8a80657b3,22.2,21.2,101.0,238.0,81.0,1
P337fb06bb7,22.24,22.24,99.0,194.0,78.75,0
P404f9fdfb6,21.83,18.83,99.0,221.0,80.0,0
Pbf890a872a,23.46,21.45,104.0,217.0,82.0,1
P8e2f7481af,20.66,17.66,105.0,217.0,81.75,0
P2db62bcb6f,22.72,21.72,96.0,214.0,78.0,2
P2cdeb4bf00,23.23,23.23,102.0,218.0,80.5,0
P711641b36d,22.99,22.99,107.5,263.0,84.5,0
P1edb3aa5e4,23.34,23.34,,188.0,78.5,0
P10bdb64d5d,20.43,19.43,102.0,178.0,77.0,0
P5ed74be24f,22.91,22.91,,201.0,83.5,0
Pbe0e1f0064,21.07,20.06,96.0,201.0,74.0,2
Pae1e3e2903,22.49,22.49,95.0,174.0,73.5,0
P093d3a11ad,22.77,20.77,104.5,248.0,84.0,1
Pded0fedf79,21.94,21.94,94.5,206.0,76.0,0
Pfa75ae8d76,22.54,22.54,99.0,181.0,80.0,0
P64210277c7,18.98,18.98,,212.0,79.0,1
P416dc6431a,22.15,22.15,105.5,177.0,84.5,0
Pf37ef86b30,21.53,19.53,96.0,211.0,75.0,3
P8ea6b00194,22.43,22.43,,259.0,86.5,0
P9fd176d178,22.2,22.2,108.0,241.0,88.0,0
Pd7b7b2dd0a,18.95,18.95,,209.0,87.0,2
P2561e38a80,22.79,22.79,103.0,227.0,80.25,0
P84b7d3abc9,22.52,22.52,109.5,304.0,88.5,0
Pfbbf8d1dd2,20.59,20.59,95.5,184.0,74.5,0
P00193b3ed9,19.22,18.21,,242.0,85.0,3
Pca1c024cab,21.08,21.08,100.5,213.0,81.25,0
Pf7f191defd,19.99,19.0,105.5,200.0,85.0,2
P84101ffd6c,20.65,17.65,105.5,209.0,81.0,2
Pde25a111c0,19.96,19.96,,,87.5,0
P854bff0ae3,19.14,17.14,109.5,201.0,87.0,3
P3ede0fa0b1,20.3,17.3,99.0,181.0,79.0,3
P6a23d47737,20.28,17.28,100.5,185.0,77.5,2
P6258e82584,20.55,19.55,97.5,185.0,77.0,2
P398088f587,21.64,18.64,100.0,167.0,79.0,2
P84dee8d837,19.84,19.84,109.5,255.0,88.5,0
P1100d011d0,22.12,22.12,108.0,234.0,81.75,0
P93a13b19c2,20.55,19.55,104.0,223.0,83.3,1
P9702e35c0a,20.85,18.85,110.5,215.0,88.75,0
P36f801ddc1,20.66,17.66,89.0,162.0,71.0,1
P824176de50,19.6,19.6,,197.0,81.25,1
Pdbcc4b2801,21.56,21.56,105.5,198.0,83.5,0
P17a4a5cfae,23.37,23.37,111.5,230.0,87.5,0
P31b4a243f7,23.24,21.24,108.0,234.0,83.0,4
P24a562f4ba,22.25,21.25,103.0,229.0,81.5,2
Pf825457ab4,21.21,20.21,101.0,193.0,79.0,2
Pccb83c9fcb,22.21,18.21,102.0,190.0,80.5,1
P70aaa5fb09,21.49,20.49,104.5,195.0,81.0,1
Pb18185e9fe,20.93,20.93,115.0,238.0,92.5,0
Pa33d5803eb,18.79,14.79,100.5,196.0,77.0,4
P8aa2e06ade,21.96,19.96,91.25,195.0,77.0,0
Pcad0645e5a,21.16,21.16,103.5,197.0,83.25,0
P467b7b3f59,22.8,22.8,103.5,203.0,81.25,0
P5d0988f1e1,22.03,21.03,94.5,199.0,76.0,2
P488064c36d,22.4,22.4,101.5,211.0,81.25,0
Pf209014384,21.97,17.97,96.5,179.0,73.5,5
P622332ff90,22.05,21.05,98.0,189.0,75.5,1
Pef94ae3f83,23.24,22.24,110.5,229.0,85.5,2
Pf1323eea4d,19.92,17.92,109.0,220.0,85.0,2
Pfb1f867cde,21.86,21.86,103.5,191.0,83.25,0
Pd2b56a96a1,21.76,21.76,90.0,175.0,70.0,0
Pea46ee56c1,20.72,17.72,102.5,175.0,77.5,3
P36eaf9779b,21.92,21.92,108.0,230.0,85.0,0
P70fe638043,22.06,21.07,98.0,180.0,78.5,1
Pa9d4084dfb,21.03,19.03,92.0,168.0,73.5,0
P15f2c20d7d,22.11,21.11,110.0,232.0,83.0,2
Pb10604e423,22.59,22.59,108.0,240.0,82.5,0
P5f6276e4dd,22.92,22.92,104.5,201.0,83.5,0
P45b94f1aab,22.77,22.77,100.0,189.0,79.0,0
Pa0a2c9503f,19.67,19.67,103.5,225.0,81.5,0
P5e50445e82,22.6,22.6,93.0,181.0,75.0,0
P74a501a7bb,22.69,22.69,102.5,211.0,81.0,0
P310fe8e32c,21.2,20.2,104.0,201.0,82.0,0
P58c3f134a2,21.17,17.17,106.5,215.0,86.0,4
P01a00a5983,23.41,23.41,97.5,193.0,77.5,0
Pecca0a47dd,23.8,23.8,109.0,239.0,88.0,0
P83fd4822e5,23.06,23.06,106.0,221.0,85.0,0
Pf22b67943e,20.91,20.91,100.5,197.0,78.0,0
P591a253b3e,22.24,18.24,92.0,162.0,73.0,4
P1497c83aba,20.22,16.22,99.0,204.0,84.0,2
Paf55ace901,22.38,22.38,,,,0
P45450124ed,22.25,22.25,98.5,173.0,78.5,0
P38145d33eb,23.92,22.92,104.0,247.0,81.0,2
P8d3cc27d9f,22.79,22.79,97.5,179.0,76.0,0
P2100fc35c8,21.89,21.89,108.5,242.0,85.5,0
P33a3ea1e89,21.87,21.87,101.5,200.0,79.0,0
Pbe299942e3,22.4,22.4,90.75,177.0,71.25,0
Pcc25131c3d,21.85,20.85,103.5,205.0,81.5,2
P73a117bd09,22.49,22.49,106.0,209.0,85.75,0
Pebbd613418,22.7,22.7,97.0,205.0,76.0,0
P4c0b663d25,23.47,23.47,104.5,216.0,82.25,0
P607c704c53,21.75,17.75,104.0,221.0,80.0,3
P93861fcc04,23.36,20.36,104.0,225.0,82.5,2
Pf1615243ab,21.34,17.34,96.0,160.0,78.5,3
Pb5f5bff7e1,23.65,23.65,97.0,180.0,77.0,0
Pdb1689c286,18.27,16.27,,190.0,83.0,4
P23f1ba707f,18.21,15.21,102.0,235.0,82.0,5
P2171d2817b,19.21,19.21,,240.0,89.0,1
P11fb43c4ea,18.71,15.71,106.0,207.0,83.0,3
Pc9a1f10582,18.89,17.89,103.0,188.0,81.25,1
P1044a073cf,20.24,19.24,100.0,226.0,80.0,1
P1dca1ecf2b,19.5,16.5,105.5,243.0,82.0,4
P12d1ca8d35,20.65,16.65,99.5,200.0,79.0,1
P0a4bbd8b0a,18.77,15.77,106.0,216.0,87.0,5
P7f1d080745,20.27,19.27,101.0,179.0,79.0,1
Pc7e0f691c6,22.41,20.41,103.0,223.0,80.5,2
P3997afa4f2,18.15,18.15,,223.0,82.0,1
P96c6ba4e0f,19.23,17.23,100.0,167.0,78.75,3
P49827cf895,20.74,17.74,104.0,230.0,81.0,3
Pa9426d162d,23.28,18.28,109.0,215.0,84.0,2
Paf95fb158c,18.77,18.77,109.5,280.0,86.0,0
Pf7c7a85a9a,18.79,15.79,104.0,202.0,81.0,3
Pea7725adea,19.77,17.77,98.0,180.0,77.0,2
P465ab55c02,19.71,15.71,99.5,195.0,78.5,5
Pccdaab2014,20.99,18.98,107.5,258.0,84.0,5
Pd907989bcb,19.9,19.9,102.0,209.0,82.0,0
P2f95e0c256,21.61,17.61,104.0,187.0,80.0,5
P5c19a79a93,22.88,19.88,93.0,182.0,74.0,3
P360c31499c,20.04,19.04,110.5,211.0,87.5,1
P44154d877a,17.79,17.79,104.25,200.0,83.0,0
Pa5d86611c0,22.49,22.49,106.5,213.0,85.0,0
P4f181909b7,20.7,16.7,108.0,223.0,85.0,5
Pf78412d8c5,19.03,19.03,107.5,240.0,87.0,1
P944e30c99c,22.73,22.73,100.0,215.0,78.0,0
Pd5729dac8f,23.12,22.12,101.5,207.0,81.0,1
P31e153a014,20.4,16.4,103.0,251.0,85.0,4
Pab87e9a8b8,21.15,21.15,103.0,205.0,80.3,0
Pd8244d9a42,20.22,17.22,108.5,196.0,86.0,2
Pdd79d6ef7f,20.39,19.39,100.5,211.0,81.0,2
P962232fdc6,19.33,19.33,111.0,253.0,87.0,1
Pb51c66667f,21.44,16.44,96.5,185.0,77.0,4
Pb59be03b24,22.33,21.33,100.0,184.0,79.5,2
P6e49424689,22.83,17.83,105.0,212.0,84.0,2
P6cee28a4f3,22.02,20.02,98.0,184.0,79.5,1
P83de6de3ec,23.12,23.12,95.0,160.0,75.5,0
P9e30954b9f,22.8,22.8,101.0,226.0,83.0,0
P8c383a7533,23.48,23.48,107.0,252.0,84.75,0
P25150e1302,21.87,21.87,104.5,205.0,84.0,0
Pbed27928bf,20.38,20.38,102.0,202.0,79.0,0
Pb8a773b356,21.58,20.58,99.0,185.0,78.0,2
Pc0fff42784,21.69,21.69,102.0,192.0,81.0,0
P9da0cf7014,23.18,22.18,104.0,175.0,84.0,2
P1108cb2921,20.01,20.01,,186.0,73.5,2
Pf0c15e8037,21.98,20.99,101.75,218.0,81.5,2
P17aee771c1,23.2,23.2,97.0,182.0,77.75,0
P9c40b5aa37,21.29,21.29,,182.0,76.0,1
P331cffbdbb,21.47,17.47,100.0,203.0,80.0,2
P59ddf4705a,24.38,24.38,99.0,219.0,79.0,0
Pee1a8f2e9d,22.58,17.59,109.5,226.0,87.0,2
P1b1aa3dc82,21.82,21.82,95.0,163.0,74.0,0
Pd856b04e96,22.67,17.67,98.5,196.0,80.0,2
Pbda800ed55,21.19,17.19,104.0,193.0,83.0,5
Pa76f81d8c3,22.42,22.42,110.0,224.0,87.5,0
P2dde5c1214,23.21,23.21,106.0,237.0,82.25,0
P2dd4d0a4f4,22.09,22.09,98.0,177.0,78.0,0
Pceb2ff7429,22.19,22.19,107.0,249.0,86.0,0
P0ee95e3925,22.49,22.49,107.0,253.0,86.75,0
P187235ce4e,21.66,21.66,106.0,215.0,82.3,0
P68a89b7756,22.94,22.94,91.5,160.0,75.0,0
P88b9812a96,21.88,21.88,103.5,239.0,83.5,0
Pe39c876df8,21.89,21.89,99.5,190.0,79.25,0
P9df5f3f8bb,21.97,19.97,106.5,220.0,85.0,2
P9075a4686f,23.57,21.57,95.0,160.0,74.5,2
Pdd3e192436,22.47,22.47,99.5,188.0,80.0,0
P7632bd626c,17.68,17.68,102.5,253.0,80.0,1
Pd35ff11e6d,22.11,18.11,106.5,193.0,85.0,2
P8c2c5e7b71,20.63,16.63,111.0,201.0,87.0,1
P80e599186b,21.77,17.77,91.5,165.0,73.0,5
P98ee7e9798,21.5,17.5,104.0,219.0,84.5,6
P645a205457,23.05,18.05,106.5,184.0,85.0,1
Pb9c495a67d,18.46,15.46,111.0,272.0,87.0,3
P9b0b27ae5d,21.79,17.79,110.0,221.0,86.0,3
P3e493925a2,18.24,15.24,100.0,187.0,79.0,3
Pff77feae98,19.01,17.01,102.0,237.0,82.0,6
Pec96a14b85,22.16,22.16,109.5,231.0,83.0,0
Pc3390f55d0,19.18,17.18,105.0,218.0,81.5,3
Peaf1686cc0,19.19,17.19,108.0,230.0,87.0,5
P2297a93a7f,19.57,16.57,107.5,228.0,84.0,2
Pce2a43b358,20.81,20.81,97.5,183.0,79.25,0
Ped4ca8f8d6,19.48,17.48,103.0,197.0,85.0,5
Pe71646e585,21.21,17.21,98.5,168.0,78.0,3
Pcf63b744fe,18.79,15.79,100.0,196.0,78.0,4
P94d904f95a,21.07,20.07,106.0,229.0,82.0,1
P8d6369038a,22.64,22.64,100.0,198.0,79.5,0
P16f77dc0c6,23.1,22.1,101.5,179.0,78.5,1
Pb067831a66,21.53,15.53,101.0,208.0,82.5,3
P5492e07ad3,20.3,17.31,107.0,215.0,84.0,4
Pb4e1522182,20.41,16.41,105.0,192.0,84.0,4
P9a02cf437c,19.06,17.06,96.0,175.0,75.0,3
Pd0eaa15469,21.02,18.02,106.5,224.0,81.0,3
Pdaafce7eb6,22.4,21.4,108.0,234.0,84.5,1
P128f74a48f,20.32,17.32,108.0,195.0,86.5,4
P1c43036b93,19.32,16.32,109.5,183.0,85.0,2
P1b292d5147,21.34,19.35,107.0,242.0,87.0,1
P4a125216bc,20.9,17.9,106.0,211.0,85.5,3
Pf634b73f97,22.64,16.64,104.5,184.0,79.0,2
P2e8c779b09,23.5,17.5,110.5,222.0,88.5,4
Pe7f5f31a46,21.63,21.63,108.0,243.0,85.5,0
Pf38454d2db,22.13,21.13,103.5,219.0,80.0,1
Pea73008ab4,22.4,22.4,96.0,215.0,80.75,0
P0ba0d4e186,20.59,16.59,98.0,209.0,80.0,3
P831df49905,22.02,17.02,100.5,199.0,83.0,1
Pf21d262b1c,19.69,15.69,109.5,263.0,84.0,1
Ped46c6be82,22.33,17.33,101.0,206.0,81.0,3
Peda2227014,20.58,16.58,102.0,200.0,80.0,4
P6f3f385e9b,22.32,21.33,106.5,264.0,85.5,1
P7570f82c10,22.78,21.79,103.5,201.0,80.5,1
P04e5776a76,21.94,21.94,105.5,,84.25,0
Pfc32d168da,20.8,20.8,115.0,293.0,92.0,0
P1ef5f1c321,21.82,19.82,102.5,191.0,82.5,0
Pef9b8757a6,23.81,23.81,104.25,246.0,84.0,0
Pca83b848d1,25.75,25.75,101.5,204.0,79.5,0
P26e74779f0,23.28,22.28,96.0,182.0,77.0,0
Pa2709c7876,23.56,22.57,105.0,220.0,81.5,0
P9990134f41,22.98,22.98,98.5,174.0,76.5,0
Pe00e8a81b3,23.22,22.22,96.5,194.0,72.5,1
Pa24dadc449,19.5,16.51,108.0,240.0,86.0,5
P84b2e1b413,19.64,16.64,111.5,200.0,86.0,2
Pa48064fa8c,20.89,15.89,109.0,200.0,85.0,5
P9cedd79bd8,20.49,17.49,108.0,206.0,85.5,2
P83f630794b,21.75,16.76,100.0,178.0,82.0,3
P9e418f4c91,21.18,19.18,89.5,196.0,81.0,1
P0c888043b8,21.4,20.4,104.5,198.0,83.5,1
Pcfe0d93659,22.28,20.28,100.0,182.0,77.0,2
Pd3473cff83,21.39,17.39,113.0,264.0,88.0,1
Pfd690eb68d,22.64,21.65,104.5,215.0,82.0,1
P7b91fe948e,19.6,17.6,97.0,187.0,77.0,5
Pb88d2f0541,21.87,21.87,98.5,181.0,77.5,0
P2c58b86e78,20.81,19.81,104.5,200.0,82.0,1
P0fde3dedb2,18.86,17.86,108.5,225.0,84.25,3
P117a6c6fb1,17.74,17.74,109.5,196.0,87.0,1
P8a2a3c7c07,19.6,15.6,103.5,194.0,82.5,6
P53f786523f,17.54,16.54,111.0,202.0,85.0,0
P9155961dd2,22.21,19.21,101.5,192.0,80.0,2
P4ec4ee54f1,22.46,20.45,101.0,214.0,80.5,2
Pf9ebd1b271,18.27,17.27,100.5,199.0,80.0,5
P47380ec945,18.92,16.91,105.0,210.0,85.0,1
P88f4dbf943,20.65,19.65,111.5,242.0,85.0,1
P4b59f5fe56,19.26,16.26,111.0,191.0,85.0,5
P620501ed0d,19.08,19.08,,238.0,82.5,1
Pc5a8d9d1d6,22.2,21.19,106.5,217.0,83.5,2
P88064c1c05,22.54,21.54,103.0,220.0,82.0,2
Pf93789f1b5,20.18,16.18,101.0,177.0,82.0,1
P9264b6e63a,19.38,15.38,108.0,261.0,85.5,4
P4a1b07df85,19.51,16.51,100.5,169.0,76.0,2
P55d1c5e102,21.77,21.77,101.0,191.0,82.0,0
Pddcf4609af,21.91,21.91,101.0,207.0,81.25,0
P6f92e02de4,20.41,17.4,101.5,193.0,82.0,4
P1a32cd4176,19.41,19.41,111.0,249.0,86.5,0
Pbfe4edf289,21.93,16.93,106.5,185.0,83.0,2
P85fbcb1dce,22.32,22.32,107.5,227.0,87.25,0
Pd856e50561,20.21,17.2,108.0,198.0,85.0,2
Pc1c99fe2be,17.7,17.7,,162.0,81.5,1
P25bfc6427b,20.92,19.92,107.0,245.0,86.0,1
P9668122fb9,19.49,17.49,108.5,212.0,85.5,1
Pd50459cb6d,19.72,16.71,109.0,208.0,87.0,4
P0edb7d3b99,20.41,17.4,88.0,142.0,73.0,2
Pf5fb4e36b6,23.47,22.47,102.0,219.0,82.0,2
Pe2eac4ddf4,19.59,18.59,109.5,246.0,86.5,1
Pf20205fffb,20.62,19.62,102.25,178.0,82.0,0
Pfa4c05beee,19.3,15.3,109.5,259.0,87.0,6
Pb3a7a6f86b,19.73,17.72,108.5,232.0,87.0,3
Pf8b83ac1f0,21.23,18.23,100.0,195.0,77.5,2
P9c2d575f48,20.38,19.37,114.5,209.0,90.5,1
Pa466887b08,21.73,18.73,96.0,194.0,76.75,1
Pfd95ad31d4,22.24,22.24,102.0,209.0,81.25,0
Pa307fde308,23.99,16.99,101.0,194.0,75.0,4
P521ea871d2,22.96,20.96,103.0,236.0,81.0,2
Pd5a40a7ee0,21.18,21.18,105.0,229.0,85.5,0
Pd46f6361f5,22.34,22.34,103.5,224.0,85.75,0
P9260f65add,21.18,21.18,88.5,177.0,74.5,0
P22b18d36a6,22.72,17.72,97.0,156.0,76.0,2
P3ea09a4d42,20.82,17.82,103.5,178.0,80.0,3
Pc72bfd628e,22.68,22.68,103.5,221.0,85.0,0
P85b94bf602,20.97,20.97,,198.0,81.5,1
P16f60c6002,23.49,23.49,99.5,198.0,79.0,0
Pc381c2ab50,22.29,19.29,96.5,172.0,77.0,2
P9b79feb6a3,22.22,22.22,96.5,179.0,76.0,0
Pc5e9e5bdd9,22.61,20.61,103.0,224.0,81.0,1
P9f8d851f22,22.92,22.92,109.0,200.0,88.0,0
P4879fe4868,22.2,20.21,98.25,184.0,78.5,3
Pce6ddda209,23.16,21.16,100.0,222.0,80.5,2
P55f0d03e7b,23.52,22.52,99.5,184.0,78.5,1
Pa7cb2c7354,21.69,16.69,101.0,223.0,82.0,3
Pa8fc4b7ad7,23.0,22.0,104.0,216.0,82.5,1
P251ed0e7a3,21.43,16.43,102.0,195.0,80.0,4
Pe40a7b9665,23.63,16.63,102.5,221.0,82.5,4
P09fcc624c4,21.72,16.72,105.0,201.0,85.0,5
Pd7225b3a0b,20.61,20.61,102.0,190.0,81.5,0
Pc01c642a9f,19.87,19.87,,168.0,75.5,1
Pbd6175d1ad,23.09,17.09,102.0,189.0,83.0,5
P6bc657fff3,22.3,21.3,106.0,256.0,84.0,3
P287f82c404,17.42,16.42,,225.0,87.0,3
Pa78dfd4260,17.84,17.84,105.5,214.0,81.0,2
P049f342950,21.62,19.62,107.0,214.0,83.0,0
P53698aab75,22.81,22.81,99.5,187.0,77.0,0
P94ee422c65,21.74,16.74,105.5,180.0,83.0,2
P6f658be6bb,21.68,18.68,109.5,244.0,84.5,1
Pe0da967ad1,23.09,23.09,102.0,203.0,82.0,0
Pdc4a696341,22.18,17.18,102.0,214.0,80.0,3
Pc9bdc2e95f,18.32,16.32,105.0,183.0,84.0,2
Pe666c9e1f4,21.87,20.87,101.0,223.0,76.5,1
Pc00908f11e,21.26,20.27,95.0,197.0,73.5,2
Pd7d10f6f4c,18.01,18.01,,183.0,80.0,2
P7c761dbe92,21.58,17.58,110.0,224.0,88.0,3
P420da53cac,18.01,18.01,,235.0,83.0,2
P401c3c358c,20.7,18.7,109.0,213.0,86.5,2
P7758d7472f,17.32,17.32,,201.0,82.0,1
Pfff80834af,18.7,18.7,,297.0,97.0,1
P8935abbbb4,22.17,16.17,106.5,245.0,86.0,4
P5605a2fa7e,18.08,18.08,,190.0,80.0,1
P25e61f80f8,18.01,17.01,101.5,185.0,80.5,3
P6e7d02b021,16.59,15.59,100.5,162.0,79.0,2
P8a2034c01d,18.25,14.25,103.0,166.0,80.0,6
Pe56ae9c7aa,19.3,16.3,102.0,186.0,81.5,4
Pe3864f9800,18.66,17.66,108.5,201.0,84.0,3
Pbe6ed6fd51,16.51,15.52,97.0,160.0,75.0,2
Pe6fe5c747b,19.53,19.53,111.0,232.0,85.0,0
P4a000d48b0,18.32,14.32,98.0,159.0,77.0,8
P71b16faf7a,20.94,16.94,99.5,180.0,76.0,5
Pf18fe42b62,19.89,18.89,108.0,258.0,85.5,0
P24e5e8b7dc,22.18,16.18,102.0,168.0,81.0,7
P2c3a1eb46b,19.96,19.96,111.5,229.0,87.0,0
P459acdec33,21.28,21.28,109.5,234.0,87.0,0
P49d50fc2b5,19.69,15.69,106.5,218.0,80.0,1
P3e0fd9667f,19.11,14.11,107.0,203.0,85.75,5
P54d4de841c,19.04,15.04,102.0,167.0,80.0,4
P0af0ac79ae,19.11,17.11,109.5,223.0,88.5,4
P1e22570fac,19.87,19.87,107.5,232.0,86.25,0
P63f00af37c,21.14,17.14,107.5,181.0,82.0,3
P204a101867,20.12,16.12,108.0,231.0,87.0,5
P032d23c9d9,21.86,21.86,107.5,223.0,84.25,0
P2e6be7d23b,19.39,16.39,112.5,234.0,88.0,2
Pa79b34cca8,22.92,22.92,101.5,190.0,79.5,0
P1ea9c7c88d,22.24,17.24,99.5,196.0,79.5,3
P38e6db5ca1,19.08,17.08,98.5,199.0,77.5,2
P27a35575e9,22.02,17.02,102.0,196.0,82.5,2
P5351e63d76,23.16,23.16,94.0,189.0,75.25,0
Pf781dda14b,20.32,15.32,109.0,193.0,85.0,7
Pc4f84bc197,22.49,17.49,102.0,217.0,81.5,2
P551a484de7,22.4,21.4,104.5,227.0,83.0,1
P16938f3fa9,20.85,16.85,96.0,175.0,74.0,4
P86ef73625c,21.75,16.76,102.5,197.0,81.5,2
P1804943702,21.3,18.29,99.5,178.0,75.5,2
P74d19df6a2,19.84,14.84,109.0,212.0,88.0,5
P2ad4235514,19.07,16.07,109.0,250.0,86.25,1
Pd59c0506ca,23.09,19.09,100.0,204.0,80.0,3
P22340c4458,22.31,22.31,103.5,225.0,81.5,0
Pd808e1b5f8,18.61,18.61,110.5,252.0,90.25,0
P10187f6389,22.54,17.54,103.0,198.0,81.0,3
P3e5c820c70,19.14,19.14,108.0,210.0,83.0,0
Pa76a1ce248,21.93,19.93,97.0,175.0,77.0,2
P2acab9acdb,21.42,17.42,102.5,149.0,78.0,3
P2a1ab2724b,24.39,24.39,99.5,192.0,81.25,0
P9d178fdf5d,22.14,21.14,105.0,234.0,81.5,1
Pba3a4faeb9,22.71,16.71,101.0,182.0,78.0,4
Pa0580e3001,22.89,17.89,102.0,179.0,79.0,3
P5f230da818,23.71,22.71,102.0,218.0,81.5,1
P58604dcdcf,22.42,16.42,106.0,225.0,86.0,2
P96a831649e,21.56,20.56,,194.0,77.5,2
P80ec619552,21.77,21.77,,199.0,82.5,1
P982f4d9f47,19.18,16.18,95.0,191.0,76.0,3
Pfafab37502,22.78,22.78,106.0,245.0,85.5,0
P8e9f5cd10b,24.62,24.62,101.5,211.0,78.5,0
Pe1b87bba68,22.38,22.38,107.5,259.0,85.0,0
P7e57b76eb8,23.04,23.04,104.5,226.0,83.0,0
Pa67da64cf8,22.69,22.69,101.0,183.0,79.0,0
P4370ef2bf5,22.23,22.23,100.0,181.0,77.5,0
P9ac225720c,21.7,21.7,,180.0,,0
Pe75e4da903,17.48,17.48,,211.0,82.5,2
Pdb78b3595b,22.09,17.09,109.5,200.0,87.5,2
Pea59b43adb,22.19,17.19,104.0,162.0,83.0,4
P7697c4ecb8,22.9,22.9,103.0,190.0,83.5,0
P4396f0664b,22.89,16.89,105.0,193.0,83.0,1
Pc5ec91aab0,24.41,23.41,110.5,193.0,87.5,1
P00fdb72e43,23.36,23.36,105.0,239.0,81.0,0
P420fe29f13,18.63,16.64,99.75,168.0,79.0,4
Pcac223d7f8,22.19,22.19,95.0,189.0,74.5,0
Pba3d18fabf,24.63,24.63,108.0,215.0,84.0,0
P2cac6d11e4,23.62,23.62,99.5,178.0,79.0,0
P73cc673745,22.1,22.1,104.5,203.0,82.5,0
P95ea622240,24.39,18.39,105.0,207.0,78.0,2
Pf0bc046ece,18.09,18.09,,202.0,77.0,2
P163e85d6f0,22.62,22.62,95.5,200.0,75.0,0
P35bbbcf03e,23.82,23.82,99.0,214.0,77.5,0
Pc0a7512363,23.43,23.43,105.0,224.0,82.5,0
Pcdc707f847,19.3,16.3,99.0,187.0,76.5,4
P1223e5ee2c,22.05,22.05,98.0,201.0,82.25,0
Paec8fae19e,24.75,24.75,101.5,210.0,82.5,0
P5a43e18763,26.47,26.47,95.5,170.0,74.0,0
Pd3b81c81b9,21.66,17.66,107.0,175.0,86.0,2
P8df71877a2,23.5,22.5,105.5,222.0,83.0,1
P5aa610b7ff,22.58,22.58,101.5,209.0,80.5,0
Pfaef4e4fa0,19.89,15.89,100.0,160.0,77.0,2
Pac86c1698b,23.11,23.11,,182.0,75.5,0
Pf135ac542c,17.69,17.69,108.0,201.0,86.25,2
P6354170b78,20.21,18.21,106.0,218.0,81.0,1
Pb57f8a063b,17.0,17.0,100.5,181.0,78.75,1
Pe10b161d55,19.09,18.09,100.0,187.0,80.5,4
P280da25d92,18.18,17.18,,169.0,74.0,3
P518109d62a,16.79,16.79,,206.0,85.5,1
P42302cf51e,19.28,19.28,103.25,212.0,81.5,1
P1f842c307e,18.92,18.92,,208.0,80.5,1
Pa34ab286f7,22.33,20.33,81.0,185.0,74.0,1
P334022cd7d,17.82,17.82,,207.0,86.5,1
P55d017c927,17.86,15.86,112.5,220.0,88.5,3
P42b9d239c3,17.22,15.22,105.0,208.0,84.0,2
Pae17b87a4a,17.71,16.71,109.5,227.0,88.0,4
Pd4282e2cb6,17.66,15.66,95.5,158.0,73.0,3
P6f990ff013,18.13,15.13,108.0,246.0,87.0,9
P4467431c36,18.41,16.41,96.0,167.0,78.5,4
P946b6a7bec,17.81,15.81,105.5,196.0,79.5,8
Peb77360d78,16.75,16.75,,178.0,84.5,2
P57ab80ef44,18.2,16.2,103.0,217.0,80.0,4
P17f11f33c2,18.92,15.92,106.5,193.0,81.5,7
Pcabff956fe,17.89,14.89,103.0,185.0,80.5,9
P5e4a09f56c,17.46,16.46,100.5,186.0,81.0,3
P26d2a90c5b,18.76,16.76,100.75,169.0,78.0,3
P82bbff96e6,18.75,18.75,101.0,213.0,84.0,1
Pdb9cad4004,17.65,17.65,,189.0,78.5,2
P75b2e5cfed,17.67,16.67,,179.0,78.0,2
P5da3d9ffcd,20.1,20.1,108.0,231.0,84.0,0
P8926a62cc8,17.62,17.62,,208.0,88.0,1
P61add2364f,18.07,16.07,104.5,187.0,80.25,0
P688b157768,18.86,16.86,,268.0,85.0,4
P9f769e6678,19.75,16.75,96.0,184.0,75.0,7
Pb53e68dfee,16.75,16.75,,184.0,80.0,1
Pd064221ae2,19.17,17.17,110.0,200.0,86.0,4
P9106a597f3,18.37,15.37,100.5,183.0,76.0,7
Pefc5241948,17.56,17.56,106.5,203.0,83.75,0
P379ec45447,16.32,16.32,,,,0
P3e065b4b4e,18.14,15.14,106.0,192.0,83.0,7
Pe581c6d22f,18.79,17.79,,187.0,77.0,2
P8ecb19c544,18.84,16.84,101.5,186.0,82.5,5
P1a46c41bff,16.19,16.19,,203.0,83.0,1
Paa92a86ff3,19.68,17.68,,189.0,83.5,2
P5ff9cbca0f,19.41,16.41,106.0,201.0,82.5,0
Pb5f59c2405,21.33,18.32,111.0,242.0,83.0,2
P4f854a47d9,18.05,17.04,107.5,176.0,83.5,2
P7ab7e9a49e,23.48,23.48,104.0,205.0,83.5,0
Pf5a8190f4f,21.49,21.49,100.5,210.0,79.0,0
Pf3d3c05896,21.13,16.13,98.0,210.0,80.5,7
P9bb134b52c,,,,192.0,78.0,0
P3f77f707c0,19.57,19.57,99.0,223.0,80.75,0
Pa08fe4841f,18.87,15.87,98.0,181.0,79.5,9
Pa5c483aef9,20.33,17.33,100.0,185.0,77.0,5
P64a44986ea,18.57,16.57,104.5,181.0,82.0,4
P2b78ea748d,17.37,17.37,,213.0,83.5,2
Pb779a9fa56,18.29,18.29,,186.0,81.5,1
P88accb87c9,17.05,16.05,,274.0,82.0,2
P86827217ed,18.35,18.35,,273.0,85.0,1
Pef380f9642,18.05,16.05,101.5,162.0,79.0,1
Pf2fe8710f7,17.53,17.53,104.5,195.0,81.75,1
P61e8cd7d80,18.52,18.52,,216.0,82.5,2
P87c0df2ff6,18.29,17.29,97.5,220.0,77.5,3
Pefe5f00afd,22.78,22.78,101.5,203.0,81.0,0
Pb10189ae74,17.48,17.48,,146.0,72.5,2
P9ce3123e64,18.4,17.39,107.0,260.0,84.0,0
P7f30d796bb,21.68,20.68,99.5,194.0,75.75,0
Pd125ec3ee3,21.89,21.89,99.0,208.0,80.5,0
Pe0f4e51abf,18.07,17.07,101.0,185.0,84.0,3
P212def8838,18.96,17.96,109.5,247.0,84.5,3
P480c7bd367,17.21,15.21,98.0,171.0,77.0,4
P665ee60687,17.09,16.09,,174.0,76.0,2
P16c24a4b1f,17.71,16.71,,191.0,77.0,2
P5a52d22738,17.32,16.32,110.0,224.0,86.0,3
P40b8fb181b,17.0,15.0,99.0,169.0,77.0,6
Pb670429ce2,17.98,16.99,,197.0,81.5,3
Pdc6d30b38b,18.29,16.29,,207.0,82.0,4
P0984734cb9,20.8,17.8,,172.0,82.0,3
P4ebe015218,16.66,16.66,,183.0,76.0,1
P00e7133fc6,15.9,15.9,,230.0,82.0,1
P846172a369,17.49,17.49,105.5,194.0,86.0,1
P297d12820e,16.35,14.35,92.0,135.0,73.0,5
P43dec358d1,16.29,16.29,,163.0,75.0,1
P4a79c6caeb,18.79,15.79,105.0,218.0,85.0,7
P714602a9aa,17.6,16.6,102.5,193.0,81.5,3
P7c5888ec9d,18.79,16.79,103.0,220.0,83.0,3
P6f1d3c64d2,18.75,16.74,101.0,185.0,81.0,5
P5277c76d51,17.87,17.87,110.25,251.0,85.75,0
P9b3e496395,16.39,16.39,106.5,205.0,82.0,0
Pb15c668c3a,15.97,15.97,,179.0,82.0,1
Pb16e641fe9,17.9,17.9,,184.0,74.5,1
Pefa2378416,16.95,15.95,,177.0,76.0,2
Pa4c28f80ad,16.64,16.64,,209.0,80.0,2
Pba03162225,16.08,16.08,,195.0,79.0,1
P14a01dedf9,19.22,19.22,93.75,195.0,77.0,1
P027da49c30,15.98,15.98,103.0,185.0,79.5,0
P2f4b26e6e1,17.67,16.67,,217.0,86.0,2
P7ff4af5e7c,18.57,18.57,105.75,,83.0,1
Pab169ed872,16.9,15.9,98.0,183.0,78.0,4
P273938bb97,17.58,15.58,114.0,178.0,87.0,3
Pd50729b5d0,18.4,17.4,101.0,210.0,80.0,2
Pf6db5ed983,18.39,18.39,,166.0,73.5,1
P8eb153b63d,21.18,19.18,89.5,196.0,81.0,1
P75585aef52,22.39,22.39,106.5,233.0,82.0,0
P4a4f2b1371,17.66,15.66,103.0,178.0,80.5,5
Pf6658be174,19.26,15.26,98.5,170.0,76.75,8
P519f028bfb,18.92,16.92,95.0,160.0,74.0,3
Pc3b8b90cf8,17.66,16.66,,236.0,83.0,2
Pa9b6b7ec3f,19.19,19.19,107.0,210.0,83.0,1
Pbec5e357b6,15.78,15.78,,171.0,78.0,1
P2061b46d22,17.15,17.15,,162.0,75.5,2
Pd00fce6a5a,17.55,17.55,,202.0,83.5,2
P1d6fd5f29a,16.96,14.97,101.0,155.0,76.0,4
P8534216773,16.76,16.76,,141.0,73.0,1
P3022e1c032,22.13,22.13,88.5,161.0,69.5,0
P37457bff4f,18.12,18.12,,210.0,,1
P6a3fce0af3,18.11,16.1,104.5,184.0,83.0,4
Pc1416b3728,15.46,15.46,,181.0,74.0,1
P484d9844af,19.13,16.13,112.5,204.0,88.0,6
P2318b539a3,16.41,16.41,104.25,171.0,83.25,1
P52c5169542,18.58,18.58,,202.0,84.25,1
P0be342d921,16.67,16.67,,206.0,82.0,1
P90844406b5,22.4,17.4,108.0,220.0,82.25,0
Pf0f9e6d8f5,16.77,16.77,,203.0,86.0,1
P41398f1a21,20.3,17.3,109.0,196.0,85.0,1
Pfa2560441b,21.94,20.94,98.0,187.0,80.0,0
P4516ced6d5,16.67,16.67,,220.0,87.0,1
P1a41a85440,17.19,17.19,,195.0,83.0,1
P19aaf87bc8,18.58,15.59,102.0,158.0,80.5,5
Pbafaf944fd,18.62,15.62,106.5,202.0,85.0,2
Pb0f44d6b69,16.63,14.63,97.0,157.0,75.5,3
Pbac78302af,18.08,18.08,,192.0,83.25,2
Pb1eb09fa94,18.69,16.68,104.0,191.0,82.0,4
Pc7623d005f,17.72,17.72,,241.0,86.0,1
P920b587915,17.82,16.82,109.0,202.0,86.0,1
P73b9dbd92b,16.7,16.7,,256.0,82.0,1
P71e4b2b4d3,18.69,14.69,99.0,214.0,79.0,5
P6d3980e9f0,19.31,15.31,103.5,176.0,83.0,6
Pba698d642d,16.17,15.17,111.0,211.0,88.5,3
P7699b7f669,16.34,15.35,98.0,202.0,80.0,3
P6232d5a44f,15.47,15.47,,234.0,84.5,1
Pfe5913c014,15.85,15.85,101.5,184.0,79.25,0
P90a7395cb0,16.21,15.21,107.0,178.0,84.0,2
P388cb0d5da,16.05,16.05,,176.0,76.5,2
Pe0b660d280,15.03,15.03,,239.0,88.5,2
Pa3fa433740,15.57,15.57,,173.0,77.0,1
P3c885ec031,16.31,15.31,99.0,159.0,78.0,2
P63236d3a70,17.96,16.96,100.0,175.0,79.0,2
Pf46613d969,19.34,14.34,92.0,158.0,71.0,5
P08bc96e9be,15.7,14.7,,268.0,89.0,2
P69f4c7679c,19.06,19.06,94.5,175.0,75.0,1
P5be180758a,18.93,18.93,100.0,219.0,76.0,1
Pad0b972baf,16.26,15.26,,246.0,85.5,3
P48772fff87,16.7,16.7,,205.0,86.0,1
Pde7308c87b,14.97,14.97,100.0,166.0,79.5,0
P04282e0cbf,16.69,14.69,103.5,207.0,83.5,3
P716f6175e4,16.4,15.39,95.0,171.0,76.0,2
P2b95cb9990,19.5,17.5,108.5,227.0,86.0,5
Pc2d24d5902,16.22,15.22,93.0,160.0,74.0,2
P2ca61183dc,16.74,16.74,,184.0,78.0,1
P1cf3ac09b1,18.26,15.26,96.25,165.0,74.0,5
Pb3e461d4cf,16.79,14.79,99.0,170.0,78.0,2
Pdd324c8c3a,20.88,20.88,106.5,239.0,85.25,0
Pcf413465aa,23.32,23.32,111.5,231.0,90.5,0
P007123cefb,16.52,15.52,,224.0,82.0,2
P076dcdb147,16.87,16.87,,173.0,75.0,1
P34a08a87d4,16.0,16.0,,181.0,79.0,1
Pc74b3d476e,16.86,16.86,,215.0,79.0,1
Pceb9387e05,17.2,15.2,90.0,167.0,71.0,4
Pf75af7bb1f,16.88,16.88,100.0,194.0,80.0,1
P16e9d60aa9,16.92,14.92,,133.0,80.0,3
P9c6ee0d9a6,17.79,17.79,97.0,183.0,77.0,1
Pf77538a69a,18.29,18.29,,228.0,80.5,1
Ped501e46cc,17.68,17.68,,209.0,83.0,1
P9d7519067e,18.86,18.86,102.0,202.0,80.0,1
P5fdfb73e8f,18.16,16.16,102.25,196.0,77.0,5
Pd3cfd798be,16.81,14.81,109.5,279.0,85.0,4
Pc76c8c8711,17.0,17.0,,189.0,74.5,1
P051c4d4903,17.05,15.05,99.0,184.0,78.5,4
Pa9f698b274,18.55,17.55,105.5,204.0,83.0,2
P64263ced9d,15.31,14.31,99.0,159.0,79.0,2
Pc97a1282a3,15.99,15.99,97.0,183.0,77.0,1
P2c8aa67899,16.74,16.74,,184.0,73.0,1
P90b2305671,14.68,13.68,97.0,176.0,78.5,2
P213b82c86a,16.39,16.39,104.0,179.0,80.25,0
Pb1d56c9c96,15.62,14.62,106.0,192.0,84.0,2
P9fd480084b,16.37,16.37,,159.0,78.0,1
P6680e3073f,15.75,14.75,104.5,174.0,82.5,2
P152905cef4,16.26,16.26,101.0,191.0,81.5,1
P30aaba02d5,16.13,16.13,106.5,213.0,82.5,0
P60da7b4537,16.43,16.43,,257.0,84.0,1
P624b2b5afe,17.03,17.03,,210.0,84.5,1
Pd1118f9ab3,16.22,16.22,,177.0,83.0,1
P2b13664da5,15.9,15.9,103.5,249.0,82.5,1
Pfb1f04f295,21.81,16.81,95.5,160.0,76.0,3
P3ffd955342,22.78,22.78,96.5,187.0,76.5,0
P659829b9e5,19.73,19.73,,196.0,83.5,1
P9161b1752d,17.66,17.66,,217.0,77.5,1
Pcc9fe4d64c,18.12,18.12,106.0,222.0,84.0,1
P8c6b1e4de6,15.86,15.86,,193.0,76.0,1
P6a7cb1d3a8,19.15,19.15,97.0,186.0,75.5,1
Pb52cacc824,18.99,16.99,108.0,228.0,84.75,0
P2e4a40f74c,16.42,16.42,,190.0,81.0,1
P48e5247a2d,18.08,18.08,99.0,154.0,79.0,1
P46419801dd,16.48,16.48,,172.0,76.5,2
Pc37129efde,15.59,15.59,,217.0,85.5,2
P3692b72eac,16.96,14.95,99.0,174.0,78.0,5
Pa8621489c8,17.0,17.0,,153.0,79.0,1
Paf9449af91,16.98,16.98,,186.0,74.0,1
P4583d7bf3c,17.0,16.0,,217.0,82.0,2
P70fd4037fb,21.39,20.39,,180.0,71.5,2
Pf10c6bc653,15.29,15.29,,,,0
Pcad1dc504f,22.38,21.38,93.0,167.0,74.0,0
P1f0712d029,16.26,16.26,,212.0,80.0,1
P9badd97dfe,16.19,16.19,101.0,160.0,78.0,0
P030ee18cdd,18.47,16.47,97.75,196.0,81.0,4
P9cb019ad12,17.3,17.3,96.5,168.0,75.5,1
Pfa7ab0de3c,21.62,19.62,102.0,217.0,81.0,2
P91c6876a66,17.08,17.08,,186.0,76.0,1
P5ea4e3ee4a,,,,178.0,76.0,1
Pa74bde45e0,,,,205.0,80.0,1
P4ff3e30134,15.67,15.67,,170.0,83.0,1
Pc4eb6bb8ac,16.41,16.41,107.0,265.0,82.5,1
Pdda2ebeb84,17.68,17.68,100.5,182.0,78.5,1
P21808403e2,,,,177.0,77.0,1
Pa99e47f62c,17.07,16.06,100.5,169.0,78.5,3
P4e2fe9e886,17.89,17.89,,175.0,77.0,1
P85b734a34a,19.22,17.22,95.0,168.0,76.0,3
Pac3967f922,17.53,15.53,,234.0,85.0,3
P3da5d3f3f2,17.49,15.49,102.25,177.0,78.0,4
P2c6f1d319f,18.56,18.56,,280.0,87.0,1
P2c763c66dd,16.0,16.0,,197.0,78.0,1
P35327cfd09,15.46,15.46,108.0,186.0,86.0,1
P6bb68789bc,,,,164.0,73.0,1
Pcf6cf087a0,18.4,16.4,95.5,166.0,76.0,5
P9adb5133bc,16.08,16.08,,199.0,80.75,1
P1f2e422e9e,19.02,17.02,94.0,164.0,73.0,4
Pc46db0f497,15.98,14.98,102.0,211.0,82.75,3
P64527f643b,17.28,17.28,108.5,175.0,83.0,1
P727c27e864,17.18,16.18,108.0,172.0,83.5,2
Pb657fdb74e,19.26,19.26,104.0,186.0,81.0,1
Pa6b76d042d,15.7,14.7,100.0,210.0,83.0,3
P76ebdc8d77,16.38,16.38,97.0,175.0,76.0,1
P6876f611cb,15.78,15.78,,204.0,81.0,1
Pc60f6451c1,17.05,17.05,,203.0,80.0,1
P3ebbedffb1,15.1,14.11,104.0,213.0,84.75,2
Pe2f97b33d4,15.0,15.0,,248.0,86.0,1
P3dd06c5ebd,16.28,15.28,99.0,200.0,81.0,2
Paf63a5d230,15.34,15.34,102.5,193.0,79.5,0
P8a6f0b4919,17.57,15.57,,204.0,81.0,3
P850a7a2631,19.06,19.06,112.25,252.0,90.25,0
Pf92c037d4b,16.39,16.39,,142.0,72.0,1
P55fe66b9ce,16.51,16.51,,226.0,83.0,1
P41704425e7,18.18,18.18,,207.0,88.0,1
Pb1d497dd3b,16.92,16.92,102.0,186.0,79.5,1
P92095a9676,16.12,16.12,106.0,188.0,82.0,2
P8b23f27bc8,16.99,15.98,105.0,221.0,82.0,2
Pd4c3f94c64,15.88,14.88,100.0,172.0,76.25,2
P9436ca936e,17.07,16.06,100.5,169.0,78.5,3
Pedf3dd90d4,15.91,15.91,103.5,203.0,83.0,0
