pid,season,ridge_rank,neg,pos,missing
Peecc71d248,2019,2,"{""col_gl_top50_ts"": -0.08, ""cons_src2_n"": -0.075, ""bio_combine_vertical_max_in"": -0.07, ""col_mid_fg_pct"": -0.07, ""col_team_strength"": -0.053, ""x_ft_vol"": -0.047}","{""shr_col_impact"": 0.302, ""col_impact"": 0.183, ""col_impact_def"": 0.116, ""pre_green_room_invite"": 0.093, ""bio_country_usa"": 0.09, ""shr_col_ortg"": 0.088}",50
P2f4b26e6e1,2019,39,"{""col_dunks_per40"": -0.057, ""col_ast_pct_age"": -0.055, ""x_ft_vol"": -0.054, ""x_proj_vol"": -0.052, ""col_fg3a_per40"": -0.051, ""col_fg3ar"": -0.046}","{""col_blk_pct_age"": 0.051, ""col_ftar"": 0.047, ""bio_pos_src"": 0.039, ""col_gl_worst5_game_score"": 0.039, ""col_reb36"": 0.035, ""col_orb_pct"": 0.034}",49
P4832cf3ea3,2019,6,"{""col_hm_fg_2pt_j"": -0.089, ""cons_src2_n"": -0.075, ""col_usg_pct_age"": -0.062, ""shr_col_tov_pct"": -0.051, ""col_ftar"": -0.045, ""shr_col_ortg"": -0.038}","{""shr_col_impact"": 0.149, ""col_impact_def"": 0.124, ""col_mid_fg_pct"": 0.113, ""pre_green_room_invite"": 0.093, ""col_impact"": 0.087, ""col_stl_pg"": 0.073}",67
P18facb688d,2019,41,"{""hs_recruit_rank_delta"": -0.141, ""cons_mock_best_rank"": -0.116, ""cons_mock_consensus_rank"": -0.108, ""col_hm_fg_2pt_j"": -0.059, ""hs_recruit_rank_final"": -0.051, ""col_usg_pct_age"": -0.05}","{""col_mid_fg_pct"": 0.086, ""shr_col_impact"": 0.052, ""col_sc_unassisted_rim"": 0.049, ""col_minutes_total"": 0.041, ""shr_col_pts36"": 0.039, ""bio_pos_src"": 0.039}",43
P5be180758a,2020,17,"{""col_ftar"": -0.075, ""cons_src2_n"": -0.075, ""bio_pos_src"": -0.055, ""shr_col_fg3_pct"": -0.038, ""col_n_seasons"": -0.034, ""col_class_index"": -0.033}","{""pre_withdrew_previous_draft"": 0.068, ""col_minutes_total"": 0.062, ""x_proj_vol"": 0.049, ""x_ft_vol"": 0.047, ""col_ast_pct_age"": 0.045, ""col_fg3a_per40"": 0.042}",66
P63236d3a70,2020,49,"{""intl_impact"": -0.076, ""adj_intl_reb36"": -0.071, ""cons_mock_consensus_rank"": -0.064, ""col_blk_pct_age"": -0.062, ""col_gl_late_minus_early_pts40"": -0.045, ""intl_season_gap"": -0.043}","{""intl_ft_pct"": 0.089, ""intl_fg3ar"": 0.078, ""feat_coverage"": 0.053, ""col_hm_assisted_rim"": 0.053, ""intl_pts36"": 0.05, ""col_gl_late_minus_early_mpg"": 0.048}",15
Pa7dbf13041,2020,52,"{""shr_col_impact"": -0.109, ""col_gl_late_minus_early_mpg"": -0.1, ""col_impact"": -0.08, ""cons_src2_n"": -0.075, ""shr_col_tov_pct"": -0.068, ""shr_col_ortg"": -0.067}","{""hs_jordan_brand"": 0.094, ""cons_mock_n_sources"": 0.069, ""cons_mock_best_rank"": 0.065, ""col_n_seasons"": 0.056, ""col_class_index"": 0.054, ""bio_pos_src"": 0.039}",59
Pf46613d969,2020,36,"{""col_blk_pct_age"": -0.092, ""cons_mock_consensus_rank"": -0.089, ""cons_mock_best_rank"": -0.083, ""adj_intl_reb36"": -0.052, ""col_impact_def"": -0.051, ""hs_recruit_rank_points"": -0.049}","{""col_minutes_total"": 0.084, ""pre_withdrew_previous_draft"": 0.068, ""intl_fg3ar"": 0.066, ""x_ft_vol"": 0.057, ""shr_col_impact"": 0.057, ""x_proj_vol"": 0.057}",27
Pa3fa433740,2020,35,"{""intl_impact"": -0.081, ""cons_src2_n"": -0.075, ""hs_recruit_rank_points"": -0.066, ""adj_intl_reb36"": -0.066, ""shr_col_impact"": -0.064, ""col_minutes_total"": -0.051}","{""intl_fg3ar"": 0.1, ""hs_jordan_brand"": 0.094, ""col_n_seasons"": 0.056, ""col_class_index"": 0.054, ""intl_stl36"": 0.053, ""x_ft_gap"": 0.053}",33
Pb3cfb2c388,2021,5,"{""intl_pts36"": -0.106, ""cons_src2_n"": -0.075, ""intl_fg3ar"": -0.06, ""feat_coverage"": -0.059, ""intl_youth_n"": -0.036, ""col_final_is_current"": -0.022}","{""intl_impact"": 0.296, ""adj_intl_reb36"": 0.099, ""pre_green_room_invite"": 0.093, ""bio_country_usa"": 0.09, ""cons_mock_best_rank"": 0.065, ""cons_mock_n_sources"": 0.051}",131
P21372aaded,2021,19,"{""shr_col_tov_pct"": -0.079, ""cons_mock_consensus_rank"": -0.069, ""col_hm_fg_2pt_j"": -0.056, ""cons_mock_best_rank"": -0.054, ""cons_src2_n"": -0.054, ""col_tov_pct"": -0.049}","{""col_mid_fg_pct"": 0.082, ""col_sc_unassisted_rim"": 0.076, ""shr_col_impact"": 0.071, ""col_impact_def"": 0.068, ""col_impact"": 0.043, ""bio_pos_src"": 0.039}",48
P392363bcf2,2021,15,"{""col_gl_late_minus_early_mpg"": -0.096, ""hs_recruit_rank_points"": -0.082, ""col_minutes_total"": -0.079, ""cons_src2_n"": -0.075, ""col_tov_pct"": -0.056, ""col_first_usg"": -0.046}","{""hs_jordan_brand"": 0.094, ""pre_green_room_invite"": 0.093, ""col_games_missed"": 0.069, ""cons_mock_consensus_rank"": 0.066, ""col_gp"": 0.062, ""bio_combine_hand_width_in"": 0.061}",62
P54240b8a24,2021,44,"{""col_gl_top50_ts"": -0.082, ""cons_src2_n"": -0.075, ""col_gl_top50_gap_ts"": -0.069, ""col_orb_pct_role"": -0.059, ""col_usg_pct_age"": -0.057, ""bio_pos_src"": -0.055}","{""shr_col_tov_pct"": 0.075, ""col_gl_late_minus_early_mpg"": 0.061, ""col_fg3ar"": 0.061, ""shr_col_ortg"": 0.061, ""x_ft_vol"": 0.055, ""x_proj_vol"": 0.051}",49
Pa2e8c74c1f,2022,13,"{""cons_src2_n"": -0.095, ""hs_recruit_rank_final"": -0.059, ""bio_combine_vertical_standing_in"": -0.053, ""col_orb_pct_role"": -0.051, ""bio_combine_sprint_s"": -0.049, ""col_gl_late_minus_early_pts40"": -0.044}","{""bio_combine_vertical_max_in"": 0.075, ""cons_mock_n_sources"": 0.069, ""col_impact_def"": 0.065, ""bio_combine_hand_width_in"": 0.061, ""col_drb_pct"": 0.057, ""col_first_usg"": 0.05}",43
P3a5b76349f,2022,5,"{""cons_src2_n"": -0.116, ""col_gl_top50_ts"": -0.089, ""bio_combine_reach_in"": -0.079, ""hs_recruit_rank_points"": -0.066, ""col_dunks_per40"": -0.065, ""x_ft_vol"": -0.054}","{""shr_col_impact"": 0.173, ""col_impact"": 0.12, ""hs_jordan_brand"": 0.094, ""pre_green_room_invite"": 0.093, ""shr_col_ortg"": 0.093, ""cons_mock_n_sources"": 0.088}",52
P14882ceff6,2022,4,"{""cons_src2_n"": -0.116, ""shr_col_pts36"": -0.058, ""hs_recruit_rank_final"": -0.058, ""col_pts36"": -0.051, ""col_minutes_total"": -0.044, ""col_gl_top50_pts40"": -0.041}","{""shr_col_impact"": 0.106, ""pre_green_room_invite"": 0.093, ""bio_combine_hand_width_in"": 0.088, ""cons_mock_n_sources"": 0.088, ""col_impact"": 0.074, ""hs_rsci_rank"": 0.06}",49
Pa5128e8532,2022,6,"{""cons_src2_n"": -0.095, ""hs_recruit_rank_points"": -0.066, ""bio_combine_reach_in"": -0.056, ""col_dunks_per40"": -0.054, ""col_gl_top50_ts"": -0.054, ""bio_combine_hand_width_in"": -0.05}","{""shr_col_impact"": 0.235, ""col_impact_def"": 0.179, ""col_impact"": 0.167, ""cons_mock_best_rank"": 0.089, ""cons_mock_n_sources"": 0.069, ""col_fg3_pct"": 0.063}",47
P0db0d3c576,2023,4,"{""bio_combine_vertical_max_in"": -0.049, ""col_minutes_total"": -0.047, ""hs_recruit_rank_final"": -0.044, ""col_hm_assisted_3"": -0.041, ""col_fg3_pct"": -0.036, ""pre_n_schools"": -0.035}","{""pre_green_room_invite"": 0.093, ""shr_col_impact"": 0.07, ""col_gl_worst5_game_score"": 0.062, ""hs_recruit_rank_points"": 0.05, ""col_impact"": 0.049, ""hs_rsci_rank"": 0.046}",46
P3dd06c5ebd,2023,21,"{""hs_recruit_rank_delta"": -0.144, ""hs_recruit_rank_final"": -0.06, ""bio_pos_src"": -0.055, ""bio_combine_vertical_max_in"": -0.049, ""col_ftar"": -0.045, ""col_team_strength"": -0.035}","{""pre_green_room_invite"": 0.093, ""shr_col_impact"": 0.069, ""col_minutes_total"": 0.061, ""shr_col_tov_pct"": 0.055, ""bio_combine_vertical_standing_in"": 0.046, ""col_impact"": 0.04}",45
Pdd1f325a63,2023,52,"{""intl_impact"": -0.169, ""cons_mock_best_rank"": -0.116, ""cons_mock_consensus_rank"": -0.108, ""intl_season_gap"": -0.086, ""intl_ft_pct"": -0.069, ""intl_fg3ar"": -0.057}","{""intl_pts36"": 0.128, ""bio_country_usa"": 0.09, ""intl_youth_n"": 0.051, ""intl_efg_pct"": 0.048, ""feat_coverage"": 0.046, ""bio_combine_vertical_max_in"": 0.034}",23
P396ba96b58,2023,14,"{""intl_season_gap"": -0.086, ""intl_fg3ar"": -0.079, ""adj_intl_stl36"": -0.07, ""intl_ft_pct"": -0.069, ""intl_pts36"": -0.063, ""intl_efg_pct"": -0.063}","{""shr_col_impact"": 0.205, ""col_impact"": 0.118, ""hs_jordan_brand"": 0.094, ""col_impact_def"": 0.083, ""col_gl_worst5_game_score"": 0.076, ""bio_combine_hand_width_in"": 0.075}",19
P470eca3f49,2024,45,"{""shr_col_impact"": -0.137, ""intl_season_gap"": -0.086, ""col_impact"": -0.081, ""adj_intl_reb36"": -0.076, ""cons_src2_n"": -0.075, ""col_impact_def"": -0.073}","{""col_gl_team_rank"": 0.105, ""bio_country_usa"": 0.09, ""col_team_strength"": 0.065, ""col_hm_assisted_rim"": 0.063, ""intl_fg3ar"": 0.058, ""col_sc_unassisted_rim"": 0.053}",24
Pfd3b474513,2024,25,"{""cons_src2_n"": -0.116, ""col_blk_pct_age"": -0.076, ""col_n_seasons"": -0.064, ""col_class_index"": -0.063, ""col_orb_pct_role"": -0.059, ""col_ftar"": -0.05}","{""col_minutes_total"": 0.089, ""x_ft_vol"": 0.088, ""cons_mock_n_sources"": 0.088, ""x_proj_vol"": 0.081, ""col_fg3a_per40"": 0.067, ""col_fg3ar"": 0.055}",50
P4b73f3a250,2024,16,"{""cons_src2_n"": -0.075, ""cons_mock_consensus_rank"": -0.071, ""pre_n_schools"": -0.068, ""bio_combine_vertical_standing_in"": -0.067, ""cons_mock_best_rank"": -0.067, ""col_n_seasons"": -0.064}","{""shr_col_impact"": 0.159, ""shr_col_ortg"": 0.105, ""col_impact"": 0.092, ""shr_col_tov_pct"": 0.079, ""bio_combine_vertical_max_in"": 0.068, ""col_gl_ncaa_games"": 0.062}",56
Pf120e8dc11,2024,47,"{""cons_src2_n"": -0.116, ""pre_n_schools"": -0.068, ""shr_col_impact"": -0.061, ""col_hm_assisted_3"": -0.05, ""hs_recruit_rank_points"": -0.049, ""pre_green_room_invite"": -0.04}","{""cons_mock_n_sources"": 0.088, ""col_gl_worst5_game_score"": 0.048, ""col_gl_team_rank"": 0.043, ""col_ast_pct_age"": 0.041, ""bio_pos_src"": 0.039, ""bio_combine_sprint_s"": 0.035}",46
Pada60a9da7,2024,21,"{""intl_pts36"": -0.168, ""cons_src2_n"": -0.116, ""x_ft_gap"": -0.07, ""intl_fg3ar"": -0.062, ""bio_combine_reach_in"": -0.053, ""intl_fg3_pct"": -0.052}","{""intl_impact"": 0.186, ""hs_jordan_brand"": 0.094, ""hs_recruit_rank_delta"": 0.094, ""pre_green_room_invite"": 0.093, ""cons_mock_n_sources"": 0.088, ""intl_blk36"": 0.057}",26
P9fc884bebd,2024,22,"{""cons_mock_consensus_rank"": -0.085, ""cons_src2_n"": -0.075, ""col_mid_fg_pct"": -0.071, ""bio_combine_vertical_max_in"": -0.056, ""cons_mock_best_rank"": -0.054, ""x_ft_vol"": -0.054}","{""pre_medical_redshirt"": 0.164, ""shr_col_impact"": 0.055, ""cons_mock_n_sources"": 0.051, ""bio_combine_vertical_standing_in"": 0.051, ""col_hm_fg_2pt_j"": 0.05, ""bio_combine_sprint_s"": 0.041}",56
Pc2ef5dcf11,2025,24,"{""cons_mock_best_rank"": -0.079, ""cons_mock_consensus_rank"": -0.077, ""bio_combine_vertical_max_in"": -0.07, ""pre_n_schools"": -0.068, ""cons_src2_n"": -0.054, ""col_orb_pct_role"": -0.046}","{""pre_green_room_invite"": 0.093, ""x_ft_vol"": 0.076, ""x_proj_vol"": 0.067, ""shr_col_impact"": 0.061, ""col_fg3a_per40"": 0.056, ""col_ast_pct_age"": 0.051}",64
Pf54bd6bbc8,2025,16,"{""intl_impact"": -0.1, ""shr_col_tov_pct"": -0.089, ""cons_src2_n"": -0.075, ""col_tov_pct"": -0.068, ""intl_mpg"": -0.059, ""bio_pos_src"": -0.055}","{""pre_green_room_invite"": 0.093, ""bio_country_usa"": 0.09, ""cons_mock_consensus_rank"": 0.08, ""cons_mock_best_rank"": 0.077, ""col_n_seasons"": 0.056, ""col_class_index"": 0.054}",48
Pa29e5f68db,2025,31,"{""adj_intl_stl36"": -0.115, ""intl_fg3ar"": -0.079, ""cons_src2_n"": -0.075, ""intl_season_gap"": -0.064, ""col_n_seasons"": -0.064, ""col_class_index"": -0.063}","{""shr_col_impact"": 0.142, ""bio_combine_hand_width_in"": 0.102, ""col_minutes_total"": 0.088, ""col_impact"": 0.081, ""intl_blk36"": 0.077, ""shr_col_ortg"": 0.073}",26
