pid,season
Peecc71d248,2019
P2f4b26e6e1,2019
P4832cf3ea3,2019
P18facb688d,2019
P5be180758a,2020
P63236d3a70,2020
Pa7dbf13041,2020
Pf46613d969,2020
Pa3fa433740,2020
Pb3cfb2c388,2021
P21372aaded,2021
P392363bcf2,2021
P54240b8a24,2021
Pa2e8c74c1f,2022
P3a5b76349f,2022
P14882ceff6,2022
Pa5128e8532,2022
P0db0d3c576,2023
P3dd06c5ebd,2023
Pdd1f325a63,2023
P396ba96b58,2023
P470eca3f49,2024
Pfd3b474513,2024
P4b73f3a250,2024
Pf120e8dc11,2024
Pada60a9da7,2024
P9fc884bebd,2024
Pc2ef5dcf11,2025
Pf54bd6bbc8,2025
Pa29e5f68db,2025
