season,year,team,seed,games,wins,final4,champion,exp_wins,pase,exp_src
2002-03,2003,Texas_Southern,16,1,0,0,0,0.0,0.0,prior_table
2002-03,2003,UNC_Asheville,16,2,1,0,0,0.0,1.0,prior_table
2002-03,2003,Arizona,1,4,3,0,0,3.3,-0.3,prior_table
2002-03,2003,Vermont,16,1,0,0,0,0.0,0.0,prior_table
2002-03,2003,Cincinnati,8,1,0,0,0,0.7,-0.7,prior_table
2002-03,2003,Gonzaga,9,2,1,0,0,0.55,0.45,prior_table
2002-03,2003,Milwaukee,12,1,0,0,0,0.5,-0.5,prior_table
2002-03,2003,Notre_Dame,5,3,2,0,0,1.15,0.85,prior_table
2002-03,2003,Illinois,4,2,1,0,0,1.55,-0.55,prior_table
2002-03,2003,W_Kentucky,13,1,0,0,0,0.25,-0.25,prior_table
2002-03,2003,Cent_Michigan,11,2,1,0,0,0.6,0.4,prior_table
2002-03,2003,Creighton,6,1,0,0,0,1.1,-1.1,prior_table
2002-03,2003,Colorado_State,14,1,0,0,0,0.15,-0.15,prior_table
2002-03,2003,Duke,3,3,2,0,0,1.8,0.2,prior_table
2002-03,2003,Arizona_State,10,2,1,0,0,0.65,0.35,prior_table
2002-03,2003,Memphis,7,1,0,0,0,0.9,-0.9,prior_table
2002-03,2003,Kansas,2,6,5,1,0,2.35,2.65,prior_table
2002-03,2003,Utah_State,15,1,0,0,0,0.05,-0.05,prior_table
2002-03,2003,BYU,12,1,0,0,0,0.5,-0.5,prior_table
2002-03,2003,UConn,5,3,2,0,0,1.15,0.85,prior_table
2002-03,2003,San_Diego,13,1,0,0,0,0.25,-0.25,prior_table
2002-03,2003,Stanford,4,2,1,0,0,1.55,-0.55,prior_table
2002-03,2003,Cal,8,2,1,0,0,0.7,0.3,prior_table
2002-03,2003,NC_State,9,1,0,0,0,0.55,-0.55,prior_table
2002-03,2003,Weber_State,12,1,0,0,0,0.5,-0.5,prior_table
2002-03,2003,Wisconsin,5,3,2,0,0,1.15,0.85,prior_table
2002-03,2003,Dayton,4,1,0,0,0,1.55,-1.55,prior_table
2002-03,2003,Tulsa,13,2,1,0,0,0.25,0.75,prior_table
2002-03,2003,Missouri,6,2,1,0,0,1.1,-0.1,prior_table
2002-03,2003,S_Illinois,11,1,0,0,0,0.6,-0.6,prior_table
2002-03,2003,Holy_Cross,14,1,0,0,0,0.15,-0.15,prior_table
2002-03,2003,Marquette,3,4,3,1,0,1.8,1.2,prior_table
2002-03,2003,Texas,1,5,4,1,0,3.3,0.7,prior_table
2002-03,2003,LSU,8,1,0,0,0,0.7,-0.7,prior_table
2002-03,2003,Purdue,9,2,1,0,0,0.55,0.45,prior_table
2002-03,2003,Colorado,10,1,0,0,0,0.65,-0.65,prior_table
2002-03,2003,Michigan_State,7,3,2,0,0,0.9,1.1,prior_table
2002-03,2003,Florida,2,2,1,0,0,2.35,-1.35,prior_table
2002-03,2003,Sam_Houston,15,1,0,0,0,0.05,-0.05,prior_table
2002-03,2003,Butler,12,3,2,0,0,0.5,1.5,prior_table
2002-03,2003,Miss_St,5,1,0,0,0,1.15,-1.15,prior_table
2002-03,2003,Oklahoma_State,6,2,1,0,0,1.1,-0.1,prior_table
2002-03,2003,Penn,11,1,0,0,0,0.6,-0.6,prior_table
2002-03,2003,Manhattan,14,1,0,0,0,0.15,-0.15,prior_table
2002-03,2003,Syracuse,3,6,6,1,1,1.8,4.2,prior_table
2002-03,2003,Auburn,10,2,1,0,0,0.65,0.35,prior_table
2002-03,2003,Saint_Joe's,7,1,0,0,0,0.9,-0.9,prior_table
2002-03,2003,IUPUI,16,1,0,0,0,0.0,0.0,prior_table
2002-03,2003,Kentucky,1,4,3,0,0,3.3,-0.3,prior_table
2002-03,2003,Oregon,8,1,0,0,0,0.7,-0.7,prior_table
2002-03,2003,Utah,9,2,1,0,0,0.55,0.45,prior_table
2002-03,2003,Alabama,10,1,0,0,0,0.65,-0.65,prior_table
2002-03,2003,Indiana,7,1,1,0,0,0.9,0.1,prior_table
2002-03,2003,Oklahoma,1,3,2,0,0,3.3,-1.3,prior_table
2002-03,2003,Louisville,4,1,0,0,0,1.55,-1.55,prior_table
2003-04,2004,Liberty,16,1,0,0,0,0.0,0.0,prior_table
2003-04,2004,Saint_Joe's,1,4,3,0,0,3.3,-0.3,prior_table
2003-04,2004,Charlotte,9,1,0,0,0,0.55,-0.55,prior_table
2003-04,2004,Texas_Tech,8,2,1,0,0,0.7,0.3,prior_table
2003-04,2004,Florida,5,1,0,0,0,1.15,-1.15,prior_table
2003-04,2004,Manhattan,12,2,1,0,0,0.5,0.5,prior_table
2003-04,2004,VCU,13,1,0,0,0,0.25,-0.25,prior_table
2003-04,2004,Wake_Forest,4,3,2,0,0,1.55,0.45,prior_table
2003-04,2004,Alabama_State,16,1,0,0,0,0.0,0.0,prior_table
2003-04,2004,Duke,1,5,4,1,0,3.3,0.7,prior_table
2003-04,2004,Arizona,9,1,0,0,0,0.55,-0.55,prior_table
2003-04,2004,Seton_Hall,8,2,1,0,0,0.7,0.3,prior_table
2003-04,2004,Air_Force,11,1,0,0,0,0.6,-0.6,prior_table
2003-04,2004,UNC,6,2,1,0,0,1.1,-0.1,prior_table
2003-04,2004,Princeton,14,1,0,0,0,0.15,-0.15,prior_table
2003-04,2004,Texas,3,3,2,0,0,1.8,0.2,prior_table
2003-04,2004,Stanford,1,2,1,0,0,3.3,-2.3,prior_table
2003-04,2004,UTSA,16,1,0,0,0,0.0,0.0,prior_table
2003-04,2004,Alabama,8,4,3,0,0,0.7,2.3,prior_table
2003-04,2004,S_Illinois,9,1,0,0,0,0.55,-0.55,prior_table
2003-04,2004,BYU,12,1,0,0,0,0.5,-0.5,prior_table
2003-04,2004,Syracuse,5,3,2,0,0,1.15,0.85,prior_table
2003-04,2004,Maryland,4,2,1,0,0,1.55,-0.55,prior_table
2003-04,2004,UTEP,13,1,0,0,0,0.25,-0.25,prior_table
2003-04,2004,Dayton,10,1,0,0,0,0.65,-0.65,prior_table
2003-04,2004,DePaul,7,2,1,0,0,0.9,0.1,prior_table
2003-04,2004,UConn,2,6,6,1,1,2.35,3.65,prior_table
2003-04,2004,Vermont,15,1,0,0,0,0.05,-0.05,prior_table
2003-04,2004,Michigan_State,7,1,0,0,0,0.9,-0.9,prior_table
2003-04,2004,Nevada,10,3,2,0,0,0.65,1.35,prior_table
2003-04,2004,Gonzaga,2,2,1,0,0,2.35,-1.35,prior_table
2003-04,2004,Valparaiso,15,1,0,0,0,0.05,-0.05,prior_table
2003-04,2004,Richmond,11,1,0,0,0,0.6,-0.6,prior_table
2003-04,2004,Wisconsin,6,2,1,0,0,1.1,-0.1,prior_table
2003-04,2004,Pitt,3,3,2,0,0,1.8,0.2,prior_table
2003-04,2004,UCF,14,1,0,0,0,0.15,-0.15,prior_table
2003-04,2004,Memphis,7,2,1,0,0,0.9,0.1,prior_table
2003-04,2004,South_Carolina,10,1,0,0,0,0.65,-0.65,prior_table
2003-04,2004,E_Washington,15,1,0,0,0,0.05,-0.05,prior_table
2003-04,2004,Oklahoma_State,2,5,4,1,0,2.35,1.65,prior_table
2003-04,2004,Illinois,5,3,2,0,0,1.15,0.85,prior_table
2003-04,2004,Murray_State,12,1,0,0,0,0.5,-0.5,prior_table
2003-04,2004,Cincinnati,4,2,1,0,0,1.55,-0.55,prior_table
2003-04,2004,ETSU,13,1,0,0,0,0.25,-0.25,prior_table
2003-04,2004,Louisville,10,1,0,0,0,0.65,-0.65,prior_table
2003-04,2004,Xavier,7,4,3,0,0,0.9,2.1,prior_table
2003-04,2004,Miss_St,2,2,1,0,0,2.35,-1.35,prior_table
2003-04,2004,Monmouth,15,1,0,0,0,0.05,-0.05,prior_table
2003-04,2004,Vanderbilt,6,3,2,0,0,1.1,0.9,prior_table
2003-04,2004,W_Michigan,11,1,0,0,0,0.6,-0.6,prior_table
2003-04,2004,Louisiana,14,1,0,0,0,0.15,-0.15,prior_table
2003-04,2004,NC_State,3,2,1,0,0,1.8,-0.8,prior_table
2003-04,2004,Florida_A&M,16,1,0,0,0,0.0,0.0,prior_table
2003-04,2004,Kentucky,1,2,1,0,0,3.3,-2.3,prior_table
2003-04,2004,UAB,9,3,2,0,0,0.55,1.45,prior_table
2003-04,2004,Washington,8,1,0,0,0,0.7,-0.7,prior_table
2003-04,2004,Pacific,12,2,1,0,0,0.5,0.5,prior_table
2003-04,2004,Providence,5,1,0,0,0,1.15,-1.15,prior_table
2003-04,2004,Kansas,4,4,3,0,0,1.55,1.45,prior_table
2003-04,2004,UIC,13,1,0,0,0,0.25,-0.25,prior_table
2003-04,2004,Boston_College,6,2,1,0,0,1.1,-0.1,prior_table
2003-04,2004,Utah,11,1,0,0,0,0.6,-0.6,prior_table
2003-04,2004,Georgia_Tech,3,6,5,1,0,1.8,3.2,prior_table
2003-04,2004,Northern_Iowa,14,1,0,0,0,0.15,-0.15,prior_table
2004-05,2005,Alabama_A&M,16,1,0,0,0,0.0,0.0,prior_table
2004-05,2005,Oakland,16,2,1,0,0,0.0,1.0,prior_table
2004-05,2005,Montana,16,1,0,0,0,0.0,0.0,prior_table
2004-05,2005,Washington,1,3,2,0,0,3.3,-1.3,prior_table
2004-05,2005,Pacific,8,2,1,0,0,0.7,0.3,prior_table
2004-05,2005,Pitt,9,1,0,0,0,0.55,-0.55,prior_table
2004-05,2005,Texas_Tech,6,3,2,0,0,1.1,0.9,prior_table
2004-05,2005,UCLA,11,1,0,0,0,0.6,-0.6,prior_table
2004-05,2005,Gonzaga,3,2,1,0,0,1.8,-0.8,prior_table
2004-05,2005,Winthrop,14,1,0,0,0,0.15,-0.15,prior_table
2004-05,2005,Creighton,10,1,0,0,0,0.65,-0.65,prior_table
2004-05,2005,West_Virginia,7,4,3,0,0,0.9,2.1,prior_table
2004-05,2005,UTEP,11,1,0,0,0,0.6,-0.6,prior_table
2004-05,2005,Utah,6,3,2,0,0,1.1,0.9,prior_table
2004-05,2005,Niagara,14,1,0,0,0,0.15,-0.15,prior_table
2004-05,2005,Oklahoma,3,2,1,0,0,1.8,-0.8,prior_table
2004-05,2005,Cincinnati,7,2,1,0,0,0.9,0.1,prior_table
2004-05,2005,Iowa,10,1,0,0,0,0.65,-0.65,prior_table
2004-05,2005,E_Kentucky,15,1,0,0,0,0.05,-0.05,prior_table
2004-05,2005,Kentucky,2,4,3,0,0,2.35,0.65,prior_table
2004-05,2005,Fair_Dickinson,16,1,0,0,0,0.0,0.0,prior_table
2004-05,2005,Illinois,1,5,4,1,0,3.3,0.7,prior_table
2004-05,2005,Nevada,9,2,1,0,0,0.55,0.45,prior_table
2004-05,2005,Texas,8,1,0,0,0,0.7,-0.7,prior_table
2004-05,2005,Boston_College,4,1,1,0,0,1.55,-0.55,prior_table
2004-05,2005,Penn,13,1,0,0,0,0.25,-0.25,prior_table
2004-05,2005,LSU,6,1,0,0,0,1.1,-1.1,prior_table
2004-05,2005,UAB,11,2,1,0,0,0.6,0.4,prior_table
2004-05,2005,Arizona,3,4,3,0,0,1.8,1.2,prior_table
2004-05,2005,Utah_State,14,1,0,0,0,0.15,-0.15,prior_table
2004-05,2005,G_Washington,12,1,0,0,0,0.5,-0.5,prior_table
2004-05,2005,Georgia_Tech,5,2,1,0,0,1.15,-0.15,prior_table
2004-05,2005,Louisiana,13,1,0,0,0,0.25,-0.25,prior_table
2004-05,2005,Louisville,4,5,4,1,0,1.55,2.45,prior_table
2004-05,2005,UNC,1,6,6,1,1,3.3,2.7,prior_table
2004-05,2005,Iowa_State,9,2,1,0,0,0.55,0.45,prior_table
2004-05,2005,Minnesota,8,1,0,0,0,0.7,-0.7,prior_table
2004-05,2005,New_Mexico,12,1,0,0,0,0.5,-0.5,prior_table
2004-05,2005,Villanova,5,3,2,0,0,1.15,0.85,prior_table
2004-05,2005,Florida,4,2,1,0,0,1.55,-0.55,prior_table
2004-05,2005,Ohio,13,1,0,0,0,0.25,-0.25,prior_table
2004-05,2005,Northern_Iowa,11,1,0,0,0,0.6,-0.6,prior_table
2004-05,2005,Wisconsin,6,4,3,0,0,1.1,1.9,prior_table
2004-05,2005,Bucknell,14,2,1,0,0,0.15,0.85,prior_table
2004-05,2005,Kansas,3,1,0,0,0,1.8,-1.8,prior_table
2004-05,2005,Charlotte,7,1,0,0,0,0.9,-0.9,prior_table
2004-05,2005,NC_State,10,3,2,0,0,0.65,1.35,prior_table
2004-05,2005,UCF,15,1,0,0,0,0.05,-0.05,prior_table
2004-05,2005,UConn,2,2,1,0,0,2.35,-1.35,prior_table
2004-05,2005,Delaware_State,16,1,0,0,0,0.0,0.0,prior_table
2004-05,2005,Duke,1,3,2,0,0,3.3,-1.3,prior_table
2004-05,2005,Miss_St,9,2,1,0,0,0.55,0.45,prior_table
2004-05,2005,Stanford,8,1,0,0,0,0.7,-0.7,prior_table
2004-05,2005,Michigan_State,5,5,4,1,0,1.15,2.85,prior_table
2004-05,2005,Old_Dominion,12,1,0,0,0,0.5,-0.5,prior_table
2004-05,2005,Syracuse,4,1,0,0,0,1.55,-1.55,prior_table
2004-05,2005,Vermont,13,2,1,0,0,0.25,0.75,prior_table
2004-05,2005,S_Illinois,7,2,1,0,0,0.9,0.1,prior_table
2004-05,2005,Saint_Mary's,10,1,0,0,0,0.65,-0.65,prior_table
2004-05,2005,Oklahoma_State,2,3,2,0,0,2.35,-0.35,prior_table
2004-05,2005,SE_Louisiana,15,1,0,0,0,0.05,-0.05,prior_table
2004-05,2005,Wake_Forest,2,1,0,0,0,2.35,-2.35,prior_table
2005-06,2006,Indiana,6,2,1,0,0,1.2727,-0.2727,prior_3y
2005-06,2006,San_Diego_State,11,1,0,0,0,0.1818,-0.1818,prior_3y
2005-06,2006,Gonzaga,3,3,2,0,0,2.3636,-0.3636,prior_3y
2005-06,2006,Xavier,14,1,0,0,0,0.0909,-0.0909,prior_3y
2005-06,2006,Alabama,10,2,1,0,0,0.5,0.5,prior_3y
2005-06,2006,Marquette,7,1,0,0,0,1.0833,-1.0833,prior_3y
2005-06,2006,Belmont,15,1,0,0,0,0.0,0.0,prior_3y
2005-06,2006,UCLA,2,6,5,1,0,2.4,2.6,prior_3y
2005-06,2006,Utah_State,12,1,0,0,0,0.3636,-0.3636,prior_3y
2005-06,2006,Washington,5,3,2,0,0,1.5455,0.4545,prior_3y
2005-06,2006,Air_Force,13,1,0,0,0,0.1818,-0.1818,prior_3y
2005-06,2006,Illinois,4,2,1,0,0,1.25,-0.25,prior_3y
2005-06,2006,Seton_Hall,10,1,0,0,0,0.5,-0.5,prior_3y
2005-06,2006,Wichita_State,7,3,2,0,0,1.0833,0.9167,prior_3y
2005-06,2006,Tennessee,2,2,1,0,0,2.4,-1.4,prior_3y
2005-06,2006,Winthrop,15,1,0,0,0,0.0,0.0,prior_3y
2005-06,2006,Montana,12,2,1,0,0,0.3636,0.6364,prior_3y
2005-06,2006,Nevada,5,1,0,0,0,1.5455,-1.5455,prior_3y
2005-06,2006,Boston_College,4,3,2,0,0,1.25,0.75,prior_3y
2005-06,2006,Pacific,13,1,0,0,0,0.1818,-0.1818,prior_3y
2005-06,2006,Milwaukee,11,2,1,0,0,0.1818,0.8182,prior_3y
2005-06,2006,Oklahoma,6,1,0,0,0,1.2727,-1.2727,prior_3y
2005-06,2006,Florida,3,6,6,1,1,2.3636,3.6364,prior_3y
2005-06,2006,South_Alabama,14,1,0,0,0,0.0909,-0.0909,prior_3y
2005-06,2006,Duke,1,3,2,0,0,2.9167,-0.9167,prior_3y
2005-06,2006,Southern,16,1,0,0,0,0.1538,-0.1538,prior_3y
2005-06,2006,G_Washington,8,2,1,0,0,0.5833,0.4167,prior_3y
2005-06,2006,UNC_Wilmington,9,1,0,0,0,0.6667,-0.6667,prior_3y
2005-06,2006,Syracuse,5,1,0,0,0,1.5455,-1.5455,prior_3y
2005-06,2006,Texas_A&M,12,2,1,0,0,0.3636,0.6364,prior_3y
2005-06,2006,Iona,13,1,0,0,0,0.1818,-0.1818,prior_3y
2005-06,2006,LSU,4,5,4,1,0,1.25,2.75,prior_3y
2005-06,2006,Memphis,1,4,3,0,0,2.9167,0.0833,prior_3y
2005-06,2006,Oral_Roberts,16,1,0,0,0,0.1538,-0.1538,prior_3y
2005-06,2006,Arkansas,8,1,0,0,0,0.5833,-0.5833,prior_3y
2005-06,2006,Bucknell,9,2,1,0,0,0.6667,0.3333,prior_3y
2005-06,2006,Kent_State,12,1,0,0,0,0.3636,-0.3636,prior_3y
2005-06,2006,Pitt,5,2,1,0,0,1.5455,-0.5455,prior_3y
2005-06,2006,Bradley,13,3,2,0,0,0.1818,1.8182,prior_3y
2005-06,2006,Kansas,4,1,0,0,0,1.25,-1.25,prior_3y
2005-06,2006,Albany,16,1,0,0,0,0.1538,-0.1538,prior_3y
2005-06,2006,UConn,1,4,3,0,0,2.9167,0.0833,prior_3y
2005-06,2006,Kentucky,8,2,1,0,0,0.5833,0.4167,prior_3y
2005-06,2006,UAB,9,1,0,0,0,0.6667,-0.6667,prior_3y
2005-06,2006,George_Mason,11,5,4,1,0,0.1818,3.8182,prior_3y
2005-06,2006,Michigan_State,6,1,0,0,0,1.2727,-1.2727,prior_3y
2005-06,2006,Murray_State,14,1,0,0,0,0.0909,-0.0909,prior_3y
2005-06,2006,UNC,3,2,1,0,0,2.3636,-1.3636,prior_3y
2005-06,2006,Monmouth,16,1,0,0,0,0.1538,-0.1538,prior_3y
2005-06,2006,Villanova,1,4,3,0,0,2.9167,0.0833,prior_3y
2005-06,2006,Arizona,8,2,1,0,0,0.5833,0.4167,prior_3y
2005-06,2006,Wisconsin,9,1,0,0,0,0.6667,-0.6667,prior_3y
2005-06,2006,Georgetown,7,3,2,0,0,1.0833,0.9167,prior_3y
2005-06,2006,Northern_Iowa,10,1,0,0,0,0.5,-0.5,prior_3y
2005-06,2006,Davidson,15,1,0,0,0,0.0,0.0,prior_3y
2005-06,2006,Ohio_State,2,2,1,0,0,2.4,-1.4,prior_3y
2005-06,2006,S_Illinois,11,1,0,0,0,0.1818,-0.1818,prior_3y
2005-06,2006,West_Virginia,6,3,2,0,0,1.2727,0.7273,prior_3y
2005-06,2006,Iowa,3,1,0,0,0,2.3636,-2.3636,prior_3y
2005-06,2006,Northwestern_St,14,2,1,0,0,0.0909,0.9091,prior_3y
2005-06,2006,Cal,7,1,0,0,0,1.0833,-1.0833,prior_3y
2005-06,2006,NC_State,10,2,1,0,0,0.5,0.5,prior_3y
2005-06,2006,Penn,15,1,0,0,0,0.0,0.0,prior_3y
2005-06,2006,Texas,2,4,3,0,0,2.4,0.6,prior_3y
2006-07,2007,Florida_A&M,16,1,0,0,0,0.1176,-0.1176,prior_4y
2006-07,2007,Niagara,16,2,1,0,0,0.1176,0.8824,prior_4y
2006-07,2007,Duke,6,1,0,0,0,1.1333,-1.1333,prior_4y
2006-07,2007,VCU,11,2,1,0,0,0.4667,0.5333,prior_4y
2006-07,2007,Pitt,3,3,2,0,0,2.3333,-0.3333,prior_4y
2006-07,2007,Wright_State,14,1,0,0,0,0.1333,-0.1333,prior_4y
2006-07,2007,Gonzaga,10,1,0,0,0,0.5,-0.5,prior_4y
2006-07,2007,Indiana,7,2,1,0,0,1.0625,-0.0625,prior_4y
2006-07,2007,UCLA,2,5,4,1,0,2.4286,1.5714,prior_4y
2006-07,2007,Weber_State,15,1,0,0,0,0.0,0.0,prior_4y
2006-07,2007,Marquette,8,1,0,0,0,0.625,-0.625,prior_4y
2006-07,2007,Michigan_State,9,2,1,0,0,0.5625,0.4375,prior_4y
2006-07,2007,Oral_Roberts,14,1,0,0,0,0.1333,-0.1333,prior_4y
2006-07,2007,Washington_St,3,2,1,0,0,2.3333,-1.3333,prior_4y
2006-07,2007,Boston_College,7,2,1,0,0,1.0625,-0.0625,prior_4y
2006-07,2007,Texas_Tech,10,1,0,0,0,0.5,-0.5,prior_4y
2006-07,2007,Belmont,15,1,0,0,0,0.0,0.0,prior_4y
2006-07,2007,Georgetown,2,5,4,1,0,2.4286,1.5714,prior_4y
2006-07,2007,BYU,8,1,0,0,0,0.625,-0.625,prior_4y
2006-07,2007,Xavier,9,2,1,0,0,0.5625,0.4375,prior_4y
2006-07,2007,Louisville,6,2,1,0,0,1.1333,-0.1333,prior_4y
2006-07,2007,Stanford,11,1,0,0,0,0.4667,-0.4667,prior_4y
2006-07,2007,Penn,14,1,0,0,0,0.1333,-0.1333,prior_4y
2006-07,2007,Texas_A&M,3,3,2,0,0,2.3333,-0.3333,prior_4y
2006-07,2007,Butler,5,3,2,0,0,1.3333,0.6667,prior_4y
2006-07,2007,Old_Dominion,12,1,0,0,0,0.4,-0.4,prior_4y
2006-07,2007,Davidson,13,1,0,0,0,0.2667,-0.2667,prior_4y
2006-07,2007,Maryland,4,2,1,0,0,1.375,-0.375,prior_4y
2006-07,2007,Kansas,1,3,2,0,0,2.875,-0.875,prior_4y
2006-07,2007,Kentucky,8,2,1,0,0,0.625,0.375,prior_4y
2006-07,2007,Villanova,9,1,0,0,0,0.5625,-0.5625,prior_4y
2006-07,2007,Illinois,12,1,0,0,0,0.4,-0.4,prior_4y
2006-07,2007,Virginia_Tech,5,1,1,0,0,1.3333,-0.3333,prior_4y
2006-07,2007,New_Mexico_St,13,1,0,0,0,0.2667,-0.2667,prior_4y
2006-07,2007,Texas,4,1,1,0,0,1.375,-0.375,prior_4y
2006-07,2007,Long_Beach_State,12,1,0,0,0,0.4,-0.4,prior_4y
2006-07,2007,Tennessee,5,3,2,0,0,1.3333,0.6667,prior_4y
2006-07,2007,Albany,13,1,0,0,0,0.2667,-0.2667,prior_4y
2006-07,2007,UVA,4,2,1,0,0,1.375,-0.375,prior_4y
2006-07,2007,Creighton,10,1,0,0,0,0.5,-0.5,prior_4y
2006-07,2007,Nevada,7,2,1,0,0,1.0625,-0.0625,prior_4y
2006-07,2007,Memphis,2,4,3,0,0,2.4286,0.5714,prior_4y
2006-07,2007,North_Texas,15,1,0,0,0,0.0,0.0,prior_4y
2006-07,2007,Florida,1,6,6,1,1,2.875,3.125,prior_4y
2006-07,2007,Jackson_State,16,1,0,0,0,0.1176,-0.1176,prior_4y
2006-07,2007,Arizona,8,1,0,0,0,0.625,-0.625,prior_4y
2006-07,2007,Purdue,9,2,1,0,0,0.5625,0.4375,prior_4y
2006-07,2007,Notre_Dame,6,1,0,0,0,1.1333,-1.1333,prior_4y
2006-07,2007,Winthrop,11,2,1,0,0,0.4667,0.5333,prior_4y
2006-07,2007,Georgia_Tech,10,1,0,0,0,0.5,-0.5,prior_4y
2006-07,2007,UNLV,7,3,2,0,0,1.0625,0.9375,prior_4y
2006-07,2007,UNC,1,2,1,0,0,2.875,-1.875,prior_4y
2006-07,2007,Vanderbilt,6,2,1,0,0,1.1333,-0.1333,prior_4y
2006-07,2007,Ohio_State,1,5,4,1,0,2.875,1.125,prior_4y
2006-07,2007,Oregon,3,3,2,0,0,2.3333,-0.3333,prior_4y
2006-07,2007,Wisconsin,2,1,0,0,0,2.4286,-2.4286,prior_4y
2007-08,2008,Coppin_State,16,1,0,0,0,0.15,-0.15,prior_5y
2007-08,2008,Mt_St_Mary's,16,2,1,0,0,0.15,0.85,prior_5y
2007-08,2008,Kansas,1,6,6,1,1,2.95,3.05,prior_5y
2007-08,2008,Portland_State,16,1,0,0,0,0.15,-0.15,prior_5y
2007-08,2008,Kent_State,9,1,0,0,0,0.6,-0.6,prior_5y
2007-08,2008,UNLV,8,2,1,0,0,0.55,0.45,prior_5y
2007-08,2008,Kansas_State,11,2,1,0,0,0.5,0.5,prior_5y
2007-08,2008,USC,6,1,0,0,0,1.0,-1.0,prior_5y
2007-08,2008,CSU_Fullerton,14,1,0,0,0,0.1111,-0.1111,prior_5y
2007-08,2008,Wisconsin,3,3,2,0,0,2.2105,-0.2105,prior_5y
2007-08,2008,Michigan_State,5,3,2,0,0,1.3889,0.6111,prior_5y
2007-08,2008,Temple,12,1,0,0,0,0.3333,-0.3333,prior_5y
2007-08,2008,Oral_Roberts,13,1,0,0,0,0.2222,-0.2222,prior_5y
2007-08,2008,Pitt,4,2,1,0,0,1.3158,-0.3158,prior_5y
2007-08,2008,Kentucky,11,1,0,0,0,0.5,-0.5,prior_5y
2007-08,2008,Marquette,6,2,1,0,0,1.0,0.0,prior_5y
2007-08,2008,Cornell,14,1,0,0,0,0.1111,-0.1111,prior_5y
2007-08,2008,Stanford,3,3,2,0,0,2.2105,-0.2105,prior_5y
2007-08,2008,BYU,8,1,0,0,0,0.55,-0.55,prior_5y
2007-08,2008,Texas_A&M,9,2,1,0,0,0.6,0.4,prior_5y
2007-08,2008,Baylor,11,1,0,0,0,0.5,-0.5,prior_5y
2007-08,2008,Purdue,6,2,1,0,0,1.0,0.0,prior_5y
2007-08,2008,Georgia,14,1,0,0,0,0.1111,-0.1111,prior_5y
2007-08,2008,Xavier,3,4,3,0,0,2.2105,0.7895,prior_5y
2007-08,2008,Arizona,10,1,0,0,0,0.4,-0.4,prior_5y
2007-08,2008,West_Virginia,7,3,2,0,0,1.1,0.9,prior_5y
2007-08,2008,Belmont,15,1,0,0,0,0.0,0.0,prior_5y
2007-08,2008,Duke,2,2,1,0,0,2.5,-1.5,prior_5y
2007-08,2008,George_Mason,12,1,0,0,0,0.3333,-0.3333,prior_5y
2007-08,2008,Notre_Dame,5,2,1,0,0,1.3889,-0.3889,prior_5y
2007-08,2008,Washington_St,4,3,2,0,0,1.3158,0.6842,prior_5y
2007-08,2008,Winthrop,13,1,0,0,0,0.2222,-0.2222,prior_5y
2007-08,2008,Clemson,5,1,0,0,0,1.3889,-1.3889,prior_5y
2007-08,2008,Villanova,12,3,2,0,0,0.3333,1.6667,prior_5y
2007-08,2008,Siena,13,2,1,0,0,0.2222,0.7778,prior_5y
2007-08,2008,Vanderbilt,4,1,0,0,0,1.3158,-1.3158,prior_5y
2007-08,2008,Davidson,10,4,3,0,0,0.4,2.6,prior_5y
2007-08,2008,Gonzaga,7,1,0,0,0,1.1,-1.1,prior_5y
2007-08,2008,Georgetown,2,2,1,0,0,2.5,-1.5,prior_5y
2007-08,2008,UMBC,15,1,0,0,0,0.0,0.0,prior_5y
2007-08,2008,Memphis,1,6,5,1,0,2.95,2.05,prior_5y
2007-08,2008,UT_Arlington,16,1,0,0,0,0.15,-0.15,prior_5y
2007-08,2008,Miss_St,8,2,1,0,0,0.55,0.45,prior_5y
2007-08,2008,Oregon,9,1,0,0,0,0.6,-0.6,prior_5y
2007-08,2008,Miami,7,2,1,0,0,1.1,-0.1,prior_5y
2007-08,2008,Saint_Mary's,10,1,0,0,0,0.4,-0.4,prior_5y
2007-08,2008,Austin_Peay,15,1,0,0,0,0.0,0.0,prior_5y
2007-08,2008,Texas,2,4,3,0,0,2.5,0.5,prior_5y
2007-08,2008,Drake,5,1,0,0,0,1.3889,-1.3889,prior_5y
2007-08,2008,W_Kentucky,12,3,2,0,0,0.3333,1.6667,prior_5y
2007-08,2008,San_Diego,13,2,1,0,0,0.2222,0.7778,prior_5y
2007-08,2008,UConn,4,1,0,0,0,1.3158,-1.3158,prior_5y
2007-08,2008,UNC,1,5,4,1,0,2.95,1.05,prior_5y
2007-08,2008,Arkansas,9,2,1,0,0,0.6,0.4,prior_5y
2007-08,2008,Indiana,8,1,0,0,0,0.55,-0.55,prior_5y
2007-08,2008,Oklahoma,6,2,1,0,0,1.0,0.0,prior_5y
2007-08,2008,Saint_Joe's,11,1,0,0,0,0.5,-0.5,prior_5y
2007-08,2008,Boise_State,14,1,0,0,0,0.1111,-0.1111,prior_5y
2007-08,2008,Louisville,3,4,3,0,0,2.2105,0.7895,prior_5y
2007-08,2008,Butler,7,2,1,0,0,1.1,-0.1,prior_5y
2007-08,2008,South_Alabama,10,1,0,0,0,0.4,-0.4,prior_5y
2007-08,2008,American,15,1,0,0,0,0.0,0.0,prior_5y
2007-08,2008,Tennessee,2,3,2,0,0,2.5,-0.5,prior_5y
2007-08,2008,UCLA,1,4,3,1,0,2.95,0.05,prior_5y
2008-09,2009,Alabama_State,16,1,0,0,0,0.1667,-0.1667,prior_6y
2008-09,2009,Morehead_State,16,2,1,0,0,0.1667,0.8333,prior_6y
2008-09,2009,Chattanooga,16,1,0,0,0,0.1667,-0.1667,prior_6y
2008-09,2009,UConn,1,5,4,1,0,3.2083,0.7917,prior_6y
2008-09,2009,BYU,8,1,0,0,0,0.5417,-0.5417,prior_6y
2008-09,2009,Texas_A&M,9,2,1,0,0,0.5833,0.4167,prior_6y
2008-09,2009,Northern_Iowa,12,1,0,0,0,0.4545,-0.4545,prior_6y
2008-09,2009,Purdue,5,3,2,0,0,1.2727,0.7273,prior_6y
2008-09,2009,Miss_St,13,1,0,0,0,0.2727,-0.2727,prior_6y
2008-09,2009,Washington,4,2,1,0,0,1.2174,-0.2174,prior_6y
2008-09,2009,Cal,7,1,0,0,0,1.0833,-1.0833,prior_6y
2008-09,2009,Maryland,10,2,1,0,0,0.4583,0.5417,prior_6y
2008-09,2009,CSU_Northridge,15,1,0,0,0,0.0,0.0,prior_6y
2008-09,2009,Memphis,2,3,2,0,0,2.3636,-0.3636,prior_6y
2008-09,2009,UCLA,6,2,1,0,0,0.9565,0.0435,prior_6y
2008-09,2009,VCU,11,1,0,0,0,0.4545,-0.4545,prior_6y
2008-09,2009,American,14,1,0,0,0,0.0909,-0.0909,prior_6y
2008-09,2009,Villanova,3,5,4,1,0,2.2609,1.7391,prior_6y
2008-09,2009,Minnesota,10,1,0,0,0,0.4583,-0.4583,prior_6y
2008-09,2009,Texas,7,2,1,0,0,1.0833,-0.0833,prior_6y
2008-09,2009,Binghamton,15,1,0,0,0,0.0,0.0,prior_6y
2008-09,2009,Duke,2,3,2,0,0,2.3636,-0.3636,prior_6y
2008-09,2009,Radford,16,1,0,0,0,0.1667,-0.1667,prior_6y
2008-09,2009,UNC,1,6,6,1,1,3.2083,2.7917,prior_6y
2008-09,2009,Butler,9,1,0,0,0,0.5833,-0.5833,prior_6y
2008-09,2009,LSU,8,2,1,0,0,0.5417,0.4583,prior_6y
2008-09,2009,Illinois,5,1,0,0,0,1.2727,-1.2727,prior_6y
2008-09,2009,W_Kentucky,12,2,1,0,0,0.4545,0.5455,prior_6y
2008-09,2009,Akron,13,1,0,0,0,0.2727,-0.2727,prior_6y
2008-09,2009,Gonzaga,4,3,2,0,0,1.2174,0.7826,prior_6y
2008-09,2009,Clemson,7,1,0,0,0,1.0833,-1.0833,prior_6y
2008-09,2009,Michigan,10,2,1,0,0,0.4583,0.5417,prior_6y
2008-09,2009,Morgan_State,15,1,0,0,0,0.0,0.0,prior_6y
2008-09,2009,Oklahoma,2,4,3,0,0,2.3636,0.6364,prior_6y
2008-09,2009,Marquette,6,2,1,0,0,0.9565,0.0435,prior_6y
2008-09,2009,Utah_State,11,1,0,0,0,0.4545,-0.4545,prior_6y
2008-09,2009,Cornell,14,1,0,0,0,0.0909,-0.0909,prior_6y
2008-09,2009,Missouri,3,4,3,0,0,2.2609,0.7391,prior_6y
2008-09,2009,ETSU,16,1,0,0,0,0.1667,-0.1667,prior_6y
2008-09,2009,Pitt,1,4,3,0,0,3.2083,-0.2083,prior_6y
2008-09,2009,Oklahoma_State,8,2,1,0,0,0.5417,0.4583,prior_6y
2008-09,2009,Tennessee,9,1,0,0,0,0.5833,-0.5833,prior_6y
2008-09,2009,Florida_State,5,1,0,0,0,1.2727,-1.2727,prior_6y
2008-09,2009,Wisconsin,12,2,1,0,0,0.4545,0.5455,prior_6y
2008-09,2009,Portland_State,13,1,0,0,0,0.2727,-0.2727,prior_6y
2008-09,2009,Xavier,4,3,2,0,0,1.2174,0.7826,prior_6y
2008-09,2009,Arizona_State,6,2,1,0,0,0.9565,0.0435,prior_6y
2008-09,2009,Temple,11,1,0,0,0,0.4545,-0.4545,prior_6y
2008-09,2009,SF_Austin,14,1,0,0,0,0.0909,-0.0909,prior_6y
2008-09,2009,Syracuse,3,3,2,0,0,2.2609,-0.2609,prior_6y
2008-09,2009,Louisville,1,4,3,0,0,3.2083,-0.2083,prior_6y
2008-09,2009,Ohio_State,8,1,0,0,0,0.5417,-0.5417,prior_6y
2008-09,2009,Siena,9,2,1,0,0,0.5833,0.4167,prior_6y
2008-09,2009,Arizona,12,3,2,0,0,0.4545,1.5455,prior_6y
2008-09,2009,Utah,5,1,0,0,0,1.2727,-1.2727,prior_6y
2008-09,2009,Cleveland_State,13,2,1,0,0,0.2727,0.7273,prior_6y
2008-09,2009,Wake_Forest,4,1,0,0,0,1.2174,-1.2174,prior_6y
2008-09,2009,Dayton,11,2,1,0,0,0.4545,0.5455,prior_6y
2008-09,2009,West_Virginia,6,1,0,0,0,0.9565,-0.9565,prior_6y
2008-09,2009,Kansas,3,3,2,0,0,2.2609,-0.2609,prior_6y
2008-09,2009,North_Dakota_St,14,1,0,0,0,0.0909,-0.0909,prior_6y
2008-09,2009,Boston_College,7,1,0,0,0,1.0833,-1.0833,prior_6y
2008-09,2009,USC,10,2,1,0,0,0.4583,0.5417,prior_6y
2008-09,2009,Michigan_State,2,6,5,1,0,2.3636,2.6364,prior_6y
2008-09,2009,Robert_Morris,15,1,0,0,0,0.0,0.0,prior_6y
2009-10,2010,AR-Pine_Bluff,16,2,1,0,0,0.1724,0.8276,prior_7y
2009-10,2010,Winthrop,16,1,0,0,0,0.1724,-0.1724,prior_7y
2009-10,2010,Georgetown,3,1,0,0,0,2.3333,-2.3333,prior_7y
2009-10,2010,Ohio,14,2,1,0,0,0.0769,0.9231,prior_7y
2009-10,2010,Notre_Dame,6,1,0,0,0,0.9259,-0.9259,prior_7y
2009-10,2010,Old_Dominion,11,2,1,0,0,0.4231,0.5769,prior_7y
2009-10,2010,ETSU,16,1,0,0,0,0.1724,-0.1724,prior_7y
2009-10,2010,Kentucky,1,4,3,0,0,3.3214,-0.3214,prior_7y
2009-10,2010,Montana,14,1,0,0,0,0.0769,-0.0769,prior_7y
2009-10,2010,New_Mexico,3,2,1,0,0,2.3333,-1.3333,prior_7y
2009-10,2010,Robert_Morris,15,1,0,0,0,0.0,0.0,prior_7y
2009-10,2010,Villanova,2,2,1,0,0,2.4615,-1.4615,prior_7y
2009-10,2010,Murray_State,13,2,1,0,0,0.2692,0.7308,prior_7y
2009-10,2010,Vanderbilt,4,1,0,0,0,1.2222,-1.2222,prior_7y
2009-10,2010,Baylor,3,4,3,0,0,2.3333,0.6667,prior_7y
2009-10,2010,Sam_Houston,14,1,0,0,0,0.0769,-0.0769,prior_7y
2009-10,2010,Texas,8,1,0,0,0,0.5357,-0.5357,prior_7y
2009-10,2010,Wake_Forest,9,2,1,0,0,0.5714,0.4286,prior_7y
2009-10,2010,BYU,7,2,1,0,0,0.9643,0.0357,prior_7y
2009-10,2010,Florida,10,1,0,0,0,0.5,-0.5,prior_7y
2009-10,2010,Richmond,7,1,0,0,0,0.9643,-0.9643,prior_7y
2009-10,2010,Saint_Mary's,10,3,2,0,0,0.5,1.5,prior_7y
2009-10,2010,Marquette,6,1,0,0,0,0.9259,-0.9259,prior_7y
2009-10,2010,Washington,11,3,2,0,0,0.4231,1.5769,prior_7y
2009-10,2010,Butler,5,6,5,1,0,1.1538,3.8462,prior_7y
2009-10,2010,UTEP,12,1,0,0,0,0.5385,-0.5385,prior_7y
2009-10,2010,Kansas,1,2,1,0,0,3.3214,-2.3214,prior_7y
2009-10,2010,Lehigh,16,1,0,0,0,0.1724,-0.1724,prior_7y
2009-10,2010,Kansas_State,2,4,3,0,0,2.4615,0.5385,prior_7y
2009-10,2010,North_Texas,15,1,0,0,0,0.0,0.0,prior_7y
2009-10,2010,Northern_Iowa,9,3,2,0,0,0.5714,1.4286,prior_7y
2009-10,2010,UNLV,8,1,0,0,0,0.5357,-0.5357,prior_7y
2009-10,2010,San_Diego_State,11,1,0,0,0,0.4231,-0.4231,prior_7y
2009-10,2010,Tennessee,6,4,3,0,0,0.9259,2.0741,prior_7y
2009-10,2010,Cal,8,2,1,0,0,0.5357,0.4643,prior_7y
2009-10,2010,Louisville,9,1,0,0,0,0.5714,-0.5714,prior_7y
2009-10,2010,Houston,13,1,0,0,0,0.2692,-0.2692,prior_7y
2009-10,2010,Maryland,4,2,1,0,0,1.2222,-0.2222,prior_7y
2009-10,2010,Michigan_State,5,5,4,1,0,1.1538,2.8462,prior_7y
2009-10,2010,New_Mexico_St,12,1,0,0,0,0.5385,-0.5385,prior_7y
2009-10,2010,Duke,1,6,6,1,1,3.3214,2.6786,prior_7y
2009-10,2010,Syracuse,1,3,2,0,0,3.3214,-1.3214,prior_7y
2009-10,2010,Vermont,16,1,0,0,0,0.1724,-0.1724,prior_7y
2009-10,2010,Ohio_State,2,3,2,0,0,2.4615,-0.4615,prior_7y
2009-10,2010,UCSB,15,1,0,0,0,0.0,0.0,prior_7y
2009-10,2010,Georgia_Tech,10,2,1,0,0,0.5,0.5,prior_7y
2009-10,2010,Oklahoma_State,7,1,0,0,0,0.9643,-0.9643,prior_7y
2009-10,2010,Cornell,12,3,2,0,0,0.5385,1.4615,prior_7y
2009-10,2010,Temple,5,1,0,0,0,1.1538,-1.1538,prior_7y
2009-10,2010,Oakland,14,1,0,0,0,0.0769,-0.0769,prior_7y
2009-10,2010,Pitt,3,2,1,0,0,2.3333,-1.3333,prior_7y
2009-10,2010,Clemson,7,1,0,0,0,0.9643,-0.9643,prior_7y
2009-10,2010,Missouri,10,2,1,0,0,0.5,0.5,prior_7y
2009-10,2010,Texas_A&M,5,2,1,0,0,1.1538,-0.1538,prior_7y
2009-10,2010,Utah_State,12,1,0,0,0,0.5385,-0.5385,prior_7y
2009-10,2010,Wisconsin,4,2,1,0,0,1.2222,-0.2222,prior_7y
2009-10,2010,Wofford,13,1,0,0,0,0.2692,-0.2692,prior_7y
2009-10,2010,Morgan_State,15,1,0,0,0,0.0,0.0,prior_7y
2009-10,2010,West_Virginia,2,5,4,1,0,2.4615,1.5385,prior_7y
2009-10,2010,Florida_State,9,1,0,0,0,0.5714,-0.5714,prior_7y
2009-10,2010,Gonzaga,8,2,1,0,0,0.5357,0.4643,prior_7y
2009-10,2010,Purdue,4,3,2,0,0,1.2222,0.7778,prior_7y
2009-10,2010,Siena,13,1,0,0,0,0.2692,-0.2692,prior_7y
2009-10,2010,Minnesota,11,1,0,0,0,0.4231,-0.4231,prior_7y
2009-10,2010,Xavier,6,3,2,0,0,0.9259,1.0741,prior_7y
2010-11,2011,Clemson,12,2,1,0,0,0.5333,0.4667,prior_8y
2010-11,2011,UAB,12,1,0,0,0,0.5333,-0.5333,prior_8y
2010-11,2011,Little_Rock,16,1,0,0,0,0.1765,-0.1765,prior_8y
2010-11,2011,UNC_Asheville,16,2,1,0,0,0.1765,0.8235,prior_8y
2010-11,2011,USC,11,1,0,0,0,0.4667,-0.4667,prior_8y
2010-11,2011,VCU,11,6,5,1,0,0.4667,4.5333,prior_8y
2010-11,2011,Alabama_State,16,1,0,0,0,0.1765,-0.1765,prior_8y
2010-11,2011,UTSA,16,2,1,0,0,0.1765,0.8235,prior_8y
2010-11,2011,N_Colorado,15,1,0,0,0,0.0,0.0,prior_8y
2010-11,2011,San_Diego_State,2,3,2,0,0,2.4667,-0.4667,prior_8y
2010-11,2011,Michigan_State,10,1,0,0,0,0.5625,-0.5625,prior_8y
2010-11,2011,UCLA,7,1,1,0,0,0.875,0.125,prior_8y
2010-11,2011,Bucknell,14,1,0,0,0,0.1,-0.1,prior_8y
2010-11,2011,UConn,3,6,6,1,1,2.1935,3.8065,prior_8y
2010-11,2011,Kentucky,4,5,4,1,0,1.1935,2.8065,prior_8y
2010-11,2011,Princeton,13,1,0,0,0,0.2667,-0.2667,prior_8y
2010-11,2011,Louisville,4,1,0,0,0,1.1935,-1.1935,prior_8y
2010-11,2011,Morehead_State,13,2,1,0,0,0.2667,0.7333,prior_8y
2010-11,2011,Penn_State,10,1,0,0,0,0.5625,-0.5625,prior_8y
2010-11,2011,Temple,7,2,1,0,0,0.875,0.125,prior_8y
2010-11,2011,Pitt,1,2,1,0,0,3.2812,-2.2812,prior_8y
2010-11,2011,Richmond,12,3,2,0,0,0.5333,1.4667,prior_8y
2010-11,2011,Vanderbilt,5,1,0,0,0,1.3333,-1.3333,prior_8y
2010-11,2011,BYU,3,2,2,0,0,2.1935,-0.1935,prior_8y
2010-11,2011,Wofford,14,1,0,0,0,0.1,-0.1,prior_8y
2010-11,2011,Belmont,13,1,0,0,0,0.2667,-0.2667,prior_8y
2010-11,2011,Wisconsin,4,3,2,0,0,1.1935,0.8065,prior_8y
2010-11,2011,West_Virginia,5,2,1,0,0,1.3333,-0.3333,prior_8y
2010-11,2011,Butler,8,5,4,1,0,0.5312,3.4688,prior_8y
2010-11,2011,Old_Dominion,9,1,0,0,0,0.5938,-0.5938,prior_8y
2010-11,2011,Cincinnati,6,2,1,0,0,0.9677,0.0323,prior_8y
2010-11,2011,Missouri,11,1,0,0,0,0.4667,-0.4667,prior_8y
2010-11,2011,Kansas_State,5,2,1,0,0,1.3333,-0.3333,prior_8y
2010-11,2011,Utah_State,12,1,0,0,0,0.5333,-0.5333,prior_8y
2010-11,2011,Gonzaga,11,2,1,0,0,0.4667,0.5333,prior_8y
2010-11,2011,St_John's,6,1,0,0,0,0.9677,-0.9677,prior_8y
2010-11,2011,Arizona,5,4,3,0,0,1.3333,1.6667,prior_8y
2010-11,2011,Memphis,12,1,0,0,0,0.5333,-0.5333,prior_8y
2010-11,2011,Georgetown,6,1,0,0,0,0.9677,-0.9677,prior_8y
2010-11,2011,Akron,15,1,0,0,0,0.0,0.0,prior_8y
2010-11,2011,Notre_Dame,2,2,1,0,0,2.4667,-1.4667,prior_8y
2010-11,2011,Michigan,8,2,1,0,0,0.5312,0.4688,prior_8y
2010-11,2011,Tennessee,9,1,0,0,0,0.5938,-0.5938,prior_8y
2010-11,2011,Duke,1,3,2,0,0,3.2812,-1.2812,prior_8y
2010-11,2011,Hampton,16,1,0,0,0,0.1765,-0.1765,prior_8y
2010-11,2011,Indiana_State,14,1,0,0,0,0.1,-0.1,prior_8y
2010-11,2011,Syracuse,3,2,1,0,0,2.1935,-1.1935,prior_8y
2010-11,2011,Ohio_State,1,3,2,0,0,3.2812,-1.2812,prior_8y
2010-11,2011,Florida_State,10,3,2,0,0,0.5625,1.4375,prior_8y
2010-11,2011,Texas_A&M,7,1,0,0,0,0.875,-0.875,prior_8y
2010-11,2011,Oakland,13,1,0,0,0,0.2667,-0.2667,prior_8y
2010-11,2011,Texas,4,2,1,0,0,1.1935,-0.1935,prior_8y
2010-11,2011,Georgia,10,1,0,0,0,0.5625,-0.5625,prior_8y
2010-11,2011,Washington,7,2,1,0,0,0.875,0.125,prior_8y
2010-11,2011,George_Mason,8,2,1,0,0,0.5312,0.4688,prior_8y
2010-11,2011,Villanova,9,1,0,0,0,0.5938,-0.5938,prior_8y
2010-11,2011,Boston_U,16,1,0,0,0,0.1765,-0.1765,prior_8y
2010-11,2011,Kansas,1,4,3,0,0,3.2812,-0.2812,prior_8y
2010-11,2011,Illinois,9,2,1,0,0,0.5938,0.4062,prior_8y
2010-11,2011,UNLV,8,1,0,0,0,0.5312,-0.5312,prior_8y
2010-11,2011,Purdue,3,2,1,0,0,2.1935,-1.1935,prior_8y
2010-11,2011,St_Peter's,14,1,0,0,0,0.1,-0.1,prior_8y
2010-11,2011,Marquette,11,3,2,0,0,0.4667,1.5333,prior_8y
2010-11,2011,Xavier,6,1,0,0,0,0.9677,-0.9677,prior_8y
2010-11,2011,UNC,2,3,2,0,0,2.4667,-0.4667,prior_8y
2011-12,2012,BYU,14,2,1,0,0,0.0882,0.9118,prior_9y
2011-12,2012,Iona,14,1,0,0,0,0.0882,-0.0882,prior_9y
2011-12,2012,Miss_Valley_St,16,1,0,0,0,0.2,-0.2,prior_9y
2011-12,2012,W_Kentucky,16,2,1,0,0,0.2,0.8,prior_9y
2011-12,2012,Cal,12,1,0,0,0,0.5429,-0.5429,prior_9y
2011-12,2012,USF,12,3,2,0,0,0.5429,1.4571,prior_9y
2011-12,2012,Lamar,16,1,0,0,0,0.2,-0.2,prior_9y
2011-12,2012,Vermont,16,2,1,0,0,0.2,0.8,prior_9y
2011-12,2012,Iowa_State,8,2,1,0,0,0.6389,0.3611,prior_9y
2011-12,2012,UConn,9,1,0,0,0,0.5556,-0.5556,prior_9y
2011-12,2012,Indiana,4,3,2,0,0,1.2571,0.7429,prior_9y
2011-12,2012,New_Mexico_St,13,1,0,0,0,0.2647,-0.2647,prior_9y
2011-12,2012,Colorado_State,11,1,0,0,0,0.6286,-0.6286,prior_9y
2011-12,2012,Murray_State,6,2,1,0,0,0.8857,0.1143,prior_9y
2011-12,2012,Kentucky,1,6,6,1,1,3.1389,2.8611,prior_9y
2011-12,2012,Davidson,13,1,0,0,0,0.2647,-0.2647,prior_9y
2011-12,2012,Louisville,4,5,4,1,0,1.2571,2.7429,prior_9y
2011-12,2012,Long_Beach_State,12,1,0,0,0,0.5429,-0.5429,prior_9y
2011-12,2012,New_Mexico,5,2,1,0,0,1.3235,-0.3235,prior_9y
2011-12,2012,Syracuse,1,4,3,0,0,3.1389,-0.1389,prior_9y
2011-12,2012,UNC_Asheville,16,1,0,0,0,0.2,-0.2,prior_9y
2011-12,2012,Harvard,12,1,0,0,0,0.5429,-0.5429,prior_9y
2011-12,2012,Vanderbilt,5,2,1,0,0,1.3235,-0.3235,prior_9y
2011-12,2012,Baylor,3,4,3,0,0,2.2286,0.7714,prior_9y
2011-12,2012,South_Dakota_St,14,1,0,0,0,0.0882,-0.0882,prior_9y
2011-12,2012,Marquette,3,3,2,0,0,2.2286,-0.2286,prior_9y
2011-12,2012,Montana,13,1,0,0,0,0.2647,-0.2647,prior_9y
2011-12,2012,Wisconsin,4,3,2,0,0,1.2571,0.7429,prior_9y
2011-12,2012,Gonzaga,7,2,1,0,0,0.8611,0.1389,prior_9y
2011-12,2012,West_Virginia,10,1,0,0,0,0.5556,-0.5556,prior_9y
2011-12,2012,Kansas_State,8,2,1,0,0,0.6389,0.3611,prior_9y
2011-12,2012,Southern_Miss,9,1,0,0,0,0.5556,-0.5556,prior_9y
2011-12,2012,Colorado,11,2,1,0,0,0.6286,0.3714,prior_9y
2011-12,2012,UNLV,6,1,0,0,0,0.8857,-0.8857,prior_9y
2011-12,2012,VCU,12,2,1,0,0,0.5429,0.4571,prior_9y
2011-12,2012,Wichita_State,5,1,0,0,0,1.3235,-1.3235,prior_9y
2011-12,2012,NC_State,11,3,2,0,0,0.6286,1.3714,prior_9y
2011-12,2012,San_Diego_State,6,1,0,0,0,0.8857,-0.8857,prior_9y
2011-12,2012,Belmont,14,1,0,0,0,0.0882,-0.0882,prior_9y
2011-12,2012,Georgetown,3,2,1,0,0,2.2286,-1.2286,prior_9y
2011-12,2012,Florida_State,3,2,1,0,0,2.2286,-1.2286,prior_9y
2011-12,2012,St_Bonaventure,14,1,0,0,0,0.0882,-0.0882,prior_9y
2011-12,2012,Florida,7,4,3,0,0,0.8611,2.1389,prior_9y
2011-12,2012,UVA,10,1,0,0,0,0.5556,-0.5556,prior_9y
2011-12,2012,Notre_Dame,7,1,0,0,0,0.8611,-0.8611,prior_9y
2011-12,2012,Xavier,10,3,2,0,0,0.5556,1.4444,prior_9y
2011-12,2012,Michigan,4,1,0,0,0,1.2571,-1.2571,prior_9y
2011-12,2012,Ohio,13,3,2,0,0,0.2647,1.7353,prior_9y
2011-12,2012,Missouri,2,1,0,0,0,2.3939,-2.3939,prior_9y
2011-12,2012,Norfolk_State,15,2,1,0,0,0.0,1.0,prior_9y
2011-12,2012,Duke,2,1,0,0,0,2.3939,-2.3939,prior_9y
2011-12,2012,Lehigh,15,2,1,0,0,0.0,1.0,prior_9y
2011-12,2012,UNC,1,4,3,0,0,3.1389,-0.1389,prior_9y
2011-12,2012,Alabama,9,1,0,0,0,0.5556,-0.5556,prior_9y
2011-12,2012,Creighton,8,2,1,0,0,0.6389,0.3611,prior_9y
2011-12,2012,Temple,5,1,0,0,0,1.3235,-1.3235,prior_9y
2011-12,2012,Memphis,8,1,0,0,0,0.6389,-0.6389,prior_9y
2011-12,2012,Saint_Louis,9,2,1,0,0,0.5556,0.4444,prior_9y
2011-12,2012,Cincinnati,6,3,2,0,0,0.8857,1.1143,prior_9y
2011-12,2012,Texas,11,1,0,0,0,0.6286,-0.6286,prior_9y
2011-12,2012,Detroit_Mercy,15,1,0,0,0,0.0,0.0,prior_9y
2011-12,2012,Kansas,2,6,5,1,0,2.3939,2.6061,prior_9y
2011-12,2012,Purdue,10,2,1,0,0,0.5556,0.4444,prior_9y
2011-12,2012,Saint_Mary's,7,1,0,0,0,0.8611,-0.8611,prior_9y
2011-12,2012,Ohio_State,2,4,3,1,0,2.3939,0.6061,prior_9y
2011-12,2012,Michigan_State,1,2,1,0,0,3.1389,-2.1389,prior_9y
2012-13,2013,Liberty,16,1,0,0,0,0.2222,-0.2222,prior_10y
2012-13,2013,NC_A&T,16,2,1,0,0,0.2222,0.7778,prior_10y
2012-13,2013,Mid_Tennessee,11,1,0,0,0,0.641,-0.641,prior_10y
2012-13,2013,Saint_Mary's,11,2,1,0,0,0.641,0.359,prior_10y
2012-13,2013,Boise_State,13,1,0,0,0,0.2895,-0.2895,prior_10y
2012-13,2013,La_Salle,13,4,3,0,0,0.2895,2.7105,prior_10y
2012-13,2013,Arizona,6,2,2,0,0,0.8718,1.1282,prior_10y
2012-13,2013,Belmont,11,1,0,0,0,0.641,-0.641,prior_10y
2012-13,2013,Colorado_State,8,2,1,0,0,0.65,0.35,prior_10y
2012-13,2013,Missouri,9,1,0,0,0,0.525,-0.525,prior_10y
2012-13,2013,Louisville,1,6,6,1,1,3.15,2.85,prior_10y
2012-13,2013,Michigan_State,3,3,2,0,0,2.1795,-0.1795,prior_10y
2012-13,2013,Valparaiso,14,1,0,0,0,0.1026,-0.1026,prior_10y
2012-13,2013,Michigan,4,5,4,1,0,1.3333,2.6667,prior_10y
2012-13,2013,South_Dakota_St,13,1,0,0,0,0.2895,-0.2895,prior_10y
2012-13,2013,New_Mexico_St,13,1,0,0,0,0.2895,-0.2895,prior_10y
2012-13,2013,Saint_Louis,4,2,1,0,0,1.3333,-0.3333,prior_10y
2012-13,2013,Harvard,14,2,1,0,0,0.1026,0.8974,prior_10y
2012-13,2013,New_Mexico,3,1,0,0,0,2.1795,-2.1795,prior_10y
2012-13,2013,Montana,13,1,0,0,0,0.2895,-0.2895,prior_10y
2012-13,2013,Syracuse,4,4,3,1,0,1.3333,1.6667,prior_10y
2012-13,2013,Oklahoma_State,5,1,0,0,0,1.2368,-1.2368,prior_10y
2012-13,2013,Oregon,12,3,2,0,0,0.55,1.45,prior_10y
2012-13,2013,Pitt,8,1,0,0,0,0.65,-0.65,prior_10y
2012-13,2013,Wichita_State,9,4,3,1,0,0.525,2.475,prior_10y
2012-13,2013,Memphis,6,2,1,0,0,0.8718,0.1282,prior_10y
2012-13,2013,Bucknell,11,1,0,0,0,0.641,-0.641,prior_10y
2012-13,2013,Butler,6,1,1,0,0,0.8718,0.1282,prior_10y
2012-13,2013,Gonzaga,1,2,1,0,0,3.15,-2.15,prior_10y
2012-13,2013,Southern,16,1,0,0,0,0.2222,-0.2222,prior_10y
2012-13,2013,Cal,12,2,1,0,0,0.55,0.45,prior_10y
2012-13,2013,UNLV,5,1,0,0,0,1.2368,-1.2368,prior_10y
2012-13,2013,Akron,12,1,0,0,0,0.55,-0.55,prior_10y
2012-13,2013,VCU,5,2,1,0,0,1.2368,-0.2368,prior_10y
2012-13,2013,Oklahoma,10,1,0,0,0,0.575,-0.575,prior_10y
2012-13,2013,San_Diego_State,7,2,1,0,0,0.875,0.125,prior_10y
2012-13,2013,Minnesota,11,1,1,0,0,0.641,0.359,prior_10y
2012-13,2013,UCLA,6,1,0,0,0,0.8718,-0.8718,prior_10y
2012-13,2013,Indiana,1,3,2,0,0,3.15,-1.15,prior_10y
2012-13,2013,JMU,16,1,0,0,0,0.2222,-0.2222,prior_10y
2012-13,2013,Iowa_State,10,1,1,0,0,0.575,0.425,prior_10y
2012-13,2013,Notre_Dame,7,1,0,0,0,0.875,-0.875,prior_10y
2012-13,2013,Albany,15,1,0,0,0,0.0606,-0.0606,prior_10y
2012-13,2013,Duke,2,4,3,0,0,2.3514,0.6486,prior_10y
2012-13,2013,NC_State,8,1,0,0,0,0.65,-0.65,prior_10y
2012-13,2013,Temple,9,2,1,0,0,0.525,0.475,prior_10y
2012-13,2013,UNC,8,2,1,0,0,0.65,0.35,prior_10y
2012-13,2013,Villanova,9,1,0,0,0,0.525,-0.525,prior_10y
2012-13,2013,Cincinnati,10,1,0,0,0,0.575,-0.575,prior_10y
2012-13,2013,Creighton,7,2,1,0,0,0.875,0.125,prior_10y
2012-13,2013,Ole_Miss,12,2,1,0,0,0.55,0.45,prior_10y
2012-13,2013,Wisconsin,5,1,0,0,0,1.2368,-1.2368,prior_10y
2012-13,2013,Colorado,10,1,0,0,0,0.575,-0.575,prior_10y
2012-13,2013,Illinois,7,2,1,0,0,0.875,0.125,prior_10y
2012-13,2013,Kansas,1,3,2,0,0,3.15,-1.15,prior_10y
2012-13,2013,W_Kentucky,16,1,0,0,0,0.2222,-0.2222,prior_10y
2012-13,2013,Kansas_State,4,1,0,0,0,1.3333,-1.3333,prior_10y
2012-13,2013,Miami,2,2,2,0,0,2.3514,-0.3514,prior_10y
2012-13,2013,Pacific,15,1,0,0,0,0.0606,-0.0606,prior_10y
2012-13,2013,FGCU,15,1,1,0,0,0.0606,0.9394,prior_10y
2013-14,2014,Albany,16,2,1,0,0,0.22,0.78,prior_11y
2013-14,2014,Mt_St_Mary's,16,1,0,0,0,0.22,-0.22,prior_11y
2013-14,2014,NC_State,12,2,1,0,0,0.5909,0.4091,prior_11y
2013-14,2014,Xavier,12,1,0,0,0,0.5909,-0.5909,prior_11y
2013-14,2014,Cal_Poly,16,2,1,0,0,0.22,0.78,prior_11y
2013-14,2014,Texas_Southern,16,1,0,0,0,0.22,-0.22,prior_11y
2013-14,2014,Iowa,11,1,0,0,0,0.6136,-0.6136,prior_11y
2013-14,2014,Tennessee,11,4,3,0,0,0.6136,2.3864,prior_11y
2013-14,2014,Dayton,11,4,3,0,0,0.6136,2.3864,prior_11y
2013-14,2014,Ohio_State,6,1,0,0,0,0.8837,-0.8837,prior_11y
2013-14,2014,New_Mexico_St,13,1,0,0,0,0.3256,-0.3256,prior_11y
2013-14,2014,San_Diego_State,4,3,2,0,0,1.3953,0.6047,prior_11y
2013-14,2014,Louisville,4,3,2,0,0,1.3953,0.6047,prior_11y
2013-14,2014,Manhattan,13,1,0,0,0,0.3256,-0.3256,prior_11y
2013-14,2014,Delaware,13,1,0,0,0,0.3256,-0.3256,prior_11y
2013-14,2014,Michigan_State,4,4,3,0,0,1.3953,1.6047,prior_11y
2013-14,2014,Colorado,8,1,0,0,0,0.6364,-0.6364,prior_11y
2013-14,2014,Pitt,9,2,1,0,0,0.5682,0.4318,prior_11y
2013-14,2014,Syracuse,3,2,1,0,0,2.122,-1.122,prior_11y
2013-14,2014,W_Michigan,14,1,0,0,0,0.122,-0.122,prior_11y
2013-14,2014,North_Dakota_St,12,2,1,0,0,0.5909,0.4091,prior_11y
2013-14,2014,Oklahoma,5,1,0,0,0,1.1429,-1.1429,prior_11y
2013-14,2014,American,15,1,0,0,0,0.0833,-0.0833,prior_11y
2013-14,2014,Wisconsin,2,5,4,1,0,2.359,1.641,prior_11y
2013-14,2014,BYU,10,1,0,0,0,0.5455,-0.5455,prior_11y
2013-14,2014,Oregon,7,2,1,0,0,0.8636,0.1364,prior_11y
2013-14,2014,Michigan,2,4,3,0,0,2.359,0.641,prior_11y
2013-14,2014,Wofford,15,1,0,0,0,0.0833,-0.0833,prior_11y
2013-14,2014,Arizona_State,10,1,0,0,0,0.5455,-0.5455,prior_11y
2013-14,2014,Texas,7,2,1,0,0,0.8636,0.1364,prior_11y
2013-14,2014,Cincinnati,5,1,0,0,0,1.1429,-1.1429,prior_11y
2013-14,2014,Harvard,12,2,1,0,0,0.5909,0.4091,prior_11y
2013-14,2014,Milwaukee,15,1,0,0,0,0.0833,-0.0833,prior_11y
2013-14,2014,Villanova,2,2,1,0,0,2.359,-1.359,prior_11y
2013-14,2014,Saint_Joe's,10,1,0,0,0,0.5455,-0.5455,prior_11y
2013-14,2014,UConn,7,6,6,1,1,0.8636,5.1364,prior_11y
2013-14,2014,Florida,1,5,4,1,0,3.1136,0.8864,prior_11y
2013-14,2014,Saint_Louis,5,2,1,0,0,1.1429,-0.1429,prior_11y
2013-14,2014,Tulsa,13,1,0,0,0,0.3256,-0.3256,prior_11y
2013-14,2014,UCLA,4,3,2,0,0,1.3953,0.6047,prior_11y
2013-14,2014,Baylor,6,3,2,0,0,0.8837,1.1163,prior_11y
2013-14,2014,Nebraska,11,1,0,0,0,0.6136,-0.6136,prior_11y
2013-14,2014,Providence,11,1,0,0,0,0.6136,-0.6136,prior_11y
2013-14,2014,UNC,6,2,1,0,0,0.8837,0.1163,prior_11y
2013-14,2014,SF_Austin,12,2,1,0,0,0.5909,0.4091,prior_11y
2013-14,2014,VCU,5,1,0,0,0,1.1429,-1.1429,prior_11y
2013-14,2014,E_Kentucky,15,1,0,0,0,0.0833,-0.0833,prior_11y
2013-14,2014,Kansas,2,2,1,0,0,2.359,-1.359,prior_11y
2013-14,2014,New_Mexico,7,1,0,0,0,0.8636,-0.8636,prior_11y
2013-14,2014,Stanford,10,3,2,0,0,0.5455,1.4545,prior_11y
2013-14,2014,Arizona,1,4,3,0,0,3.1136,-0.1136,prior_11y
2013-14,2014,Weber_State,16,1,0,0,0,0.22,-0.22,prior_11y
2013-14,2014,Gonzaga,8,2,1,0,0,0.6364,0.3636,prior_11y
2013-14,2014,Oklahoma_State,9,1,0,0,0,0.5682,-0.5682,prior_11y
2013-14,2014,Creighton,3,2,1,0,0,2.122,-1.122,prior_11y
2013-14,2014,Louisiana,14,1,0,0,0,0.122,-0.122,prior_11y
2013-14,2014,Kansas_State,9,1,0,0,0,0.5682,-0.5682,prior_11y
2013-14,2014,Kentucky,8,6,5,1,0,0.6364,4.3636,prior_11y
2013-14,2014,Duke,3,1,0,0,0,2.122,-2.122,prior_11y
2013-14,2014,Mercer,14,2,1,0,0,0.122,0.878,prior_11y
2013-14,2014,C._Carolina,16,1,0,0,0,0.22,-0.22,prior_11y
2013-14,2014,UVA,1,3,2,0,0,3.1136,-1.1136,prior_11y
2013-14,2014,G_Washington,9,1,0,0,0,0.5682,-0.5682,prior_11y
2013-14,2014,Memphis,8,2,1,0,0,0.6364,0.3636,prior_11y
2013-14,2014,Wichita_State,1,2,1,0,0,3.1136,-2.1136,prior_11y
2013-14,2014,UMass,6,1,0,0,0,0.8837,-0.8837,prior_11y
2013-14,2014,Iowa_State,3,2,1,0,0,2.122,-1.122,prior_11y
2014-15,2015,BYU,11,1,0,0,0,0.6735,-0.6735,prior_12y
2014-15,2015,Ole_Miss,11,2,1,0,0,0.6735,0.3265,prior_12y
2014-15,2015,Hampton,16,2,1,0,0,0.2321,0.7679,prior_12y
2014-15,2015,Manhattan,16,1,0,0,0,0.2321,-0.2321,prior_12y
2014-15,2015,North_Florida,16,1,0,0,0,0.2321,-0.2321,prior_12y
2014-15,2015,Robert_Morris,16,2,1,0,0,0.2321,0.7679,prior_12y
2014-15,2015,Boise_State,11,1,0,0,0,0.6735,-0.6735,prior_12y
2014-15,2015,Dayton,11,3,2,0,0,0.6735,1.3265,prior_12y
2014-15,2015,Kentucky,1,5,4,1,0,3.0625,0.9375,prior_12y
2014-15,2015,Butler,6,2,1,0,0,0.8723,0.1277,prior_12y
2014-15,2015,Texas,11,1,0,0,0,0.6735,-0.6735,prior_12y
2014-15,2015,Lafayette,16,1,0,0,0,0.2321,-0.2321,prior_12y
2014-15,2015,Villanova,1,2,1,0,0,3.0625,-2.0625,prior_12y
2014-15,2015,E_Washington,13,1,0,0,0,0.2979,-0.2979,prior_12y
2014-15,2015,Georgetown,4,2,1,0,0,1.4681,-0.4681,prior_12y
2014-15,2015,Cincinnati,8,2,1,0,0,0.7292,0.2708,prior_12y
2014-15,2015,Purdue,9,1,0,0,0,0.5417,-0.5417,prior_12y
2014-15,2015,Northeastern,14,1,0,0,0,0.1364,-0.1364,prior_12y
2014-15,2015,Notre_Dame,3,4,3,0,0,2.0,1.0,prior_12y
2014-15,2015,LSU,9,1,0,0,0,0.5417,-0.5417,prior_12y
2014-15,2015,NC_State,8,3,2,0,0,0.7292,1.2708,prior_12y
2014-15,2015,SF_Austin,12,1,0,0,0,0.6122,-0.6122,prior_12y
2014-15,2015,Utah,5,3,2,0,0,1.0652,0.9348,prior_12y
2014-15,2015,Iowa_State,3,1,0,0,0,2.0,-2.0,prior_12y
2014-15,2015,UAB,14,2,1,0,0,0.1364,0.8636,prior_12y
2014-15,2015,Arkansas,5,2,1,0,0,1.0652,-0.0652,prior_12y
2014-15,2015,Wofford,12,1,0,0,0,0.6122,-0.6122,prior_12y
2014-15,2015,Ohio_State,10,2,1,0,0,0.5417,0.4583,prior_12y
2014-15,2015,VCU,7,1,0,0,0,0.9583,-0.9583,prior_12y
2014-15,2015,Baylor,3,1,0,0,0,2.0,-2.0,prior_12y
2014-15,2015,Georgia_State,14,2,1,0,0,0.1364,0.8636,prior_12y
2014-15,2015,SMU,6,1,0,0,0,0.8723,-0.8723,prior_12y
2014-15,2015,UCLA,11,3,2,0,0,0.6735,1.3265,prior_12y
2014-15,2015,Harvard,13,1,0,0,0,0.2979,-0.2979,prior_12y
2014-15,2015,UNC,4,3,2,0,0,1.4681,0.5319,prior_12y
2014-15,2015,Arizona,2,4,3,0,0,2.3488,0.6512,prior_12y
2014-15,2015,Texas_Southern,15,1,0,0,0,0.075,-0.075,prior_12y
2014-15,2015,Xavier,6,3,2,0,0,0.8723,1.1277,prior_12y
2014-15,2015,Maryland,4,2,1,0,0,1.4681,-0.4681,prior_12y
2014-15,2015,Valparaiso,13,1,0,0,0,0.2979,-0.2979,prior_12y
2014-15,2015,Kansas,2,2,1,0,0,2.3488,-1.3488,prior_12y
2014-15,2015,New_Mexico_St,15,1,0,0,0,0.075,-0.075,prior_12y
2014-15,2015,Louisville,4,4,3,0,0,1.4681,1.5319,prior_12y
2014-15,2015,UC_Irvine,13,1,0,0,0,0.2979,-0.2979,prior_12y
2014-15,2015,Belmont,15,1,0,0,0,0.075,-0.075,prior_12y
2014-15,2015,UVA,2,2,1,0,0,2.3488,-1.3488,prior_12y
2014-15,2015,Providence,6,1,0,0,0,0.8723,-0.8723,prior_12y
2014-15,2015,Duke,1,6,6,1,1,3.0625,2.9375,prior_12y
2014-15,2015,Gonzaga,2,4,3,0,0,2.3488,0.6512,prior_12y
2014-15,2015,North_Dakota_St,15,1,0,0,0,0.075,-0.075,prior_12y
2014-15,2015,Buffalo,12,1,0,0,0,0.6122,-0.6122,prior_12y
2014-15,2015,West_Virginia,5,3,2,0,0,1.0652,0.9348,prior_12y
2014-15,2015,Indiana,10,1,0,0,0,0.5417,-0.5417,prior_12y
2014-15,2015,Wichita_State,7,3,2,0,0,0.9583,1.0417,prior_12y
2014-15,2015,Northern_Iowa,5,2,1,0,0,1.0652,-0.0652,prior_12y
2014-15,2015,Wyoming,12,1,0,0,0,0.6122,-0.6122,prior_12y
2014-15,2015,Georgia,10,1,0,0,0,0.5417,-0.5417,prior_12y
2014-15,2015,Michigan_State,7,5,4,1,0,0.9583,3.0417,prior_12y
2014-15,2015,Albany,14,1,0,0,0,0.1364,-0.1364,prior_12y
2014-15,2015,Oklahoma,3,3,2,0,0,2.0,0.0,prior_12y
2014-15,2015,San_Diego_State,8,2,1,0,0,0.7292,0.2708,prior_12y
2014-15,2015,St_John's,9,1,0,0,0,0.5417,-0.5417,prior_12y
2014-15,2015,Davidson,10,1,0,0,0,0.5417,-0.5417,prior_12y
2014-15,2015,Iowa,7,2,1,0,0,0.9583,0.0417,prior_12y
2014-15,2015,Oklahoma_State,9,1,0,0,0,0.5417,-0.5417,prior_12y
2014-15,2015,Oregon,8,2,1,0,0,0.7292,0.2708,prior_12y
2014-15,2015,C._Carolina,16,1,0,0,0,0.2321,-0.2321,prior_12y
2014-15,2015,Wisconsin,1,6,5,1,0,3.0625,1.9375,prior_12y
2015-16,2016,Vanderbilt,11,1,0,0,0,0.6909,-0.6909,prior_13y
2015-16,2016,Wichita_State,11,3,2,0,0,0.6909,1.3091,prior_13y
2015-16,2016,FGCU,16,2,1,0,0,0.2419,0.7581,prior_13y
2015-16,2016,Fair_Dickinson,16,1,0,0,0,0.2419,-0.2419,prior_13y
2015-16,2016,Holy_Cross,16,2,1,0,0,0.2419,0.7581,prior_13y
2015-16,2016,Southern,16,1,0,0,0,0.2419,-0.2419,prior_13y
2015-16,2016,Michigan,11,2,1,0,0,0.6909,0.3091,prior_13y
2015-16,2016,Tulsa,11,1,0,0,0,0.6909,-0.6909,prior_13y
2015-16,2016,Austin_Peay,16,1,0,0,0,0.2419,-0.2419,prior_13y
2015-16,2016,Kansas,1,4,3,0,0,3.1346,-0.1346,prior_13y
2015-16,2016,Colorado,8,1,0,0,0,0.7692,-0.7692,prior_13y
2015-16,2016,UConn,9,2,1,0,0,0.5,0.5,prior_13y
2015-16,2016,Duke,4,3,2,0,0,1.4902,0.5098,prior_13y
2015-16,2016,UNC_Wilmington,13,1,0,0,0,0.2745,-0.2745,prior_13y
2015-16,2016,UNC,1,6,5,1,0,3.1346,1.8654,prior_13y
2015-16,2016,Chattanooga,12,1,0,0,0,0.566,-0.566,prior_13y
2015-16,2016,Indiana,5,3,2,0,0,1.1,0.9,prior_13y
2015-16,2016,Kentucky,4,2,1,0,0,1.4902,-0.4902,prior_13y
2015-16,2016,Stony_Brook,13,1,0,0,0,0.2745,-0.2745,prior_13y
2015-16,2016,Butler,9,2,1,0,0,0.5,0.5,prior_13y
2015-16,2016,Texas_Tech,8,1,0,0,0,0.7692,-0.7692,prior_13y
2015-16,2016,Little_Rock,12,2,1,0,0,0.566,0.434,prior_13y
2015-16,2016,Purdue,5,1,0,0,0,1.1,-1.1,prior_13y
2015-16,2016,Fresno_State,14,1,0,0,0,0.1667,-0.1667,prior_13y
2015-16,2016,Utah,3,2,1,0,0,1.9388,-0.9388,prior_13y
2015-16,2016,Buffalo,14,1,0,0,0,0.1667,-0.1667,prior_13y
2015-16,2016,Miami,3,3,2,0,0,1.9388,0.0612,prior_13y
2015-16,2016,Arizona,6,1,0,0,0,0.8627,-0.8627,prior_13y
2015-16,2016,Baylor,5,1,0,0,0,1.1,-1.1,prior_13y
2015-16,2016,Yale,12,2,1,0,0,0.566,0.434,prior_13y
2015-16,2016,Providence,9,2,1,0,0,0.5,0.5,prior_13y
2015-16,2016,USC,8,1,0,0,0,0.7692,-0.7692,prior_13y
2015-16,2016,Iona,13,1,0,0,0,0.2745,-0.2745,prior_13y
2015-16,2016,Iowa_State,4,3,2,0,0,1.4902,0.5098,prior_13y
2015-16,2016,Gonzaga,11,3,2,0,0,0.6909,1.3091,prior_13y
2015-16,2016,Seton_Hall,6,1,0,0,0,0.8627,-0.8627,prior_13y
2015-16,2016,UNC_Asheville,15,1,0,0,0,0.0682,-0.0682,prior_13y
2015-16,2016,Villanova,2,6,6,1,1,2.3191,3.6809,prior_13y
2015-16,2016,Iowa,7,2,1,0,0,1.0192,-0.0192,prior_13y
2015-16,2016,Temple,10,1,0,0,0,0.5192,-0.5192,prior_13y
2015-16,2016,Oregon,1,4,3,0,0,3.1346,-0.1346,prior_13y
2015-16,2016,CSU_Bakersfield,15,1,0,0,0,0.0682,-0.0682,prior_13y
2015-16,2016,Oklahoma,2,5,4,1,0,2.3191,1.6809,prior_13y
2015-16,2016,Northern_Iowa,11,2,1,0,0,0.6909,0.3091,prior_13y
2015-16,2016,Texas,6,1,0,0,0,0.8627,-0.8627,prior_13y
2015-16,2016,SF_Austin,14,2,1,0,0,0.1667,0.8333,prior_13y
2015-16,2016,West_Virginia,3,1,0,0,0,1.9388,-1.9388,prior_13y
2015-16,2016,Notre_Dame,6,4,3,0,0,0.8627,2.1373,prior_13y
2015-16,2016,Dayton,7,1,0,0,0,1.0192,-1.0192,prior_13y
2015-16,2016,Syracuse,10,5,4,1,0,0.5192,3.4808,prior_13y
2015-16,2016,Maryland,5,3,2,0,0,1.1,0.9,prior_13y
2015-16,2016,South_Dakota_St,12,1,0,0,0,0.566,-0.566,prior_13y
2015-16,2016,Cal,4,1,0,0,0,1.4902,-1.4902,prior_13y
2015-16,2016,Hawai'i,13,2,1,0,0,0.2745,0.7255,prior_13y
2015-16,2016,Cincinnati,9,1,0,0,0,0.5,-0.5,prior_13y
2015-16,2016,Saint_Joe's,8,2,1,0,0,0.7692,0.2308,prior_13y
2015-16,2016,Oregon_State,7,1,0,0,0,1.0192,-1.0192,prior_13y
2015-16,2016,VCU,10,2,1,0,0,0.5192,0.4808,prior_13y
2015-16,2016,Green_Bay,14,1,0,0,0,0.1667,-0.1667,prior_13y
2015-16,2016,Texas_A&M,3,3,2,0,0,1.9388,0.0612,prior_13y
2015-16,2016,Weber_State,15,1,0,0,0,0.0682,-0.0682,prior_13y
2015-16,2016,Xavier,2,2,1,0,0,2.3191,-1.3191,prior_13y
2015-16,2016,Pitt,10,1,0,0,0,0.5192,-0.5192,prior_13y
2015-16,2016,Wisconsin,7,3,2,0,0,1.0192,0.9808,prior_13y
2015-16,2016,Michigan_State,2,1,0,0,0,2.3191,-2.3191,prior_13y
2015-16,2016,Mid_Tennessee,15,2,1,0,0,0.0682,0.9318,prior_13y
2015-16,2016,UVA,1,3,2,0,0,3.1346,-1.1346,prior_13y
2016-17,2017,Kansas_State,11,2,1,0,0,0.7213,0.2787,prior_14y
2016-17,2017,Wake_Forest,11,1,0,0,0,0.7213,-0.7213,prior_14y
2016-17,2017,Mt_St_Mary's,16,2,1,0,0,0.2537,0.7463,prior_14y
2016-17,2017,New_Orleans,16,1,0,0,0,0.2537,-0.2537,prior_14y
2016-17,2017,Providence,11,1,0,0,0,0.7213,-0.7213,prior_14y
2016-17,2017,USC,11,3,2,0,0,0.7213,1.2787,prior_14y
2016-17,2017,NC_Central,16,1,0,0,0,0.2537,-0.2537,prior_14y
2016-17,2017,UC_Davis,16,2,1,0,0,0.2537,0.7463,prior_14y
2016-17,2017,Villanova,1,2,1,0,0,3.1429,-2.1429,prior_14y
2016-17,2017,ETSU,13,1,0,0,0,0.2727,-0.2727,prior_14y
2016-17,2017,Florida,4,4,3,0,0,1.4727,1.5273,prior_14y
2016-17,2017,Purdue,4,3,2,0,0,1.4727,0.5273,prior_14y
2016-17,2017,Vermont,13,1,0,0,0,0.2727,-0.2727,prior_14y
2016-17,2017,Virginia_Tech,9,1,0,0,0,0.5179,-0.5179,prior_14y
2016-17,2017,Wisconsin,8,3,2,0,0,0.7321,1.2679,prior_14y
2016-17,2017,UNC_Wilmington,12,1,0,0,0,0.5614,-0.5614,prior_14y
2016-17,2017,UVA,5,2,1,0,0,1.0926,-0.0926,prior_14y
2016-17,2017,Iowa_State,5,2,1,0,0,1.0926,-0.0926,prior_14y
2016-17,2017,Nevada,12,1,0,0,0,0.5614,-0.5614,prior_14y
2016-17,2017,Mid_Tennessee,12,2,1,0,0,0.5614,0.4386,prior_14y
2016-17,2017,Minnesota,5,1,0,0,0,1.0926,-1.0926,prior_14y
2016-17,2017,Northwestern,8,2,1,0,0,0.7321,0.2679,prior_14y
2016-17,2017,Vanderbilt,9,1,0,0,0,0.5179,-0.5179,prior_14y
2016-17,2017,Notre_Dame,5,2,1,0,0,1.0926,-0.0926,prior_14y
2016-17,2017,Princeton,12,1,0,0,0,0.5614,-0.5614,prior_14y
2016-17,2017,Saint_Mary's,7,2,1,0,0,1.0,0.0,prior_14y
2016-17,2017,VCU,10,1,0,0,0,0.5714,-0.5714,prior_14y
2016-17,2017,FGCU,14,1,0,0,0,0.1731,-0.1731,prior_14y
2016-17,2017,Florida_State,3,2,1,0,0,1.8868,-0.8868,prior_14y
2016-17,2017,Gonzaga,1,6,5,1,0,3.1429,1.8571,prior_14y
2016-17,2017,South_Dakota_St,16,1,0,0,0,0.2537,-0.2537,prior_14y
2016-17,2017,Bucknell,13,1,0,0,0,0.2727,-0.2727,prior_14y
2016-17,2017,West_Virginia,4,3,2,0,0,1.4727,0.5273,prior_14y
2016-17,2017,Arizona,2,3,2,0,0,2.3529,-0.3529,prior_14y
2016-17,2017,North_Dakota,15,1,0,0,0,0.0833,-0.0833,prior_14y
2016-17,2017,Maryland,6,1,0,0,0,0.8545,-0.8545,prior_14y
2016-17,2017,Xavier,11,4,3,0,0,0.7213,2.2787,prior_14y
2016-17,2017,Duke,2,2,1,0,0,2.3529,-1.3529,prior_14y
2016-17,2017,Troy,15,1,0,0,0,0.0833,-0.0833,prior_14y
2016-17,2017,SMU,6,1,0,0,0,0.8545,-0.8545,prior_14y
2016-17,2017,Kansas,1,4,3,0,0,3.1429,-0.1429,prior_14y
2016-17,2017,Jacksonville_St,15,1,0,0,0,0.0833,-0.0833,prior_14y
2016-17,2017,Louisville,2,2,1,0,0,2.3529,-1.3529,prior_14y
2016-17,2017,Creighton,6,1,0,0,0,0.8545,-0.8545,prior_14y
2016-17,2017,URI,11,2,1,0,0,0.7213,0.2787,prior_14y
2016-17,2017,Texas_Southern,16,1,0,0,0,0.2537,-0.2537,prior_14y
2016-17,2017,UNC,1,6,6,1,1,3.1429,2.8571,prior_14y
2016-17,2017,Marquette,10,1,0,0,0,0.5714,-0.5714,prior_14y
2016-17,2017,South_Carolina,7,5,4,1,0,1.0,3.0,prior_14y
2016-17,2017,Baylor,3,3,2,0,0,1.8868,0.1132,prior_14y
2016-17,2017,New_Mexico_St,14,1,0,0,0,0.1731,-0.1731,prior_14y
2016-17,2017,Miami,8,1,0,0,0,0.7321,-0.7321,prior_14y
2016-17,2017,Michigan_State,9,2,1,0,0,0.5179,0.4821,prior_14y
2016-17,2017,Michigan,7,3,2,0,0,1.0,1.0,prior_14y
2016-17,2017,Oklahoma_State,10,1,0,0,0,0.5714,-0.5714,prior_14y
2016-17,2017,Iona,14,1,0,0,0,0.1731,-0.1731,prior_14y
2016-17,2017,Oregon,3,5,4,1,0,1.8868,2.1132,prior_14y
2016-17,2017,Arkansas,8,2,1,0,0,0.7321,0.2679,prior_14y
2016-17,2017,Seton_Hall,9,1,0,0,0,0.5179,-0.5179,prior_14y
2016-17,2017,Dayton,7,1,0,0,0,1.0,-1.0,prior_14y
2016-17,2017,Wichita_State,10,2,1,0,0,0.5714,0.4286,prior_14y
2016-17,2017,Kent_State,14,1,0,0,0,0.1731,-0.1731,prior_14y
2016-17,2017,UCLA,3,3,2,0,0,1.8868,0.1132,prior_14y
2016-17,2017,Kentucky,2,4,3,0,0,2.3529,0.6471,prior_14y
2016-17,2017,N_Kentucky,15,1,0,0,0,0.0833,-0.0833,prior_14y
2016-17,2017,Cincinnati,6,2,1,0,0,0.8545,0.1455,prior_14y
2016-17,2017,Butler,4,2,1,0,0,1.4727,-0.4727,prior_14y
2017-18,2018,Arizona_State,11,1,0,0,0,0.7612,-0.7612,prior_15y
2017-18,2018,Syracuse,11,4,3,0,0,0.7612,2.2388,prior_15y
2017-18,2018,NC_Central,16,1,0,0,0,0.2603,-0.2603,prior_15y
2017-18,2018,Texas_Southern,16,2,1,0,0,0.2603,0.7397,prior_15y
2017-18,2018,Davidson,12,1,0,0,0,0.541,-0.541,prior_15y
2017-18,2018,Kentucky,5,3,2,0,0,1.069,0.931,prior_15y
2017-18,2018,Loyola-Chicago,11,5,4,1,0,0.7612,3.2388,prior_15y
2017-18,2018,Miami,6,1,0,0,0,0.8136,-0.8136,prior_15y
2017-18,2018,Radford,16,1,0,0,0,0.2603,-0.2603,prior_15y
2017-18,2018,Villanova,1,6,6,1,1,3.1833,2.8167,prior_15y
2017-18,2018,Arizona,4,1,0,0,0,1.5085,-1.5085,prior_15y
2017-18,2018,Buffalo,13,2,1,0,0,0.2586,0.7414,prior_15y
2017-18,2018,Florida,6,2,1,0,0,0.8136,0.1864,prior_15y
2017-18,2018,St_Bonaventure,11,1,0,0,0,0.7612,-0.7612,prior_15y
2017-18,2018,Kansas,1,5,4,1,0,3.1833,0.8167,prior_15y
2017-18,2018,Penn,16,1,0,0,0,0.2603,-0.2603,prior_15y
2017-18,2018,Oklahoma,10,1,0,0,0,0.55,-0.55,prior_15y
2017-18,2018,URI,7,2,1,0,0,1.05,-0.05,prior_15y
2017-18,2018,Houston,6,2,1,0,0,0.8136,0.1864,prior_15y
2017-18,2018,San_Diego_State,11,1,0,0,0,0.7612,-0.7612,prior_15y
2017-18,2018,Tennessee,3,2,1,0,0,1.9123,-0.9123,prior_15y
2017-18,2018,Wright_State,14,1,0,0,0,0.1607,-0.1607,prior_15y
2017-18,2018,Alabama,9,2,1,0,0,0.5,0.5,prior_15y
2017-18,2018,Virginia_Tech,8,1,0,0,0,0.75,-0.75,prior_15y
2017-18,2018,SF_Austin,14,1,0,0,0,0.1607,-0.1607,prior_15y
2017-18,2018,Texas_Tech,3,4,3,0,0,1.9123,1.0877,prior_15y
2017-18,2018,NC_State,9,1,0,0,0,0.5,-0.5,prior_15y
2017-18,2018,Seton_Hall,8,2,1,0,0,0.75,0.25,prior_15y
2017-18,2018,Duke,2,4,3,0,0,2.3091,0.6909,prior_15y
2017-18,2018,Iona,15,1,0,0,0,0.0769,-0.0769,prior_15y
2017-18,2018,Gonzaga,4,3,2,0,0,1.5085,0.4915,prior_15y
2017-18,2018,UNCG,13,1,0,0,0,0.2586,-0.2586,prior_15y
2017-18,2018,Ohio_State,5,2,1,0,0,1.069,-0.069,prior_15y
2017-18,2018,South_Dakota_St,12,1,0,0,0,0.541,-0.541,prior_15y
2017-18,2018,UMBC,16,2,1,0,0,0.2603,0.7397,prior_15y
2017-18,2018,UVA,1,1,0,0,0,3.1833,-3.1833,prior_15y
2017-18,2018,Nevada,7,3,2,0,0,1.05,0.95,prior_15y
2017-18,2018,Texas,10,1,0,0,0,0.55,-0.55,prior_15y
2017-18,2018,Cincinnati,2,2,1,0,0,2.3091,-1.3091,prior_15y
2017-18,2018,Georgia_State,15,1,0,0,0,0.0769,-0.0769,prior_15y
2017-18,2018,Murray_State,12,1,0,0,0,0.541,-0.541,prior_15y
2017-18,2018,West_Virginia,5,3,2,0,0,1.069,0.931,prior_15y
2017-18,2018,Marshall,13,2,1,0,0,0.2586,0.7414,prior_15y
2017-18,2018,Wichita_State,4,1,0,0,0,1.5085,-1.5085,prior_15y
2017-18,2018,TCU,6,1,0,0,0,0.8136,-0.8136,prior_15y
2017-18,2018,Xavier,1,2,1,0,0,3.1833,-2.1833,prior_15y
2017-18,2018,Arkansas,7,1,0,0,0,1.05,-1.05,prior_15y
2017-18,2018,Butler,10,2,1,0,0,0.55,0.45,prior_15y
2017-18,2018,CSU_Fullerton,15,1,0,0,0,0.0769,-0.0769,prior_15y
2017-18,2018,Purdue,2,3,2,0,0,2.3091,-0.3091,prior_15y
2017-18,2018,Creighton,8,1,0,0,0,0.75,-0.75,prior_15y
2017-18,2018,Kansas_State,9,4,3,0,0,0.5,2.5,prior_15y
2017-18,2018,Bucknell,14,1,0,0,0,0.1607,-0.1607,prior_15y
2017-18,2018,Michigan_State,3,2,1,0,0,1.9123,-0.9123,prior_15y
2017-18,2018,Florida_State,9,4,3,0,0,0.5,2.5,prior_15y
2017-18,2018,Missouri,8,1,0,0,0,0.75,-0.75,prior_15y
2017-18,2018,Lipscomb,15,1,0,0,0,0.0769,-0.0769,prior_15y
2017-18,2018,UNC,2,2,1,0,0,2.3091,-1.3091,prior_15y
2017-18,2018,Providence,10,1,0,0,0,0.55,-0.55,prior_15y
2017-18,2018,Texas_A&M,7,3,2,0,0,1.05,0.95,prior_15y
2017-18,2018,Clemson,5,3,2,0,0,1.069,0.931,prior_15y
2017-18,2018,New_Mexico_St,12,1,0,0,0,0.541,-0.541,prior_15y
2017-18,2018,Auburn,4,2,1,0,0,1.5085,-0.5085,prior_15y
2017-18,2018,Charleston,13,1,0,0,0,0.2586,-0.2586,prior_15y
2017-18,2018,Michigan,3,5,4,1,0,1.9123,2.0877,prior_15y
2018-19,2019,Fair_Dickinson,16,2,1,0,0,0.2692,0.7308,prior_16y
2018-19,2019,PV_A&M,16,1,0,0,0,0.2692,-0.2692,prior_16y
2018-19,2019,Belmont,11,2,1,0,0,0.8056,0.1944,prior_16y
2018-19,2019,Temple,11,1,0,0,0,0.8056,-0.8056,prior_16y
2018-19,2019,Arizona_State,11,2,1,0,0,0.8056,0.1944,prior_16y
2018-19,2019,St_John's,11,1,0,0,0,0.8056,-0.8056,prior_16y
2018-19,2019,NC_Central,16,1,0,0,0,0.2692,-0.2692,prior_16y
2018-19,2019,North_Dakota_St,16,2,1,0,0,0.2692,0.7308,prior_16y
2018-19,2019,Florida_State,4,3,2,0,0,1.4603,0.5397,prior_16y
2018-19,2019,Vermont,13,1,0,0,0,0.2742,-0.2742,prior_16y
2018-19,2019,Marquette,5,1,0,0,0,1.1129,-1.1129,prior_16y
2018-19,2019,Murray_State,12,2,1,0,0,0.5077,0.4923,prior_16y
2018-19,2019,Baylor,9,2,1,0,0,0.5781,0.4219,prior_16y
2018-19,2019,Syracuse,8,1,0,0,0,0.7188,-0.7188,prior_16y
2018-19,2019,Gonzaga,1,4,3,0,0,3.1562,-0.1562,prior_16y
2018-19,2019,Old_Dominion,14,1,0,0,0,0.1525,-0.1525,prior_16y
2018-19,2019,Purdue,3,4,3,0,0,1.9344,1.0656,prior_16y
2018-19,2019,Saint_Mary's,11,1,0,0,0,0.8056,-0.8056,prior_16y
2018-19,2019,Villanova,6,2,1,0,0,0.7937,0.2063,prior_16y
2018-19,2019,Kansas,4,2,1,0,0,1.4603,-0.4603,prior_16y
2018-19,2019,Northeastern,13,1,0,0,0,0.2742,-0.2742,prior_16y
2018-19,2019,Auburn,5,5,4,1,0,1.1129,2.8871,prior_16y
2018-19,2019,New_Mexico_St,12,1,0,0,0,0.5077,-0.5077,prior_16y
2018-19,2019,Abil_Christian,15,1,0,0,0,0.0714,-0.0714,prior_16y
2018-19,2019,Kentucky,2,3,2,0,0,2.2712,-0.2712,prior_16y
2018-19,2019,Michigan,2,3,2,0,0,2.2712,-0.2712,prior_16y
2018-19,2019,Montana,15,1,0,0,0,0.0714,-0.0714,prior_16y
2018-19,2019,Florida,10,2,1,0,0,0.5312,0.4688,prior_16y
2018-19,2019,Nevada,7,1,0,0,0,1.0625,-1.0625,prior_16y
2018-19,2019,Bradley,15,1,0,0,0,0.0714,-0.0714,prior_16y
2018-19,2019,Michigan_State,2,5,4,1,0,2.2712,1.7288,prior_16y
2018-19,2019,Louisville,7,1,0,0,0,1.0625,-1.0625,prior_16y
2018-19,2019,Minnesota,10,2,1,0,0,0.5312,0.4688,prior_16y
2018-19,2019,Maryland,6,2,1,0,0,0.7937,0.2063,prior_16y
2018-19,2019,LSU,3,3,2,0,0,1.9344,0.0656,prior_16y
2018-19,2019,Yale,14,1,0,0,0,0.1525,-0.1525,prior_16y
2018-19,2019,Colgate,15,1,0,0,0,0.0714,-0.0714,prior_16y
2018-19,2019,Tennessee,2,3,2,0,0,2.2712,-0.2712,prior_16y
2018-19,2019,Cincinnati,7,1,0,0,0,1.0625,-1.0625,prior_16y
2018-19,2019,Iowa,10,2,1,0,0,0.5312,0.4688,prior_16y
2018-19,2019,N_Kentucky,14,1,0,0,0,0.1525,-0.1525,prior_16y
2018-19,2019,Texas_Tech,3,6,5,1,0,1.9344,3.0656,prior_16y
2018-19,2019,Buffalo,6,2,1,0,0,0.7937,0.2063,prior_16y
2018-19,2019,Kansas_State,4,1,0,0,0,1.4603,-1.4603,prior_16y
2018-19,2019,UC_Irvine,13,2,1,0,0,0.2742,0.7258,prior_16y
2018-19,2019,Oregon,12,3,2,0,0,0.5077,1.4923,prior_16y
2018-19,2019,Wisconsin,5,1,0,0,0,1.1129,-1.1129,prior_16y
2018-19,2019,Oklahoma,9,2,1,0,0,0.5781,0.4219,prior_16y
2018-19,2019,Ole_Miss,8,1,0,0,0,0.7188,-0.7188,prior_16y
2018-19,2019,Gardner-Webb,16,1,0,0,0,0.2692,-0.2692,prior_16y
2018-19,2019,UVA,1,6,6,1,1,3.1562,2.8438,prior_16y
2018-19,2019,Georgia_State,14,1,0,0,0,0.1525,-0.1525,prior_16y
2018-19,2019,Houston,3,3,2,0,0,1.9344,0.0656,prior_16y
2018-19,2019,Iowa_State,6,1,0,0,0,0.7937,-0.7937,prior_16y
2018-19,2019,Ohio_State,11,2,1,0,0,0.8056,0.1944,prior_16y
2018-19,2019,Utah_State,8,1,0,0,0,0.7188,-0.7188,prior_16y
2018-19,2019,Washington,9,2,1,0,0,0.5781,0.4219,prior_16y
2018-19,2019,Iona,16,1,0,0,0,0.2692,-0.2692,prior_16y
2018-19,2019,UNC,1,3,2,0,0,3.1562,-1.1562,prior_16y
2018-19,2019,Saint_Louis,13,1,0,0,0,0.2742,-0.2742,prior_16y
2018-19,2019,Virginia_Tech,4,3,2,0,0,1.4603,0.5397,prior_16y
2018-19,2019,Liberty,12,2,1,0,0,0.5077,0.4923,prior_16y
2018-19,2019,Miss_St,5,1,0,0,0,1.1129,-1.1129,prior_16y
2018-19,2019,UCF,9,2,1,0,0,0.5781,0.4219,prior_16y
2018-19,2019,VCU,8,1,0,0,0,0.7188,-0.7188,prior_16y
2018-19,2019,Duke,1,4,3,0,0,3.1562,-0.1562,prior_16y
2020-21,2021,Michigan_State,11,1,0,0,0,0.7821,-0.7821,prior_17y
2020-21,2021,UCLA,11,6,5,1,0,0.7821,4.2179,prior_17y
2020-21,2021,Mt_St_Mary's,16,1,0,0,0,0.2738,-0.2738,prior_17y
2020-21,2021,Texas_Southern,16,2,1,0,0,0.2738,0.7262,prior_17y
2020-21,2021,Drake,11,2,1,0,0,0.7821,0.2179,prior_17y
2020-21,2021,Wichita_State,11,1,0,0,0,0.7821,-0.7821,prior_17y
2020-21,2021,Appalachian_St,16,1,0,0,0,0.2738,-0.2738,prior_17y
2020-21,2021,Norfolk_State,16,2,1,0,0,0.2738,0.7262,prior_17y
2020-21,2021,Cleveland_State,15,1,0,0,0,0.0667,-0.0667,prior_17y
2020-21,2021,Houston,2,5,4,1,0,2.2857,1.7143,prior_17y
2020-21,2021,Clemson,7,1,0,0,0,1.0149,-1.0149,prior_17y
2020-21,2021,Rutgers,10,2,1,0,0,0.5522,0.4478,prior_17y
2020-21,2021,Morehead_State,14,1,0,0,0,0.1429,-0.1429,prior_17y
2020-21,2021,West_Virginia,3,2,1,0,0,2.0,-1.0,prior_17y
2020-21,2021,San_Diego_State,6,1,0,0,0,0.791,-0.791,prior_17y
2020-21,2021,Syracuse,11,3,2,0,0,0.7821,1.2179,prior_17y
2020-21,2021,Liberty,13,1,0,0,0,0.2727,-0.2727,prior_17y
2020-21,2021,Oklahoma_State,4,2,1,0,0,1.4478,-0.4478,prior_17y
2020-21,2021,Oregon_State,12,4,3,0,0,0.5362,2.4638,prior_17y
2020-21,2021,Tennessee,5,1,0,0,0,1.1061,-1.1061,prior_17y
2020-21,2021,Georgia_Tech,9,1,0,0,0,0.6029,-0.6029,prior_17y
2020-21,2021,Loyola-Chicago,8,3,2,0,0,0.6765,1.3235,prior_17y
2020-21,2021,Drexel,16,1,0,0,0,0.2738,-0.2738,prior_17y
2020-21,2021,Illinois,1,2,1,0,0,3.1765,-2.1765,prior_17y
2020-21,2021,Ohio_State,2,1,0,0,0,2.2857,-2.2857,prior_17y
2020-21,2021,Oral_Roberts,15,3,2,0,0,0.0667,1.9333,prior_17y
2020-21,2021,Florida,7,2,1,0,0,1.0149,-0.0149,prior_17y
2020-21,2021,Virginia_Tech,10,1,0,0,0,0.5522,-0.5522,prior_17y
2020-21,2021,Arkansas,3,4,3,0,0,2.0,1.0,prior_17y
2020-21,2021,Colgate,14,1,0,0,0,0.1429,-0.1429,prior_17y
2020-21,2021,Texas_Tech,6,2,1,0,0,0.791,0.209,prior_17y
2020-21,2021,Utah_State,11,1,0,0,0,0.7821,-0.7821,prior_17y
2020-21,2021,North_Texas,13,2,1,0,0,0.2727,0.7273,prior_17y
2020-21,2021,Purdue,4,1,0,0,0,1.4478,-1.4478,prior_17y
2020-21,2021,Villanova,5,3,2,0,0,1.1061,0.8939,prior_17y
2020-21,2021,Winthrop,12,1,0,0,0,0.5362,-0.5362,prior_17y
2020-21,2021,UNC,8,1,0,0,0,0.6765,-0.6765,prior_17y
2020-21,2021,Wisconsin,9,2,1,0,0,0.6029,0.3971,prior_17y
2020-21,2021,Baylor,1,6,6,1,1,3.1765,2.8235,prior_17y
2020-21,2021,Hartford,16,1,0,0,0,0.2738,-0.2738,prior_17y
2020-21,2021,Gonzaga,1,6,5,1,0,3.1765,1.8235,prior_17y
2020-21,2021,USC,6,4,3,0,0,0.791,2.209,prior_17y
2020-21,2021,Alabama,2,3,2,0,0,2.2857,-0.2857,prior_17y
2020-21,2021,Iona,15,1,0,0,0,0.0667,-0.0667,prior_17y
2020-21,2021,Maryland,10,2,1,0,0,0.5522,0.4478,prior_17y
2020-21,2021,UConn,7,1,0,0,0,1.0149,-1.0149,prior_17y
2020-21,2021,Abil_Christian,14,2,1,0,0,0.1429,0.8571,prior_17y
2020-21,2021,Texas,3,1,0,0,0,2.0,-2.0,prior_17y
2020-21,2021,BYU,6,1,0,0,0,0.791,-0.791,prior_17y
2020-21,2021,Florida_State,4,3,2,0,0,1.4478,0.5522,prior_17y
2020-21,2021,UNCG,13,1,0,0,0,0.2727,-0.2727,prior_17y
2020-21,2021,Colorado,5,2,1,0,0,1.1061,-0.1061,prior_17y
2020-21,2021,Georgetown,12,1,0,0,0,0.5362,-0.5362,prior_17y
2020-21,2021,LSU,8,2,1,0,0,0.6765,0.3235,prior_17y
2020-21,2021,St_Bonaventure,9,1,0,0,0,0.6029,-0.6029,prior_17y
2020-21,2021,Michigan,1,4,3,0,0,3.1765,-0.1765,prior_17y
2020-21,2021,Grand_Canyon,15,1,0,0,0,0.0667,-0.0667,prior_17y
2020-21,2021,Iowa,2,2,1,0,0,2.2857,-1.2857,prior_17y
2020-21,2021,Oregon,7,3,2,0,0,1.0149,0.9851,prior_17y
2020-21,2021,VCU,10,1,0,0,0,0.5522,-0.5522,prior_17y
2020-21,2021,E_Washington,14,1,0,0,0,0.1429,-0.1429,prior_17y
2020-21,2021,Kansas,3,2,1,0,0,2.0,-1.0,prior_17y
2020-21,2021,Ohio,13,2,1,0,0,0.2727,0.7273,prior_17y
2020-21,2021,UVA,4,1,0,0,0,1.4478,-1.4478,prior_17y
2020-21,2021,Creighton,5,3,2,0,0,1.1061,0.8939,prior_17y
2020-21,2021,UCSB,12,1,0,0,0,0.5362,-0.5362,prior_17y
2020-21,2021,Missouri,9,1,0,0,0,0.6029,-0.6029,prior_17y
2020-21,2021,Oklahoma,8,2,1,0,0,0.6765,0.3235,prior_17y
2021-22,2022,Indiana,12,2,1,0,0,0.5479,0.4521,prior_18y
2021-22,2022,Wyoming,12,1,0,0,0,0.5479,-0.5479,prior_18y
2021-22,2022,Notre_Dame,11,3,2,0,0,0.8214,1.1786,prior_18y
2021-22,2022,Rutgers,11,1,0,0,0,0.8214,-0.8214,prior_18y
2021-22,2022,Bryant,16,1,0,0,0,0.2778,-0.2778,prior_18y
2021-22,2022,Wright_State,16,2,1,0,0,0.2778,0.7222,prior_18y
2021-22,2022,New_Mexico_St,12,2,1,0,0,0.5479,0.4521,prior_18y
2021-22,2022,UConn,5,1,0,0,0,1.1143,-1.1143,prior_18y
2021-22,2022,Arkansas,4,4,3,0,0,1.4085,1.5915,prior_18y
2021-22,2022,Vermont,13,1,0,0,0,0.2857,-0.2857,prior_18y
2021-22,2022,Providence,4,3,2,0,0,1.4085,0.5915,prior_18y
2021-22,2022,South_Dakota_St,13,1,0,0,0,0.2857,-0.2857,prior_18y
2021-22,2022,Iowa,5,1,0,0,0,1.1143,-1.1143,prior_18y
2021-22,2022,Richmond,12,2,1,0,0,0.5479,0.4521,prior_18y
2021-22,2022,Kentucky,2,1,0,0,0,2.2537,-2.2537,prior_18y
2021-22,2022,St_Peter's,15,4,3,0,0,0.0938,2.9062,prior_18y
2021-22,2022,Murray_State,7,2,1,0,0,1.0,0.0,prior_18y
2021-22,2022,San_Francisco,10,1,0,0,0,0.5493,-0.5493,prior_18y
2021-22,2022,Longwood,14,1,0,0,0,0.1493,-0.1493,prior_18y
2021-22,2022,Tennessee,3,2,1,0,0,1.9565,-0.9565,prior_18y
2021-22,2022,Colorado_State,6,1,0,0,0,0.8028,-0.8028,prior_18y
2021-22,2022,Michigan,11,3,2,0,0,0.8214,1.1786,prior_18y
2021-22,2022,Kansas,1,6,6,1,1,3.2083,2.7917,prior_18y
2021-22,2022,Texas_Southern,16,1,0,0,0,0.2778,-0.2778,prior_18y
2021-22,2022,Marquette,9,1,0,0,0,0.5833,-0.5833,prior_18y
2021-22,2022,UNC,8,6,5,1,0,0.6944,4.3056,prior_18y
2021-22,2022,Creighton,9,2,1,0,0,0.5833,0.4167,prior_18y
2021-22,2022,San_Diego_State,8,1,0,0,0,0.6944,-0.6944,prior_18y
2021-22,2022,Baylor,1,2,1,0,0,3.2083,-2.2083,prior_18y
2021-22,2022,Norfolk_State,16,1,0,0,0,0.2778,-0.2778,prior_18y
2021-22,2022,Georgia_State,16,1,0,0,0,0.2778,-0.2778,prior_18y
2021-22,2022,Gonzaga,1,3,2,0,0,3.2083,-1.2083,prior_18y
2021-22,2022,Akron,13,1,0,0,0,0.2857,-0.2857,prior_18y
2021-22,2022,UCLA,4,3,2,0,0,1.4085,0.5915,prior_18y
2021-22,2022,Boise_State,8,1,0,0,0,0.6944,-0.6944,prior_18y
2021-22,2022,Memphis,9,2,1,0,0,0.5833,0.4167,prior_18y
2021-22,2022,Saint_Mary's,5,2,1,0,0,1.1143,-0.1143,prior_18y
2021-22,2022,Miami,10,4,3,0,0,0.5493,2.4507,prior_18y
2021-22,2022,USC,7,1,0,0,0,1.0,-1.0,prior_18y
2021-22,2022,Auburn,2,2,1,0,0,2.2537,-1.2537,prior_18y
2021-22,2022,Jacksonville_St,15,1,0,0,0,0.0938,-0.0938,prior_18y
2021-22,2022,CSU_Fullerton,15,1,0,0,0,0.0938,-0.0938,prior_18y
2021-22,2022,Duke,2,5,4,1,0,2.2537,1.7463,prior_18y
2021-22,2022,Davidson,10,1,0,0,0,0.5493,-0.5493,prior_18y
2021-22,2022,Michigan_State,7,2,1,0,0,1.0,0.0,prior_18y
2021-22,2022,Colgate,14,1,0,0,0,0.1493,-0.1493,prior_18y
2021-22,2022,Wisconsin,3,2,1,0,0,1.9565,-0.9565,prior_18y
2021-22,2022,Purdue,3,3,2,0,0,1.9565,0.0435,prior_18y
2021-22,2022,Yale,14,1,0,0,0,0.1493,-0.1493,prior_18y
2021-22,2022,Texas,6,2,1,0,0,0.8028,0.1972,prior_18y
2021-22,2022,Virginia_Tech,11,1,0,0,0,0.8214,-0.8214,prior_18y
2021-22,2022,Iowa_State,11,3,2,0,0,0.8214,1.1786,prior_18y
2021-22,2022,LSU,6,1,0,0,0,0.8028,-0.8028,prior_18y
2021-22,2022,Delaware,15,1,0,0,0,0.0938,-0.0938,prior_18y
2021-22,2022,Villanova,2,5,4,1,0,2.2537,1.7463,prior_18y
2021-22,2022,Loyola-Chicago,10,1,0,0,0,0.5493,-0.5493,prior_18y
2021-22,2022,Ohio_State,7,2,1,0,0,1.0,0.0,prior_18y
2021-22,2022,Chattanooga,13,1,0,0,0,0.2857,-0.2857,prior_18y
2021-22,2022,Illinois,4,2,1,0,0,1.4085,-0.4085,prior_18y
2021-22,2022,Houston,5,4,3,0,0,1.1143,1.8857,prior_18y
2021-22,2022,UAB,12,1,0,0,0,0.5479,-0.5479,prior_18y
2021-22,2022,Montana_State,14,1,0,0,0,0.1493,-0.1493,prior_18y
2021-22,2022,Texas_Tech,3,3,2,0,0,1.9565,0.0435,prior_18y
2021-22,2022,Seton_Hall,8,1,0,0,0,0.6944,-0.6944,prior_18y
2021-22,2022,TCU,9,2,1,0,0,0.5833,0.4167,prior_18y
2021-22,2022,Arizona,1,3,2,0,0,3.2083,-1.2083,prior_18y
2021-22,2022,Alabama,6,1,0,0,0,0.8028,-0.8028,prior_18y
2022-23,2023,Miss_St,11,1,0,0,0,0.8427,-0.8427,prior_19y
2022-23,2023,Pitt,11,3,2,0,0,0.8427,1.1573,prior_19y
2022-23,2023,Fair_Dickinson,16,3,2,0,0,0.2737,1.7263,prior_19y
2022-23,2023,Texas_Southern,16,1,0,0,0,0.2737,-0.2737,prior_19y
2022-23,2023,Arizona_State,11,2,1,0,0,0.8427,0.1573,prior_19y
2022-23,2023,Nevada,11,1,0,0,0,0.8427,-0.8427,prior_19y
2022-23,2023,Auburn,9,2,1,0,0,0.5921,0.4079,prior_19y
2022-23,2023,Iowa,8,1,0,0,0,0.7237,-0.7237,prior_19y
2022-23,2023,Houston,1,3,2,0,0,3.1842,-1.1842,prior_19y
2022-23,2023,N_Kentucky,16,1,0,0,0,0.2737,-0.2737,prior_19y
2022-23,2023,Maryland,8,2,1,0,0,0.7237,0.2763,prior_19y
2022-23,2023,West_Virginia,9,1,0,0,0,0.5921,-0.5921,prior_19y
2022-23,2023,Colgate,15,1,0,0,0,0.1324,-0.1324,prior_19y
2022-23,2023,Texas,2,4,3,0,0,2.2535,0.7465,prior_19y
2022-23,2023,Howard,16,1,0,0,0,0.2737,-0.2737,prior_19y
2022-23,2023,Kansas,1,2,1,0,0,3.1842,-2.1842,prior_19y
2022-23,2023,Arkansas,8,3,2,0,0,0.7237,1.2763,prior_19y
2022-23,2023,Illinois,9,1,0,0,0,0.5921,-0.5921,prior_19y
2022-23,2023,Penn_State,10,2,1,0,0,0.56,0.44,prior_19y
2022-23,2023,Texas_A&M,7,1,0,0,0,0.9867,-0.9867,prior_19y
2022-23,2023,Duke,5,2,1,0,0,1.1081,-0.1081,prior_19y
2022-23,2023,Oral_Roberts,12,1,0,0,0,0.5513,-0.5513,prior_19y
2022-23,2023,Louisiana,13,1,0,0,0,0.2703,-0.2703,prior_19y
2022-23,2023,Tennessee,4,3,2,0,0,1.44,0.56,prior_19y
2022-23,2023,Furman,13,2,1,0,0,0.2703,0.7297,prior_19y
2022-23,2023,UVA,4,1,0,0,0,1.44,-1.44,prior_19y
2022-23,2023,Charleston,12,1,0,0,0,0.5513,-0.5513,prior_19y
2022-23,2023,San_Diego_State,5,6,5,1,0,1.1081,3.8919,prior_19y
2022-23,2023,UCLA,2,3,2,0,0,2.2535,-0.2535,prior_19y
2022-23,2023,UNC_Asheville,15,1,0,0,0,0.1324,-0.1324,prior_19y
2022-23,2023,Boise_State,10,1,0,0,0,0.56,-0.56,prior_19y
2022-23,2023,Northwestern,7,2,1,0,0,0.9867,0.0133,prior_19y
2022-23,2023,Arizona,2,1,0,0,0,2.2535,-2.2535,prior_19y
2022-23,2023,Princeton,15,3,2,0,0,0.1324,1.8676,prior_19y
2022-23,2023,Missouri,7,2,1,0,0,0.9867,0.0133,prior_19y
2022-23,2023,Utah_State,10,1,0,0,0,0.56,-0.56,prior_19y
2022-23,2023,Iona,13,1,0,0,0,0.2703,-0.2703,prior_19y
2022-23,2023,UConn,4,6,6,1,1,1.44,4.56,prior_19y
2022-23,2023,Saint_Mary's,5,2,1,0,0,1.1081,-0.1081,prior_19y
2022-23,2023,VCU,12,1,0,0,0,0.5513,-0.5513,prior_19y
2022-23,2023,Indiana,4,2,1,0,0,1.44,-0.44,prior_19y
2022-23,2023,Kent_State,13,1,0,0,0,0.2703,-0.2703,prior_19y
2022-23,2023,Drake,12,1,0,0,0,0.5513,-0.5513,prior_19y
2022-23,2023,Miami,5,5,4,1,0,1.1081,2.8919,prior_19y
2022-23,2023,Marquette,2,2,1,0,0,2.2535,-1.2535,prior_19y
2022-23,2023,Vermont,15,1,0,0,0,0.1324,-0.1324,prior_19y
2022-23,2023,Michigan_State,7,3,2,0,0,0.9867,1.0133,prior_19y
2022-23,2023,USC,10,1,0,0,0,0.56,-0.56,prior_19y
2022-23,2023,FAU,9,5,4,1,0,0.5921,3.4079,prior_19y
2022-23,2023,Memphis,8,1,0,0,0,0.7237,-0.7237,prior_19y
2022-23,2023,Purdue,1,1,0,0,0,3.1842,-3.1842,prior_19y
2022-23,2023,Gonzaga,3,4,3,0,0,1.9315,1.0685,prior_19y
2022-23,2023,Grand_Canyon,14,1,0,0,0,0.1408,-0.1408,prior_19y
2022-23,2023,TCU,6,2,1,0,0,0.7733,0.2267,prior_19y
2022-23,2023,Baylor,3,2,1,0,0,1.9315,-0.9315,prior_19y
2022-23,2023,UCSB,14,1,0,0,0,0.1408,-0.1408,prior_19y
2022-23,2023,Creighton,6,4,3,0,0,0.7733,2.2267,prior_19y
2022-23,2023,NC_State,11,1,0,0,0,0.8427,-0.8427,prior_19y
2022-23,2023,Kansas_State,3,4,3,0,0,1.9315,1.0685,prior_19y
2022-23,2023,Montana_State,14,1,0,0,0,0.1408,-0.1408,prior_19y
2022-23,2023,Kentucky,6,2,1,0,0,0.7733,0.2267,prior_19y
2022-23,2023,Providence,11,1,0,0,0,0.8427,-0.8427,prior_19y
2022-23,2023,Kennesaw_State,14,1,0,0,0,0.1408,-0.1408,prior_19y
2022-23,2023,Xavier,3,3,2,0,0,1.9315,0.0685,prior_19y
2022-23,2023,Iowa_State,6,1,0,0,0,0.7733,-0.7733,prior_19y
2022-23,2023,Alabama,1,2,1,0,0,3.1842,-2.1842,prior_19y
2023-24,2024,Howard,16,1,0,0,0,0.2828,-0.2828,prior_20y
2023-24,2024,Wagner,16,2,1,0,0,0.2828,0.7172,prior_20y
2023-24,2024,Colorado_State,10,2,1,0,0,0.5443,0.4557,prior_20y
2023-24,2024,UVA,10,1,0,0,0,0.5443,-0.5443,prior_20y
2023-24,2024,Grambling,16,2,1,0,0,0.2828,0.7172,prior_20y
2023-24,2024,Montana_State,16,1,0,0,0,0.2828,-0.2828,prior_20y
2023-24,2024,Boise_State,10,1,0,0,0,0.5443,-0.5443,prior_20y
2023-24,2024,Colorado,10,3,2,0,0,0.5443,1.4557,prior_20y
2023-24,2024,Arizona,2,3,2,0,0,2.2133,-0.2133,prior_20y
2023-24,2024,Long_Beach_State,15,1,0,0,0,0.1528,-0.1528,prior_20y
2023-24,2024,Dayton,7,2,1,0,0,0.9873,0.0127,prior_20y
2023-24,2024,Nevada,10,1,0,0,0,0.5443,-0.5443,prior_20y
2023-24,2024,Michigan_State,9,2,1,0,0,0.625,0.375,prior_20y
2023-24,2024,Miss_St,8,1,0,0,0,0.725,-0.725,prior_20y
2023-24,2024,UNC,1,3,2,0,0,3.075,-1.075,prior_20y
2023-24,2024,St_Peter's,15,1,0,0,0,0.1528,-0.1528,prior_20y
2023-24,2024,Tennessee,2,4,3,0,0,2.2133,0.7867,prior_20y
2023-24,2024,Texas,7,2,1,0,0,0.9873,0.0127,prior_20y
2023-24,2024,Akron,14,1,0,0,0,0.1333,-0.1333,prior_20y
2023-24,2024,Creighton,3,3,2,0,0,1.9481,0.0519,prior_20y
2023-24,2024,Oregon,11,2,1,0,0,0.8211,0.1789,prior_20y
2023-24,2024,South_Carolina,6,1,0,0,0,0.7975,-0.7975,prior_20y
2023-24,2024,Kansas,4,2,1,0,0,1.481,-0.481,prior_20y
2023-24,2024,Samford,13,1,0,0,0,0.2692,-0.2692,prior_20y
2023-24,2024,Gonzaga,5,3,2,0,0,1.1923,0.8077,prior_20y
2023-24,2024,Mcneese,12,1,0,0,0,0.5244,-0.5244,prior_20y
2023-24,2024,Kentucky,3,1,0,0,0,1.9481,-1.9481,prior_20y
2023-24,2024,Oakland,14,2,1,0,0,0.1333,0.8667,prior_20y
2023-24,2024,NC_State,11,5,4,1,0,0.8211,3.1789,prior_20y
2023-24,2024,Texas_Tech,6,1,0,0,0,0.7975,-0.7975,prior_20y
2023-24,2024,Iowa_State,2,3,2,0,0,2.2133,-0.2133,prior_20y
2023-24,2024,South_Dakota_St,15,1,0,0,0,0.1528,-0.1528,prior_20y
2023-24,2024,Drake,10,1,0,0,0,0.5443,-0.5443,prior_20y
2023-24,2024,Washington_St,7,2,1,0,0,0.9873,0.0127,prior_20y
2023-24,2024,Illinois,3,4,3,0,0,1.9481,1.0519,prior_20y
2023-24,2024,Morehead_State,14,1,0,0,0,0.1333,-0.1333,prior_20y
2023-24,2024,BYU,6,1,0,0,0,0.7975,-0.7975,prior_20y
2023-24,2024,Duquesne,11,2,1,0,0,0.8211,0.1789,prior_20y
2023-24,2024,Stetson,16,1,0,0,0,0.2828,-0.2828,prior_20y
2023-24,2024,UConn,1,6,6,1,1,3.075,2.925,prior_20y
2023-24,2024,Houston,1,3,2,0,0,3.075,-1.075,prior_20y
2023-24,2024,Longwood,16,1,0,0,0,0.2828,-0.2828,prior_20y
2023-24,2024,Purdue,1,6,5,1,0,3.075,1.925,prior_20y
2023-24,2024,Baylor,3,2,1,0,0,1.9481,-0.9481,prior_20y
2023-24,2024,Colgate,14,1,0,0,0,0.1333,-0.1333,prior_20y
2023-24,2024,Clemson,6,4,3,0,0,0.7975,2.2025,prior_20y
2023-24,2024,New_Mexico,11,1,0,0,0,0.8211,-0.8211,prior_20y
2023-24,2024,Alabama,4,5,4,1,0,1.481,2.519,prior_20y
2023-24,2024,Charleston,13,1,0,0,0,0.2692,-0.2692,prior_20y
2023-24,2024,Grand_Canyon,12,2,1,0,0,0.5244,0.4756,prior_20y
2023-24,2024,Saint_Mary's,5,1,0,0,0,1.1923,-1.1923,prior_20y
2023-24,2024,TCU,9,1,0,0,0,0.625,-0.625,prior_20y
2023-24,2024,Utah_State,8,2,1,0,0,0.725,0.275,prior_20y
2023-24,2024,Marquette,2,3,2,0,0,2.2133,-0.2133,prior_20y
2023-24,2024,W_Kentucky,15,1,0,0,0,0.1528,-0.1528,prior_20y
2023-24,2024,Florida,7,1,0,0,0,0.9873,-0.9873,prior_20y
2023-24,2024,Duke,4,4,3,0,0,1.481,1.519,prior_20y
2023-24,2024,Vermont,13,1,0,0,0,0.2692,-0.2692,prior_20y
2023-24,2024,JMU,12,2,1,0,0,0.5244,0.4756,prior_20y
2023-24,2024,Wisconsin,5,1,0,0,0,1.1923,-1.1923,prior_20y
2023-24,2024,Nebraska,8,1,0,0,0,0.725,-0.725,prior_20y
2023-24,2024,Texas_A&M,9,2,1,0,0,0.625,0.375,prior_20y
2023-24,2024,Auburn,4,1,0,0,0,1.481,-1.481,prior_20y
2023-24,2024,Yale,13,2,1,0,0,0.2692,0.7308,prior_20y
2023-24,2024,San_Diego_State,5,3,2,0,0,1.1923,0.8077,prior_20y
2023-24,2024,UAB,12,1,0,0,0,0.5244,-0.5244,prior_20y
2023-24,2024,FAU,8,1,0,0,0,0.725,-0.725,prior_20y
2023-24,2024,Northwestern,9,2,1,0,0,0.625,0.375,prior_20y
2024-25,2025,Alabama_State,16,2,1,0,0,0.2857,0.7143,prior_21y
2024-25,2025,St_Francis_(PA),16,1,0,0,0,0.2857,-0.2857,prior_21y
2024-25,2025,San_Diego_State,11,1,0,0,0,0.8485,-0.8485,prior_21y
2024-25,2025,UNC,11,2,1,0,0,0.8485,0.1515,prior_21y
2024-25,2025,Texas,11,1,0,0,0,0.8485,-0.8485,prior_21y
2024-25,2025,Xavier,11,2,1,0,0,0.8485,0.1515,prior_21y
2024-25,2025,American,16,1,0,0,0,0.2857,-0.2857,prior_21y
2024-25,2025,Mt_St_Mary's,16,2,1,0,0,0.2857,0.7143,prior_21y
2024-25,2025,Auburn,1,5,4,1,0,3.1071,0.8929,prior_21y
2024-25,2025,Creighton,9,2,1,0,0,0.631,0.369,prior_21y
2024-25,2025,Louisville,8,1,0,0,0,0.7024,-0.7024,prior_21y
2024-25,2025,Michigan,5,3,2,0,0,1.1829,0.8171,prior_21y
2024-25,2025,UC_San_Diego,12,1,0,0,0,0.5233,-0.5233,prior_21y
2024-25,2025,Texas_A&M,4,2,1,0,0,1.506,-0.506,prior_21y
2024-25,2025,Yale,13,1,0,0,0,0.2683,-0.2683,prior_21y
2024-25,2025,BYU,6,3,2,0,0,0.7952,1.2048,prior_21y
2024-25,2025,VCU,11,1,0,0,0,0.8485,-0.8485,prior_21y
2024-25,2025,Montana,14,1,0,0,0,0.1392,-0.1392,prior_21y
2024-25,2025,Wisconsin,3,2,1,0,0,1.9259,-0.9259,prior_21y
2024-25,2025,Houston,1,6,5,1,0,3.1071,1.8929,prior_21y
2024-25,2025,SIUE,16,1,0,0,0,0.2857,-0.2857,prior_21y
2024-25,2025,Georgia,9,1,0,0,0,0.631,-0.631,prior_21y
2024-25,2025,Gonzaga,8,2,1,0,0,0.7024,0.2976,prior_21y
2024-25,2025,Clemson,5,1,0,0,0,1.1829,-1.1829,prior_21y
2024-25,2025,Mcneese,12,2,1,0,0,0.5233,0.4767,prior_21y
2024-25,2025,High_Point,13,1,0,0,0,0.2683,-0.2683,prior_21y
2024-25,2025,Purdue,4,3,2,0,0,1.506,0.494,prior_21y
2024-25,2025,UCLA,7,2,1,0,0,0.9759,0.0241,prior_21y
2024-25,2025,Utah_State,10,1,0,0,0,0.5412,-0.5412,prior_21y
2024-25,2025,Tennessee,2,4,3,0,0,2.2152,0.7848,prior_21y
2024-25,2025,Wofford,15,1,0,0,0,0.1447,-0.1447,prior_21y
2024-25,2025,Drake,11,2,1,0,0,0.8485,0.1515,prior_21y
2024-25,2025,Missouri,6,1,0,0,0,0.7952,-0.7952,prior_21y
2024-25,2025,Texas_Tech,3,4,3,0,0,1.9259,1.0741,prior_21y
2024-25,2025,UNC_Wilmington,14,1,0,0,0,0.1392,-0.1392,prior_21y
2024-25,2025,Arkansas,10,3,2,0,0,0.5412,1.4588,prior_21y
2024-25,2025,Kansas,7,1,0,0,0,0.9759,-0.9759,prior_21y
2024-25,2025,Omaha,15,1,0,0,0,0.1447,-0.1447,prior_21y
2024-25,2025,St_John's,2,2,1,0,0,2.2152,-1.2152,prior_21y
2024-25,2025,Ole_Miss,6,3,2,0,0,0.7952,1.2048,prior_21y
2024-25,2025,Iowa_State,3,2,1,0,0,1.9259,-0.9259,prior_21y
2024-25,2025,Lipscomb,14,1,0,0,0,0.1392,-0.1392,prior_21y
2024-25,2025,Marquette,7,1,0,0,0,0.9759,-0.9759,prior_21y
2024-25,2025,New_Mexico,10,2,1,0,0,0.5412,0.4588,prior_21y
2024-25,2025,Bryant,15,1,0,0,0,0.1447,-0.1447,prior_21y
2024-25,2025,Michigan_State,2,4,3,0,0,2.2152,0.7848,prior_21y
2024-25,2025,Duke,1,5,4,1,0,3.1071,0.8929,prior_21y
2024-25,2025,Baylor,9,2,1,0,0,0.631,0.369,prior_21y
2024-25,2025,Miss_St,8,1,0,0,0,0.7024,-0.7024,prior_21y
2024-25,2025,Liberty,12,1,0,0,0,0.5233,-0.5233,prior_21y
2024-25,2025,Oregon,5,2,1,0,0,1.1829,-0.1829,prior_21y
2024-25,2025,Akron,13,1,0,0,0,0.2683,-0.2683,prior_21y
2024-25,2025,Arizona,4,3,2,0,0,1.506,0.494,prior_21y
2024-25,2025,Saint_Mary's,7,2,1,0,0,0.9759,0.0241,prior_21y
2024-25,2025,Vanderbilt,10,1,0,0,0,0.5412,-0.5412,prior_21y
2024-25,2025,Alabama,2,4,3,0,0,2.2152,0.7848,prior_21y
2024-25,2025,Robert_Morris,15,1,0,0,0,0.1447,-0.1447,prior_21y
2024-25,2025,Illinois,6,2,1,0,0,0.7952,0.2048,prior_21y
2024-25,2025,Kentucky,3,3,2,0,0,1.9259,0.0741,prior_21y
2024-25,2025,Troy,14,1,0,0,0,0.1392,-0.1392,prior_21y
2024-25,2025,Florida,1,6,6,1,1,3.1071,2.8929,prior_21y
2024-25,2025,Norfolk_State,16,1,0,0,0,0.2857,-0.2857,prior_21y
2024-25,2025,Oklahoma,9,1,0,0,0,0.631,-0.631,prior_21y
2024-25,2025,UConn,8,2,1,0,0,0.7024,0.2976,prior_21y
2024-25,2025,Colorado_State,12,2,1,0,0,0.5233,0.4767,prior_21y
2024-25,2025,Memphis,5,1,0,0,0,1.1829,-1.1829,prior_21y
2024-25,2025,Grand_Canyon,13,1,0,0,0,0.2683,-0.2683,prior_21y
2024-25,2025,Maryland,4,3,2,0,0,1.506,0.494,prior_21y
