year,list,name_on_page,link_target,reason
2006,projected,Saer Sene,Saer Sene,no_match
2007,early_entrant,Saša Čuić,Saša Čuić,no_match
2007,early_entrant,Dwight Brewington,Dwight Brewington,no_match
2007,early_entrant,Reggie Williams,Reggie Williams,no_match
2007,early_entrant,Ralfi Silva Ansaloni,Ralfi Silva Ansaloni,no_match
2007,early_entrant,Stanko Barać,Stanko Barać,no_match
2007,early_entrant,Petteri Koponen,Petteri Koponen,no_match
2007,intl_early_entrant,Ralfi Silva Ansaloni,Ralfi Silva Ansaloni,no_match
2007,intl_early_entrant,Stanko Barać,Stanko Barać,no_match
2007,intl_early_entrant,Petteri Koponen,Petteri Koponen,no_match
2007,withdrawn,Roy Bright,Roy Bright,no_match
2007,withdrawn,Aaron Bruce,Aaron Bruce,no_match
2007,withdrawn,Jaycee Carroll,Jaycee Carroll,no_match
2007,withdrawn,Dan Coleman,Dan Coleman (basketball player),no_match
2007,withdrawn,Chris Daniels,,no_match
2007,withdrawn,DeVon Hardin,DeVon Hardin,no_match
2007,withdrawn,Roy Hibbert,Roy Hibbert,no_match
2007,withdrawn,Dominic James,Dominic James,no_match
2007,withdrawn,Marcel Jones,Marcel Jones,no_match
2007,withdrawn,Joseph Jones,Joseph Jones (basketball player),no_match
2007,withdrawn,Marcelus Kemp,Marcelus Kemp,no_match
2007,withdrawn,James Mays,James Mays,no_match
2007,withdrawn,Bo McCalebb,Bo McCalebb,no_match
2007,withdrawn,Shaun Pruitt,Shaun Pruitt,no_match
2007,withdrawn,Charles Rhodes,Charles Rhodes,no_match
2007,withdrawn,Maurice Rice,Maurice Rice,no_match
2007,withdrawn,Brandon Rush,Brandon Rush,no_match
2007,withdrawn,Sean Singletary,Sean Singletary,no_match
2007,withdrawn,Spencer Tollackson,,no_match
2007,withdrawn,Rodrigue Beaubois,Rodrigue Beaubois,no_match
2007,withdrawn,Hakan Demirel,Hakan Demirel,no_match
2007,withdrawn,Romain Duport,Romain Duport,no_match
2007,withdrawn,Vladimir Golubović,Vladimir Golubović,no_match
2007,withdrawn,Rafael Hettsheimeier,Rafael Hettsheimeier,no_match
2007,withdrawn,Deyan Ivanov,Deyan Ivanov,no_match
2007,withdrawn,Kaloyan Ivanov,Kaloyan Ivanov,no_match
2007,withdrawn,Maxym Ivshyn,Maxym Ivshyn,no_match
2007,withdrawn,Ivan Maraš,Ivan Maraš,no_match
2007,withdrawn,Manuchar Markoishvili,Manuchar Markoishvili,no_match
2007,withdrawn,Douglas Angelo Nunes,Douglas Angelo Nunes,no_match
2007,withdrawn,Caner Öner,Caner Öner,no_match
2007,withdrawn,Miroslav Raduljica,Miroslav Raduljica,no_match
2007,withdrawn,Nikita Shabalkin,Nikita Shabalkin,no_match
2007,withdrawn,Vladimir Štimac,Vladimir Štimac,no_match
2007,withdrawn,Gabriel Szalay,Gabriel Szalay,no_match
2007,withdrawn,Caio Torres,Caio Torres,no_match
2007,withdrawn,Artem Zabelin,Artem Zabelin,no_match
2008,early_entrant,C.J. Giles,,no_match
2008,early_entrant,Jason Bennett,,no_match
2008,early_entrant,Keith Brumbaugh,,no_match
2008,early_entrant,Kiwan Smith,,no_match
2008,early_entrant,Derek Bailey,,no_match
2008,early_entrant,Charles Carter,,no_match
2008,early_entrant,Paul Graham III,,no_match
2008,early_entrant,Kalen Grimes,,no_match
2008,early_entrant,Reggie Huffman,,no_match
2008,early_entrant,Courtney Pigram,,no_match
2008,early_entrant,Bruce Price,,no_match
2008,early_entrant,Gordon Watt,,no_match
2008,early_entrant,Raymond Wright,,no_match
2008,early_entrant,Mladen Jeremić,,no_match
2008,early_entrant,Maxym Korniyenko,,no_match
2008,early_entrant,Maxim Sheleketo,,no_match
2008,early_entrant,Ante Tomic,Ante Tomic,no_match
2008,early_entrant,Maksym Vilkhovetskyi,,no_match
2008,intl_early_entrant,Mladen Jeremić,,no_match
2008,intl_early_entrant,Maxym Korniyenko,,no_match
2008,intl_early_entrant,Maxim Sheleketo,,no_match
2008,intl_early_entrant,Ante Tomic,Ante Tomic,no_match
2008,intl_early_entrant,Maksym Vilkhovetskyi,,no_match
2008,withdrawn,A.J. Abrams,A.J. Abrams,no_match
2008,withdrawn,Josh Akognon,Josh Akognon,no_match
2008,withdrawn,Antonio Anderson,,no_match
2008,withdrawn,Rodrigue Beaubois,,no_match
2008,withdrawn,Mikheil Berishvili,,no_match
2008,withdrawn,Chase Budinger,Chase Budinger,no_match
2008,withdrawn,Derrick Caracter,Derrick Caracter,no_match
2008,withdrawn,Josh Carter,Josh Carter,no_match
2008,withdrawn,DeMarre Carroll,DeMarre Carroll,no_match
2008,withdrawn,Omri Casspi,Omri Casspi,no_match
2008,withdrawn,Victor Claver,,no_match
2008,withdrawn,Nando de Colo,,no_match
2008,withdrawn,Lee Cummard,,no_match
2008,withdrawn,Robert Dozier,Robert Dozier,no_match
2008,withdrawn,Wayne Ellington,Wayne Ellington,no_match
2008,withdrawn,Alonzo Gee,,no_match
2008,withdrawn,Danny Green,Danny Green (basketball),no_match
2008,withdrawn,Lester Hudson,Lester Hudson,no_match
2008,withdrawn,Joe Ingles,Joe Ingles,no_match
2008,withdrawn,Stefon Jackson,,no_match
2008,withdrawn,Jonas Jerebko,,no_match
2008,withdrawn,Tywon Lawson,Tywon Lawson,no_match
2008,withdrawn,Luc Louves,,no_match
2008,withdrawn,Leo Lyons,,no_match
2008,withdrawn,Rudy Mbemba,Rudy Mbemba,no_match
2008,withdrawn,Jerel McNeal,Jerel McNeal,no_match
2008,withdrawn,Henk Norel,,no_match
2008,withdrawn,Jeremy Pargo,Jeremy Pargo,no_match
2008,withdrawn,John Riek,,no_match
2008,withdrawn,Giorgi Shermadini,Giorgi Shermadini,no_match
2008,withdrawn,Josh Shipp,,no_match
2008,withdrawn,Tyler Smith,,no_match
2008,withdrawn,Ronald Steele,Ronald Steele,no_match
2008,withdrawn,Robert Vaden,,no_match
2008,withdrawn,Lorenzo Wade,,no_match
2008,withdrawn,Ronalds Zakis,,no_match
2010,early_entrant,Dee Bost,Dee Bost,no_match
2010,early_entrant,Courtney Fortson,Courtney Fortson,no_match
2010,early_entrant,A. J. Ogilvy,Andrew Ogilvy,no_match
2010,early_entrant,Eniel Polynice,Eniel Polynice,no_match
2010,early_entrant,John Sloan,John Sloan (basketball),no_match
2010,early_entrant,Lazar Trifunovic,Lazar Trifunovic,no_match
2010,early_entrant,C. J. Webster,C. J. Webster,no_match
2010,early_entrant,Stevy Worah-Ozimo,Stevy Worah-Ozimo,no_match
2010,early_entrant,Thomas Heurtel,Thomas Heurtel,no_match
2010,early_entrant,Dusan Korac,Dusan Korac,no_match
2010,early_entrant,Ryan Richards,Ryan Richards,no_match
2010,intl_early_entrant,Thomas Heurtel,Thomas Heurtel,no_match
2010,intl_early_entrant,Dusan Korac,Dusan Korac,no_match
2010,intl_early_entrant,Ryan Richards,Ryan Richards,no_match
2010,auto_eligible,Jason Bennett,,no_match
2010,auto_eligible,Brandon Brown,,no_match
2010,auto_eligible,Kyle Dodd,,no_match
2010,auto_eligible,Josh Dollard,,no_match
2010,auto_eligible,Jerrell Houston,,no_match
2010,auto_eligible,Troy Jackson,,no_match
2010,auto_eligible,Terrence Oglesby,Terrence Oglesby,no_match
2010,auto_eligible,Karolis Petrukonis,,no_match
2010,auto_eligible,Tyler Smith,Tyler Smith (basketball),no_match
2010,auto_eligible,Lucca Staiger,Lucca Staiger,no_match
2010,auto_eligible,Latavious Williams,,no_match
2010,auto_eligible,Jeremy Wise,,no_match
2011,early_entrant,Roscoe Davis,Roscoe Davis,no_match
2011,early_entrant,Mamadou Diarra,,no_match
2011,early_entrant,Scotty Hopson,Scotty Hopson,no_match
2011,early_entrant,Ryan Kelley,Ryan Kelley (basketball),no_match
2011,early_entrant,Dan Kelm,Dan Kelm,no_match
2011,auto_eligible,Michael Dunigan,,no_match
2011,auto_eligible,Ater Majok,Ater Majok,no_match
2011,auto_eligible,Jamine Peterson,,no_match
2011,auto_eligible,Max Zhang,Zhang Zhaoxu,no_match
2012,early_entrant,Erik Austin,Erik Austin,no_match
2012,early_entrant,Moe Harkless,Moe Harkless,no_match
2012,early_entrant,Tony Mitchell,Tony Mitchell (basketball),no_match
2012,early_entrant,Peter Roberson,Peter Roberson (basketball),no_match
2012,early_entrant,Avery Scharer,Avery Scharer,no_match
2012,early_entrant,Jonathan Simmons,Jonathan Simmons,no_match
2012,early_entrant,Hollis Thompson,Hollis Thompson,no_match
2012,early_entrant,Rich Townsend-Gant,Rich Townsend-Gant,no_match
2012,early_entrant,D'Angelo Williams,D'Angelo Williams,no_match
2012,early_entrant,Josep Franch,Josep Franch,no_match
2012,early_entrant,Alen Omic,Alen Omic,no_match
2012,early_entrant,Mathieu Wojciechowski,Mathieu Wojciechowski,no_match
2012,early_entrant,Nihad Đedović,Nihad Đedović,no_match
2012,intl_early_entrant,Josep Franch,Josep Franch,no_match
2012,intl_early_entrant,Alen Omic,Alen Omic,no_match
2012,intl_early_entrant,Mathieu Wojciechowski,Mathieu Wojciechowski,no_match
2012,intl_early_entrant,Nihad Đedović,Nihad Đedović,no_match
2012,auto_eligible,Jet Chang,Chang Tsung-hsien,no_match
2013,early_entrant,C. J. Aiken,C. J. Aiken,no_match
2013,early_entrant,C. J. Leslie,C. J. Leslie,no_match
2013,early_entrant,Norvel Pelle,Norvel Pelle,no_match
2013,early_entrant,Joshua Simmons,Joshua Simmons,no_match
2013,early_entrant,John Taylor,John Taylor (basketball),no_match
2013,early_entrant,B. J. Young,B. J. Young (basketball),no_match
2013,early_entrant,László Dobos,László Dobos,no_match
2013,early_entrant,Bojan Dubljević,Bojan Dubljević,no_match
2013,early_entrant,Livio Jean-Charles,Livio Jean-Charles,no_match
2013,early_entrant,Mindaugas Kupšas,Mindaugas Kupšas,no_match
2013,early_entrant,Augusto César Lima,:es:Augusto Lima,no_match
2013,early_entrant,Alexandre Paranhos,Alexandre Paranhos,no_match
2013,early_entrant,Bogdan Radosavljević,Bogdan Radosavljević,no_match
2013,early_entrant,Strahinja Stojačić,Strahinja Stojačić,no_match
2013,early_entrant,Daniel Theis,Daniel Theis,no_match
2013,early_entrant,Jānis Timma,Jānis Timma,no_match
2013,early_entrant,Marko Todorović,Marko Todorović (basketball),no_match
2013,intl_early_entrant,László Dobos,László Dobos,no_match
2013,intl_early_entrant,Bojan Dubljević,Bojan Dubljević,no_match
2013,intl_early_entrant,Livio Jean-Charles,Livio Jean-Charles,no_match
2013,intl_early_entrant,Mindaugas Kupšas,Mindaugas Kupšas,no_match
2013,intl_early_entrant,Augusto César Lima,:es:Augusto Lima,no_match
2013,intl_early_entrant,Alexandre Paranhos,Alexandre Paranhos,no_match
2013,intl_early_entrant,Bogdan Radosavljević,Bogdan Radosavljević,no_match
2013,intl_early_entrant,Strahinja Stojačić,Strahinja Stojačić,no_match
2013,intl_early_entrant,Daniel Theis,Daniel Theis,no_match
2013,intl_early_entrant,Jānis Timma,Jānis Timma,no_match
2013,intl_early_entrant,Marko Todorović,Marko Todorović (basketball),no_match
2013,auto_eligible,Josiah Turner,Josiah Turner (basketball),no_match
2014,early_entrant,William Alston,William Alston (basketball),no_match
2014,early_entrant,Khem Birch,Khem Birch,no_match
2014,early_entrant,Antonio Rucker,Antonio Rucker,no_match
2014,early_entrant,Nemanja Dangubić,Nemanja Dangubić,no_match
2014,early_entrant,Michalis Kamperidis,Michalis Kamperidis,no_match
2014,early_entrant,Artem Klimenko,Artem Klimenko,no_match
2014,early_entrant,Lucas Mariano,Lucas Mariano,no_match
2014,early_entrant,David Michineau,David Michineau,no_match
2014,early_entrant,Bobby Ray Parks Jr.,Bobby Ray Parks Jr.,no_match
2014,early_entrant,Ojārs Siliņš,Ojārs Siliņš,no_match
2014,intl_early_entrant,Nemanja Dangubić,Nemanja Dangubić,no_match
2014,intl_early_entrant,Michalis Kamperidis,Michalis Kamperidis,no_match
2014,intl_early_entrant,Artem Klimenko,Artem Klimenko,no_match
2014,intl_early_entrant,Lucas Mariano,Lucas Mariano,no_match
2014,intl_early_entrant,David Michineau,David Michineau,no_match
2014,intl_early_entrant,Bobby Ray Parks Jr.,Bobby Ray Parks Jr.,no_match
2014,intl_early_entrant,Ojārs Siliņš,Ojārs Siliņš,no_match
2014,auto_eligible,Aquille Carr,Aquille Carr,no_match
2014,auto_eligible,Amedeo Della Valle,Amedeo Della Valle,no_match
2014,auto_eligible,Sidiki Johnson,Sidiki Johnson,no_match
2014,auto_eligible,Boubacar Moungoro,Boubacar Moungoro,no_match
2014,auto_eligible,Ioannis Papapetrou,Ioannis Papapetrou,no_match
2014,auto_eligible,Norvel Pelle,Norvel Pelle,no_match
2015,early_entrant,Satnam Singh Bhamara,,no_match
2015,early_entrant,Deonta Stocks,,no_match
2015,early_entrant,Dimitrios Agravanis,,no_match
2015,early_entrant,Guillermo Hernangómez,,no_match
2015,early_entrant,Mouhammadou Jaiteh,,no_match
2015,early_entrant,Lee Jong-hyun,,no_match
2015,early_entrant,Nikola Milutinov,,no_match
2015,early_entrant,Nikola Radičević,,no_match
2015,early_entrant,Juan Pablo Vaulet,,no_match
2015,early_entrant,Adin Vrabac,,no_match
2015,intl_early_entrant,Dimitrios Agravanis,,no_match
2015,intl_early_entrant,Guillermo Hernangómez,,no_match
2015,intl_early_entrant,Mouhammadou Jaiteh,,no_match
2015,intl_early_entrant,Lee Jong-hyun,,no_match
2015,intl_early_entrant,Nikola Milutinov,,no_match
2015,intl_early_entrant,Nikola Radičević,,no_match
2015,intl_early_entrant,Juan Pablo Vaulet,,no_match
2015,intl_early_entrant,Adin Vrabac,,no_match
2015,auto_eligible,Isaac Fotu,,no_match
2015,auto_eligible,Jamal Jones,,no_match
2015,auto_eligible,Todd Mayo,,no_match
2015,auto_eligible,Naadir Tharpe,,no_match
2015,auto_eligible,Jarvis Threatt,,no_match
2016,early_entrant,"Anthony ""Cat"" Barber",Anthony Barber (basketball),no_match
2016,early_entrant,Lamous Brown,Lamous Brown,no_match
2016,early_entrant,Cedric Happi Noube,Cedric Happi Noube,no_match
2016,early_entrant,Jordan Hare,Jordan Hare,no_match
2016,early_entrant,Anthony January,Anthony January,no_match
2016,early_entrant,Emmanuel Malou,Emmanuel Malou,no_match
2016,early_entrant,Zak McLaughlin,Zak McLaughlin,no_match
2016,early_entrant,Ingrid Sewa,Ingrid Sewa,no_match
2016,early_entrant,James Webb III,James Webb III,no_match
2016,early_entrant,Gracin Bakumanya,Gracin Bakumanya,no_match
2016,early_entrant,Isaia Cordinier,Isaia Cordinier,no_match
2016,early_entrant,Rade Zagorac,Rade Zagorac,no_match
2016,intl_early_entrant,Gracin Bakumanya,Gracin Bakumanya,no_match
2016,intl_early_entrant,Isaia Cordinier,Isaia Cordinier,no_match
2016,intl_early_entrant,Rade Zagorac,Rade Zagorac,no_match
2016,auto_eligible,Brandon Austin,,no_match
2016,auto_eligible,Georgios Tsalmpouris,,no_match
2017,early_entrant,Isaiah Briscoe,Isaiah Briscoe,no_match
2017,early_entrant,Clandell Cetoute,Clandell Cetoute,no_match
2017,early_entrant,Tony Farmer,"Tony Farmer (basketball, born 1995)",no_match
2017,early_entrant,Isaac Humphries,Isaac Humphries,no_match
2017,early_entrant,Tre Hunter,Tre Hunter,no_match
2017,early_entrant,Eric Mika,Eric Mika,no_match
2017,early_entrant,Cameron Oliver,Cameron Oliver,no_match
2017,early_entrant,Josh Robinson,Josh Robinson (basketball),no_match
2017,early_entrant,Antone Warren,Antone Warren,no_match
2017,early_entrant,Simon Birgander,Simon Birgander,no_match
2017,early_entrant,Luka Božić,Luka Božić (basketball),no_match
2017,early_entrant,Wesley Alves da Silva,Wesley Alves da Silva,no_match
2017,early_entrant,Georginho de Paula,George de Paula,no_match
2017,early_entrant,Jonathan Jeanne,Jonathan Jeanne,no_match
2017,early_entrant,Alpha Kaba,Alpha Kaba,no_match
2017,early_entrant,Tidjane Keita,Tidjane Keita,no_match
2017,intl_early_entrant,Simon Birgander,Simon Birgander,no_match
2017,intl_early_entrant,Luka Božić,Luka Božić (basketball),no_match
2017,intl_early_entrant,Wesley Alves da Silva,Wesley Alves da Silva,no_match
2017,intl_early_entrant,Georginho de Paula,George de Paula,no_match
2017,intl_early_entrant,Jonathan Jeanne,Jonathan Jeanne,no_match
2017,intl_early_entrant,Alpha Kaba,Alpha Kaba,no_match
2017,intl_early_entrant,Tidjane Keita,Tidjane Keita,no_match
2017,auto_eligible,Paris Bass,,no_match
2017,auto_eligible,Lee Moore,,no_match
2017,auto_eligible,Waly Niang,,no_match
2018,early_entrant,Tashawn Berry,Tashawn Berry,no_match
2018,early_entrant,Jordan Brangers,Jordan Brangers,no_match
2018,early_entrant,Elijah Bryant,Elijah Bryant,no_match
2018,early_entrant,Tremaine Fraiser,Tremaine Fraiser,no_match
2018,early_entrant,Wenyen Gabriel,Wenyen Gabriel,no_match
2018,early_entrant,Justin Jackson,"Justin Jackson (basketball, born 1997)",no_match
2018,early_entrant,Ismaila Kane,Ismaila Kane,no_match
2018,early_entrant,Malik Newman,Malik Newman,no_match
2018,early_entrant,Tryggvi Hlinason,Tryggvi Hlinason,no_match
2018,early_entrant,Michał Kolenda,Michał Kolenda,no_match
2018,early_entrant,Williams Narace,Williams Narace,no_match
2018,early_entrant,Issuf Sanon,Issuf Sanon,no_match
2018,early_entrant,Filip Zagrajski,Filip Zagrajski,no_match
2018,intl_early_entrant,Tryggvi Hlinason,Tryggvi Hlinason,no_match
2018,intl_early_entrant,Michał Kolenda,Michał Kolenda,no_match
2018,intl_early_entrant,Williams Narace,Williams Narace,no_match
2018,intl_early_entrant,Issuf Sanon,Issuf Sanon,no_match
2018,intl_early_entrant,Filip Zagrajski,Filip Zagrajski,no_match
2018,auto_eligible,LiAngelo Ball,LiAngelo Ball,no_match
2018,auto_eligible,Darin Johnson,Darin Johnson,no_match
2018,auto_eligible,Billy Preston,Billy Preston (basketball),no_match
2018,auto_eligible,Maverick Rowan,Maverick Rowan,no_match
2019,early_entrant,Iggy Brazdeikis,Iggy Brazdeikis,no_match
2019,early_entrant,Armoni Brooks,Armoni Brooks,no_match
2019,early_entrant,Jason Draggs,Jason Draggs,no_match
2019,early_entrant,Amir Hinton,Amir Hinton,no_match
2019,early_entrant,Daulton Hommes,Daulton Hommes,no_match
2019,early_entrant,Trevor Manuel,Trevor Manuel (basketball),no_match
2019,early_entrant,Jontay Porter,Jontay Porter,no_match
2019,early_entrant,Brandon Randolph,Brandon Randolph,no_match
2019,early_entrant,Austin Robinson,Austin Robinson (basketball),no_match
2019,early_entrant,Ayinde Russell,Ayinde Russell,no_match
2019,early_entrant,Simisola Shittu,Simisola Shittu,no_match
2019,early_entrant,Jalen Sykes,Jalen Sykes,no_match
2019,early_entrant,Lindell Wigginton,Lindell Wigginton,no_match
2019,early_entrant,Yago dos Santos,Yago dos Santos,no_match
2019,early_entrant,Matas Jogėla,Matas Jogėla,no_match
2019,early_entrant,Marcos Louzada Silva,Marcos Louzada Silva,no_match
2019,early_entrant,William McDowell-White,William McDowell-White,no_match
2019,early_entrant,Joshua Obiesie,Joshua Obiesie,no_match
2019,early_entrant,David Okeke,David Okeke,no_match
2019,early_entrant,Yovel Zoosman,Yovel Zoosman,no_match
2019,intl_early_entrant,Yago dos Santos,Yago dos Santos,no_match
2019,intl_early_entrant,Matas Jogėla,Matas Jogėla,no_match
2019,intl_early_entrant,Marcos Louzada Silva,Marcos Louzada Silva,no_match
2019,intl_early_entrant,William McDowell-White,William McDowell-White,no_match
2019,intl_early_entrant,Joshua Obiesie,Joshua Obiesie,no_match
2019,intl_early_entrant,David Okeke,David Okeke,no_match
2019,intl_early_entrant,Yovel Zoosman,Yovel Zoosman,no_match
2019,auto_eligible,Elijah Clarance,Elijah Clarance,no_match
2019,auto_eligible,Jalek Felton,Jalek Felton,no_match
2019,auto_eligible,Harry Froling,Harry Froling,no_match
2019,auto_eligible,Adonys Henriquez,Adonys Henriquez,no_match
2019,auto_eligible,Shawn Lee,Shawn Lee (basketball),no_match
2019,auto_eligible,Marcus LoVett,Marcus LoVett,no_match
2019,auto_eligible,Deon Lyle,Deon Lyle,no_match
2019,auto_eligible,Matur Maker,Matur Maker,no_match
2019,auto_eligible,JaMichael Morgan,JaMichael Morgan,no_match
2019,auto_eligible,Darel Poirier,Darel Poirier,no_match
2019,auto_eligible,Micah Seaborn,Micah Seaborn,no_match
2019,auto_eligible,Tavarius Shine,Tavarius Shine,no_match
2019,auto_eligible,Matej Svoboda,Matej Svoboda,no_match
2019,auto_eligible,Demba Thimbo,Demba Thimbo,no_match
2020,early_entrant,Dakari Johnson,Dakari Johnson (basketball),no_match
2020,early_entrant,Micheal Lenoir,Micheal Lenoir,no_match
2020,early_entrant,Nikolaos Okekuoyen,Nikolaos Okekuoyen,no_match
2020,early_entrant,Ömer Yurtseven,Ömer Yurtseven,no_match
2020,early_entrant,Adrian Bogucki,Adrian Bogucki,no_match
2020,early_entrant,Imru Duke,Imru Duke,no_match
2020,early_entrant,Paul Eboua,Paul Eboua,no_match
2020,early_entrant,Yam Madar,Yam Madar,no_match
2020,early_entrant,Mouhamed Thiam,Mouhamed Thiam,no_match
2020,intl_early_entrant,Adrian Bogucki,Adrian Bogucki,no_match
2020,intl_early_entrant,Imru Duke,Imru Duke,no_match
2020,intl_early_entrant,Paul Eboua,Paul Eboua,no_match
2020,intl_early_entrant,Yam Madar,Yam Madar,no_match
2020,intl_early_entrant,Mouhamed Thiam,Mouhamed Thiam,no_match
2020,auto_eligible,Terry Armstrong,Terry Armstrong (basketball),no_match
2020,auto_eligible,Sam Froling,Sam Froling,no_match
2020,auto_eligible,Sacha Killeya-Jones,Sacha Killeya-Jones,no_match
2020,auto_eligible,Alex Mudronja,Alex Mudronja,no_match
2020,auto_eligible,Kouat Noi,Kouat Noi,no_match
2021,early_entrant,D. J. Carton,D. J. Carton,no_match
2021,early_entrant,Nojel Eastern,Nojel Eastern,no_match
2021,early_entrant,Nah'Shon Hyland,Nah'Shon Hyland,no_match
2021,early_entrant,A. J. Lawson,A. J. Lawson,no_match
2021,early_entrant,Kyree Walker,Kyree Walker,no_match
2021,early_entrant,Isaac Bonton,Isaac Bonton,no_match
2021,early_entrant,Trevion Crews,Trevion Crews,no_match
2021,early_entrant,T. J. Crockett,T. J. Crockett,no_match
2021,early_entrant,Jalen Crutcher,Jalen Crutcher,no_match
2021,early_entrant,Zacchaeus Darko-Kelly,Zacchaeus Darko-Kelly,no_match
2021,early_entrant,Romio Harvey,Romio Harvey,no_match
2021,early_entrant,Anthony Hughes Jr.,Anthony Hughes Jr.,no_match
2021,early_entrant,Caston Jardine,Caston Jardine,no_match
2021,early_entrant,Bryson Johnson,Bryson Johnson,no_match
2021,early_entrant,Kyle Mangas,Kyle Mangas,no_match
2021,early_entrant,Jadyn Michael,Jadyn Michael,no_match
2021,early_entrant,Damek Mitchell,Damek Mitchell,no_match
2021,early_entrant,Matthew Moyer,Matthew Moyer,no_match
2021,early_entrant,EJ Onu,EJ Onu,no_match
2021,early_entrant,Elvin Rodriguez,Elvin Rodriguez,no_match
2021,early_entrant,Chris Smith,"Chris Smith (basketball, born 1999)",no_match
2021,early_entrant,Dru Smith,Dru Smith,no_match
2021,early_entrant,D'Mitrik Trice,D'Mitrik Trice,no_match
2021,early_entrant,Keaton Wallace,Keaton Wallace,no_match
2021,early_entrant,Josh Washburn,Josh Washburn,no_match
2021,early_entrant,Devin Whitfield,Devin Whitfield,no_match
2021,early_entrant,Juhann Begarin,Juhann Begarin,no_match
2021,early_entrant,Vrenz Bleijenbergh,Vrenz Bleijenbergh,no_match
2021,early_entrant,Biram Faye,Biram Faye,no_match
2021,early_entrant,Rokas Jokubaitis,Rokas Jokubaitis,no_match
2021,early_entrant,Amar Sylla,Amar Sylla,no_match
2021,intl_early_entrant,Juhann Begarin,Juhann Begarin,no_match
2021,intl_early_entrant,Vrenz Bleijenbergh,Vrenz Bleijenbergh,no_match
2021,intl_early_entrant,Biram Faye,Biram Faye,no_match
2021,intl_early_entrant,Rokas Jokubaitis,Rokas Jokubaitis,no_match
2021,intl_early_entrant,Amar Sylla,Amar Sylla,no_match
2021,auto_eligible,Owen Hulland,Owen Hulland,no_match
2021,auto_eligible,Isaac White,Isaac White (basketball),no_match
2022,early_entrant,Tyson Etienne,Tyson Etienne,no_match
2022,early_entrant,Jalen Adaway,Jalen Adaway,no_match
2022,early_entrant,James Akinjo,James Akinjo,no_match
2022,early_entrant,Teddy Allen,Teddy Allen (basketball),no_match
2022,early_entrant,Keve Aluma,Keve Aluma,no_match
2022,early_entrant,Eric Ayala,Eric Ayala,no_match
2022,early_entrant,Marcus Azor,Marcus Azor,no_match
2022,early_entrant,David Azore,David Azore,no_match
2022,early_entrant,Evan Battey,Evan Battey,no_match
2022,early_entrant,Justin Bean,Justin Bean,no_match
2022,early_entrant,Jules Bernard,Jules Bernard,no_match
2022,early_entrant,Jamal Bieniemy,Jamal Bieniemy,no_match
2022,early_entrant,Marcus Bingham Jr.,Marcus Bingham Jr.,no_match
2022,early_entrant,Luka Brajkovic,Luka Brajkovic,no_match
2022,early_entrant,Izaiah Brockington,Izaiah Brockington,no_match
2022,early_entrant,Gabe Brown,Gabe Brown,no_match
2022,early_entrant,Tevin Brown,Tevin Brown,no_match
2022,early_entrant,Maurice Calloo,Maurice Calloo,no_match
2022,early_entrant,R. J. Cole,R. J. Cole,no_match
2022,early_entrant,Vince Cole,Vince Cole,no_match
2022,early_entrant,George Conditt IV,George Conditt IV,no_match
2022,early_entrant,Adrian Delph,Adrian Delph,no_match
2022,early_entrant,Michael Devoe,Michael Devoe,no_match
2022,early_entrant,Anthony Duruji,Anthony Duruji,no_match
2022,early_entrant,Kyler Edwards,Kyler Edwards,no_match
2022,early_entrant,Javon Freeman-Liberty,Javon Freeman-Liberty,no_match
2022,early_entrant,Both Gach,Both Gach,no_match
2022,early_entrant,Bryce Hamilton,Bryce Hamilton,no_match
2022,early_entrant,DJ Harvey,DJ Harvey (basketball),no_match
2022,early_entrant,Jericole Hellems,Jericole Hellems,no_match
2022,early_entrant,Cedric Henderson Jr.,Cedric Henderson Jr.,no_match
2022,early_entrant,Bodie Hume,Bodie Hume,no_match
2022,early_entrant,Austin Hutcherson,Austin Hutcherson,no_match
2022,early_entrant,Drake Jeffries,Drake Jeffries,no_match
2022,early_entrant,Andrew Jones,Andrew Jones (basketball),no_match
2022,early_entrant,DeVante' Jones,DeVante' Jones,no_match
2022,early_entrant,Noah Kirkwood,Noah Kirkwood,no_match
2022,early_entrant,Peter Kiss,Peter Kiss (basketball),no_match
2022,early_entrant,David McCormack,David McCormack (basketball),no_match
2022,early_entrant,Trey McGowens,Trey McGowens,no_match
2022,early_entrant,Isaiah Mucius,Isaiah Mucius,no_match
2022,early_entrant,Grayson Murphy,Grayson Murphy (basketball),no_match
2022,early_entrant,Nick Muszynski,Nick Muszynski,no_match
2022,early_entrant,JD Notae,JD Notae,no_match
2022,early_entrant,Ike Obiagu,Ike Obiagu,no_match
2022,early_entrant,Edward Oliver-Hampton,Edward Oliver-Hampton,no_match
2022,early_entrant,Malik Osborne,Malik Osborne,no_match
2022,early_entrant,Anthony Polite,Anthony Polite,no_match
2022,early_entrant,M. J. Randolph,M. J. Randolph,no_match
2022,early_entrant,A. J. Reeves,A. J. Reeves,no_match
2022,early_entrant,Ronaldo Segu,Ronaldo Segu,no_match
2022,early_entrant,Jaylen Sims,Jaylen Sims,no_match
2022,early_entrant,Amadou Sow,Amadou Sow,no_match
2022,early_entrant,Seth Stanley,Seth Stanley,no_match
2022,early_entrant,Gabe Stefanini,Gabe Stefanini,no_match
2022,early_entrant,Sasha Stefanovic,Sasha Stefanovic,no_match
2022,early_entrant,Au'Diese Toney,Au'Diese Toney,no_match
2022,early_entrant,Ryan Turell,Ryan Turell,no_match
2022,early_entrant,Dallas Walton,Dallas Walton,no_match
2022,early_entrant,Collin Welp,Collin Welp,no_match
2022,early_entrant,Aaron Wheeler,Aaron Wheeler (basketball),no_match
2022,early_entrant,Khristien White,Khristien White,no_match
2022,early_entrant,Jeenathan Williams,Jeenathan Williams,no_match
2022,early_entrant,Trevion Williams,Trevion Williams,no_match
2022,early_entrant,Ibou Badji,Ibou Dianko Badji,no_match
2022,early_entrant,Hugo Besson,Hugo Besson,no_match
2022,early_entrant,Khalifa Diop,Khalifa Diop,no_match
2022,early_entrant,Ismaël Kamagate,Ismaël Kamagate,no_match
2022,early_entrant,Yannick Nzosa,Yannick Nzosa,no_match
2022,early_entrant,Gabriele Procida,Gabriele Procida,no_match
2022,early_entrant,Žiga Samar,Žiga Samar,no_match
2022,early_entrant,Pavel Savkov,Pavel Savkov,no_match
2022,early_entrant,Kai Sotto,Kai Sotto,no_match
2022,early_entrant,Matteo Spagnolo,Matteo Spagnolo,no_match
2022,intl_early_entrant,Ibou Badji,Ibou Dianko Badji,no_match
2022,intl_early_entrant,Hugo Besson,Hugo Besson,no_match
2022,intl_early_entrant,Khalifa Diop,Khalifa Diop,no_match
2022,intl_early_entrant,Ismaël Kamagate,Ismaël Kamagate,no_match
2022,intl_early_entrant,Yannick Nzosa,Yannick Nzosa,no_match
2022,intl_early_entrant,Gabriele Procida,Gabriele Procida,no_match
2022,intl_early_entrant,Žiga Samar,Žiga Samar,no_match
2022,intl_early_entrant,Pavel Savkov,Pavel Savkov,no_match
2022,intl_early_entrant,Kai Sotto,Kai Sotto,no_match
2022,intl_early_entrant,Matteo Spagnolo,Matteo Spagnolo,no_match
2022,auto_eligible,Makur Maker,Makur Maker,no_match
2023,early_entrant,Marcus Bagley,Marcus Bagley,no_match
2023,early_entrant,Charles Bediako,Charles Bediako,no_match
2023,early_entrant,Tyrese Wineglass,Tyrese Wineglass,no_match
2023,early_entrant,Kaodirichi Akobundu-Ehiogu,Kaodirichi Akobundu-Ehiogu,no_match
2023,early_entrant,Damezi Anderson Jr.,Damezi Anderson Jr.,no_match
2023,early_entrant,Chase Audige,Chase Audige,no_match
2023,early_entrant,Grant Basile,Grant Basile,no_match
2023,early_entrant,Manny Bates,Manny Bates,no_match
2023,early_entrant,Damion Baugh,Damion Baugh,no_match
2023,early_entrant,Tyger Campbell,Tyger Campbell,no_match
2023,early_entrant,Yuri Collins,Yuri Collins,no_match
2023,early_entrant,Alou Dillon,Alou Dillon,no_match
2023,early_entrant,Armaan Franklin,Armaan Franklin,no_match
2023,early_entrant,Myron Gardner,Myron Gardner,no_match
2023,early_entrant,De'Vion Harmon,De'Vion Harmon,no_match
2023,early_entrant,Joey Hauser,Joey Hauser,no_match
2023,early_entrant,Jackson Kenyon,Jackson Kenyon,no_match
2023,early_entrant,Demetrius Mims,Demetrius Mims,no_match
2023,early_entrant,Omari Moore,Omari Moore,no_match
2023,early_entrant,Landers Nolley II,Landers Nolley II,no_match
2023,early_entrant,Jack Nunge,Jack Nunge,no_match
2023,early_entrant,Nick Ongenda,Nick Ongenda,no_match
2023,early_entrant,Uroš Plavšić,Uroš Plavšić,no_match
2023,early_entrant,Terry Roberts,Terry Roberts (basketball),no_match
2023,early_entrant,Grant Sherfield,Grant Sherfield,no_match
2023,early_entrant,Dontrell Shuler,Dontrell Shuler,no_match
2023,early_entrant,Malachi Smith,Malachi Smith (basketball),no_match
2023,early_entrant,Justice Sueing,Justice Sueing,no_match
2023,early_entrant,Drew Timme,Drew Timme,no_match
2023,early_entrant,Tyler Willoughby,Tyler Willoughby,no_match
2023,early_entrant,Jordan Haber,Jordan Haber,no_match
2023,early_entrant,Nadir Hifi,Nadir Hifi,no_match
2023,early_entrant,James Nnaji,James Nnaji,no_match
2023,early_entrant,Marcio Santos,Marcio Santos (basketball),no_match
2023,early_entrant,Enzo Shahrvin,Enzo Shahrvin,no_match
2023,intl_early_entrant,Nadir Hifi,Nadir Hifi,no_match
2023,intl_early_entrant,James Nnaji,James Nnaji,no_match
2023,intl_early_entrant,Marcio Santos,Marcio Santos (basketball),no_match
2023,intl_early_entrant,Enzo Shahrvin,Enzo Shahrvin,no_match
2023,auto_eligible,Lat Mayen,Lat Mayen,no_match
2024,early_entrant,Carlos Nichols,Carlos Nichols,no_match
2024,early_entrant,Jesse Bingham II,Jesse Bingham II,no_match
2024,early_entrant,Jack Brestel,Jack Brestel,no_match
2024,early_entrant,David Jones,David Jones (basketball),no_match
2024,early_entrant,Tiras Morton,Tiras Morton,no_match
2024,early_entrant,Melvin Ajinça,Melvin Ajinça,no_match
2024,early_entrant,Cui Yongxi,Cui Yongxi,no_match
2024,early_entrant,Lucas Dufeal,Lucas Dufeal,no_match
2024,early_entrant,Nikola Đurišić,Nikola Đurišić,no_match
2024,early_entrant,Quinn Ellis,Quinn Ellis,no_match
2024,early_entrant,Gustav Knudsen,Gustav Knudsen,no_match
2024,early_entrant,Juan Núñez,Juan Núñez (basketball),no_match
2024,early_entrant,Cezar Unitu,Cezar Unitu,no_match
2024,early_entrant,Jalen Lewis,Jalen Lewis,no_match
2024,early_entrant,Babacar Sané,Babacar Sané,no_match
2024,early_entrant,Bryson Warren,Bryson Warren,no_match
2024,intl_early_entrant,Melvin Ajinça,Melvin Ajinça,no_match
2024,intl_early_entrant,Cui Yongxi,Cui Yongxi,no_match
2024,intl_early_entrant,Lucas Dufeal,Lucas Dufeal,no_match
2024,intl_early_entrant,Nikola Đurišić,Nikola Đurišić,no_match
2024,intl_early_entrant,Quinn Ellis,Quinn Ellis,no_match
2024,intl_early_entrant,Gustav Knudsen,Gustav Knudsen,no_match
2024,intl_early_entrant,Juan Núñez,Juan Núñez (basketball),no_match
2024,intl_early_entrant,Cezar Unitu,Cezar Unitu,no_match
2025,early_entrant,Omar Rowe,Omar Rowe (basketball),no_match
2025,early_entrant,Izan Almansa,Izan Almansa,no_match
2025,early_entrant,Ousmane N'Diaye,Ousmane N'Diaye (basketball),no_match
2025,early_entrant,Eli Ndiaye,Eli Ndiaye,no_match
2025,early_entrant,Saliou Niang,Saliou Niang,no_match
2025,early_entrant,Alex Toohey,Alex Toohey,no_match
2025,early_entrant,Isaac Nogués,Isaac Nogués,no_match
2025,early_entrant,Dink Pate,Dink Pate,no_match
2025,intl_early_entrant,Izan Almansa,Izan Almansa,no_match
2025,intl_early_entrant,Ousmane N'Diaye,Ousmane N'Diaye (basketball),no_match
2025,intl_early_entrant,Eli Ndiaye,Eli Ndiaye,no_match
2025,intl_early_entrant,Saliou Niang,Saliou Niang,no_match
2025,intl_early_entrant,Alex Toohey,Alex Toohey,no_match
2026,early_entrant,Mohammad Amini,Mohammad Amini,no_match
2026,early_entrant,Vsevolod Ischenko,Vsevolod Ischenko,no_match
2026,intl_early_entrant,Mohammad Amini,Mohammad Amini,no_match
2026,intl_early_entrant,Vsevolod Ischenko,Vsevolod Ischenko,no_match
