pid,draft_year,vcons_mock_mean_rank,vcons_mock_best_rank,vcons_mock_rank_range,vcons_mock_n_sources
P0f110bb83f,2007,36,36,,1
P12dc2a4dac,2007,7.5,7,1,2
P1311f2955b,2007,30,21,18,2
P168e9ad8d4,2007,36.5,26,21,2
P2224af8be2,2007,1,1,0,2
P23d9f5804f,2007,8,6,4,2
P243742fc34,2007,19,15,8,2
P25a045baff,2007,13.5,11,5,2
P2f5200d27c,2007,14.5,14,1,2
P40c501f5d6,2007,34,34,,1
P41fad117db,2007,28,28,,1
P42adf8ab25,2007,23,21,4,2
P473b24f6eb,2007,38,38,,1
P49b077589e,2007,11,11,,1
P4a79922b86,2007,8.5,8,1,2
P544e2d56ac,2007,43,43,,1
P56d107e80a,2007,53,53,,1
P5713a8b541,2007,2,2,0,2
P61624e71c6,2007,25,25,,1
P6525188e53,2007,31,31,,1
P67d2056db6,2007,19,19,,1
P6950e00d3b,2007,23,18,10,2
P6a22b03d03,2007,32,29,6,2
P7703cc27be,2007,26,26,,1
P8bc7e2260e,2007,17,14,6,2
P8e68185705,2007,32,32,,1
P93e1b535ab,2007,35.5,27,17,2
P971be31864,2007,26.5,20,13,2
P9bd8ef5672,2007,60,60,,1
Pa610141ccc,2007,52,52,,1
Pac5bd0e496,2007,37,37,,1
Pad16010a79,2007,9.5,9,1,2
Pb70d7d0b57,2007,23.5,23,1,2
Pba0c961d37,2007,3.5,3,1,2
Pc544b8efa0,2007,20,16,8,2
Pcb5c1e8ac6,2007,49,49,,1
Pcd53db286a,2007,22.5,18,9,2
Pd1415c96b7,2007,35.5,30,11,2
Pd35ff5934d,2007,4.5,3,3,2
Pd6f3aa739f,2007,15,13,4,2
Pd84423f7e2,2007,12,12,0,2
Pd9ad951135,2007,22,22,0,2
Pdd125f24cc,2007,15,13,4,2
Pea4d2012e7,2007,6,5,2,2
Pf5e2b9f7f1,2007,30,30,,1
Pf6d18cb839,2007,54,54,,1
P16bd14d8e6,2008,47,47,,1
P246009ab63,2008,43,43,,1
P2d45174d7f,2008,1.5,1,1,2
P2e38e474e2,2008,18.5,14,9,2
P2fe87c73a6,2008,20.5,19,3,2
P376f10f64c,2008,11.5,10,3,2
P3d1eff1bca,2008,17,17,,1
P41bc73e83b,2008,38,38,,1
P4afc5fb3f7,2008,15.5,11,9,2
P4b06d66b80,2008,50,50,,1
P4b0ccf34e0,2008,16,10,12,2
P4b40cf78ae,2008,30.5,26,9,2
P4e0fbd7a78,2008,27,26,2,2
P51f87bc5f4,2008,27,20,14,2
P552ea773e2,2008,4.5,4,1,2
P5f07dfebd6,2008,4.5,3,3,2
P67ee7c4408,2008,11.5,11,1,2
P6dfb5df5c6,2008,32.5,23,19,2
P722aa856f7,2008,1.5,1,1,2
P7c1c1e7eac,2008,10.5,9,3,2
P7c81e9aca5,2008,8.5,8,1,2
P7e5e28e6b3,2008,23,21,4,2
P82dd1ca59f,2008,45,45,,1
P8482acfde2,2008,53,53,,1
P94bbcbe8b9,2008,51,51,,1
P969f2b1c13,2008,32,32,,1
P9f5758481a,2008,40,40,,1
Pab534e249b,2008,15.5,14,3,2
Pab86c7dfaf,2008,3.5,3,1,2
Pad8df3794d,2008,46,46,,1
Pc3a5f10000,2008,18.5,13,11,2
Pd19bde5a19,2008,27,27,0,2
Pd2241d6e4b,2008,29,29,,1
Pd43d378f42,2008,11,7,8,2
Pda7ff44e77,2008,16.5,15,3,2
Pdb3f441dab,2008,25,21,8,2
Pdfe2a49906,2008,7.5,7,1,2
Pe67238da8c,2008,33,33,,1
Peda84f3898,2008,5.5,5,1,2
Pf14243ec5e,2008,39,39,,1
Pf1e6555cfc,2008,24.5,24,1,2
Pfcb4575061,2008,17,16,2,2
Pffe825f9b7,2008,30,30,0,2
P0086aec335,2009,13,8,10,2
P117b8ca478,2009,57,57,,1
P146ec7320a,2009,1,1,0,2
P16997d7184,2009,60,60,,1
P1738f63a26,2009,20.5,13,15,2
P20418f8d52,2009,15,13,4,2
P22c8154970,2009,2,2,,1
P26f8dd510c,2009,3.5,3,1,2
P2acc089d0e,2009,3.5,2,3,2
P322900af3b,2009,45,42,6,2
P3326a2a68b,2009,36,36,,1
P3391f209f3,2009,3.5,3,1,2
P38fd19ed26,2009,42,29,26,2
P4417860ddd,2009,25,25,0,2
P456fdc6328,2009,45.5,45,1,2
P4b1ba6339f,2009,52,52,,1
P4b68bd7095,2009,54,52,4,2
P4c4f563b8c,2009,27.5,26,3,2
P52f9046b71,2009,6.5,6,1,2
P56bb4beeed,2009,38,32,12,2
P57802757ed,2009,38,38,,1
P57a6e7dc53,2009,45,41,8,2
P5e4e4a8cf1,2009,20,19,2,2
P60425a0c89,2009,16,11,10,2
P6fd4123c4d,2009,16,16,,1
P7b8c6b66e0,2009,8.5,8,1,2
P7d7c4d5568,2009,28.5,22,13,2
P8514f39741,2009,39.5,34,11,2
P8afd917a6c,2009,27,23,8,2
P922c03ccad,2009,19,14,10,2
P977d8b209e,2009,31,30,2,2
Pab257f8a15,2009,23,23,,1
Pad8e6fd6b0,2009,13,6,14,2
Pc430805a15,2009,11.5,11,1,2
Pc643573699,2009,31,28,6,2
Pc99e2f6730,2009,40,40,,1
Pe2d0a4cddd,2009,15,15,0,2
Pe79f6d1bdb,2009,18.5,10,17,2
Pe7ad570728,2009,27,27,,1
Pef77516e2b,2009,9.5,9,1,2
Pfd96fb33e5,2009,40,40,,1
P0aa146e53e,2010,36,31,10,2
P0d0da4d2bc,2010,21.5,18,7,2
P10d0b75bed,2010,13,11,4,2
P11d27a665c,2010,44,41,6,2
P1402e898dc,2010,11,8,6,2
P24b8a1c556,2010,30,28,4,2
P297adbbd5f,2010,6.5,6,1,2
P2c1e066057,2010,31.5,27,9,2
P38bff88a77,2010,23.5,20,7,2
P3d55371834,2010,26,19,14,2
P3f25ee2633,2010,12.5,12,1,2
P433bbb1ab7,2010,47.5,39,17,2
P440f6cc00f,2010,27,22,10,2
P4570803785,2010,52.5,51,3,2
P4793f789c0,2010,35.5,28,15,2
P4d2f3d5dbd,2010,19.5,18,3,2
P502aba077e,2010,19.5,16,7,2
P54e531f2ec,2010,28.5,22,13,2
P581e368d46,2010,58.5,58,1,2
P6f36cd1fed,2010,11.5,8,7,2
P6ff85cb7e1,2010,50.5,49,3,2
P7072c546bd,2010,47.5,38,19,2
P780225999f,2010,32,30,4,2
P7e584efe40,2010,11.5,9,5,2
P7f86ce09cc,2010,11.5,11,1,2
P809c73ddd0,2010,50,50,,1
P815e63680a,2010,30,24,12,2
P830611c613,2010,20,17,6,2
P871b04878c,2010,15,13,4,2
P8fac339738,2010,9.5,9,1,2
P966e81614a,2010,29.5,21,17,2
P96ac6f0cd3,2010,43,33,20,2
P97ae54051b,2010,13,10,6,2
P9c4bb7f4c2,2010,56,56,,1
Pa56ca2c36c,2010,26.5,24,5,2
Pabb4255b19,2010,26,26,,1
Pb3be83363c,2010,6.5,6,1,2
Pb46ac34cd7,2010,24.5,19,11,2
Pc58bcc8049,2010,5,5,0,2
Pc62b6f4e46,2010,57.5,55,5,2
Pc781d37e72,2010,54,54,,1
Pcc98298533,2010,3,3,0,2
Pd01ecb3669,2010,1,1,0,2
Pd646388a2b,2010,22.5,20,5,2
Pdc16ca4e2e,2010,32,29,6,2
Pdcb8ac9b93,2010,45,42,6,2
Pe03992058c,2010,43.5,42,3,2
Pe6ceea2b5e,2010,51,51,,1
Pe82bc0553e,2010,32.5,26,13,2
Pe97fa79993,2010,45,40,10,2
Peb88f22502,2010,4,4,0,2
Pec2bc35d4f,2010,37,37,0,2
Ped95bfcd7e,2010,2,2,0,2
P0c700e1af1,2011,21,21,0,2
P13a0e44cab,2011,56,54,4,2
P148aecdd52,2011,12,8,8,2
P22add316a5,2011,8,7,2,2
P2606a3d161,2011,26.5,26,1,2
P268ca85d2e,2011,12,9,6,2
P2c06075e55,2011,33.5,25,17,2
P2d49f5a403,2011,16,15,2,2
P2e873db9ac,2011,27,25,4,2
P2e890c30d2,2011,8,5,6,2
P31bc34ca23,2011,27.5,26,3,2
P355f728583,2011,41,34,14,2
P36b818b767,2011,36.5,30,13,2
P3ce7981258,2011,52,52,,1
P3e5e9d6579,2011,35,33,4,2
P3ef4d7a55a,2011,10,7,6,2
P42d7cc83b1,2011,56,56,,1
P43d78a0411,2011,38,35,6,2
P477dab5e0e,2011,60,60,,1
P47e2698d94,2011,21,19,4,2
P495da5b1cd,2011,46,43,6,2
P4a7a8900d7,2011,4,3,2,2
P4d8e3ba87c,2011,51.5,44,15,2
P4ec69893f6,2011,6,6,0,2
P52af59d765,2011,37.5,37,1,2
P53502448c1,2011,35,31,8,2
P575f19a655,2011,1,1,0,2
P5969d3ea2a,2011,3,2,2,2
P629d2ef8de,2011,44,42,4,2
P69e13b90fc,2011,26,24,4,2
P701bdb09e4,2011,13,12,2,2
P749792a28d,2011,34,27,14,2
P74ab2a2c37,2011,31,28,6,2
P7c4530d600,2011,53,51,4,2
P7f14bdd3aa,2011,59,59,,1
P85135a294f,2011,35.5,32,7,2
P96af95e7fd,2011,43.5,40,7,2
P9cc36d2c64,2011,27.5,24,7,2
P9e7b32dc92,2011,14.5,11,7,2
Pa98bcc077b,2011,37,36,2,2
Paef9538004,2011,50.5,48,5,2
Pb035a35ee9,2011,2.5,2,1,2
Pb0e43997bd,2011,10,10,0,2
Pb5da2dd439,2011,8,4,8,2
Pbbfb6a2c4a,2011,16.5,16,1,2
Pc4acbf93e3,2011,34.5,33,3,2
Pc5e44c9142,2011,21,19,4,2
Pc8dae45369,2011,10.5,8,5,2
Pce366ff1b3,2011,16,14,4,2
Pce627023f0,2011,22,22,0,2
Pd11fd10026,2011,49.5,46,7,2
Pd30706ab20,2011,56,56,,1
Pd9bc466fd2,2011,35,30,10,2
Pde91f9542b,2011,33.5,32,3,2
Pe0ab16a2ed,2011,58,58,,1
Pe1228b6b2c,2011,20,20,0,2
Pe6bde91a1f,2011,45.5,44,3,2
P0267b55e6b,2012,43,43,,1
P093d3a11ad,2012,47,47,0,2
P0dca4f55c4,2012,43,34,18,2
P163aa00374,2012,1,1,0,2
P1ba89514b1,2012,43,40,6,2
P2320c27578,2012,9,8,2,2
P272afc1b90,2012,4,4,,1
P2db62bcb6f,2012,49,49,,1
P319cf0c2e0,2012,43,38,10,2
P31e884be2b,2012,36,33,6,2
P337fb06bb7,2012,46.5,42,9,2
P3f927eeca6,2012,12.5,11,3,2
P400aecdd2c,2012,10,9,2,2
P404f9fdfb6,2012,45,45,,1
P41b1bb4705,2012,30.5,30,1,2
P43f8251240,2012,7.5,7,1,2
P47044d9385,2012,21.5,21,1,2
P47e358160b,2012,32,28,8,2
P4b46fb5c89,2012,36.5,35,3,2
P4bc4764e2a,2012,35.5,32,7,2
P4d2e34ba12,2012,12,10,4,2
P4e4e438f6e,2012,8,7,2,2
P52c65c114a,2012,30.5,30,1,2
P6d4d3ba13b,2012,32.5,32,1,2
P711641b36d,2012,56,56,,1
P798e5b71ce,2012,29,29,0,2
P838aeb9cb6,2012,21.5,18,7,2
P83b3d780d7,2012,21,19,4,2
P86f7665380,2012,34,34,,1
P8d6fb61ea0,2012,17.5,15,5,2
P8e2f7481af,2012,48.5,44,9,2
P91c52ea937,2012,58,58,,1
P9fd176d178,2012,55.5,54,3,2
Pa260a40e68,2012,3,3,0,2
Pa3f9e715ae,2012,24.5,24,1,2
Pa548aa166c,2012,26,26,0,2
Paa36360f59,2012,48.5,42,13,2
Pb172e7dcfc,2012,28,28,,1
Pb5ebcb5d6c,2012,4.5,4,1,2
Pbc5d4fc393,2012,12,12,0,2
Pbf890a872a,2012,49.5,43,13,2
Pc0b16a51f2,2012,50,50,0,2
Pc2a67f2add,2012,20.5,19,3,2
Pc3d030ae81,2012,13,13,0,2
Pc6c9992e46,2012,25.5,24,3,2
Pc8a80657b3,2012,37,37,0,2
Pca1e2194fa,2012,19,18,2,2
Pcfae2f19b7,2012,19,17,4,2
Pd9273beb4e,2012,43,35,16,2
Pded0fedf79,2012,56.5,53,7,2
Pefaae49c8b,2012,25,23,4,2
Pf2c709b50b,2012,40,40,,1
Pf849910cdc,2012,2,2,0,2
Pf9e0178b31,2012,6,6,0,2
Pff7518dc75,2012,49,49,,1
P00193b3ed9,2013,5.5,4,3,2
P1100d011d0,2013,14.5,12,5,2
P15f2c20d7d,2013,54,54,,1
P17a4a5cfae,2013,21,20,2,2
P24a562f4ba,2013,56,56,,1
P31b4a243f7,2013,16.5,14,5,2
P36eaf9779b,2013,44.5,33,23,2
P36f801ddc1,2013,15,14,2,2
P398088f587,2013,13,13,,1
P3cb5a9e68b,2013,10,8,4,2
P3ede0fa0b1,2013,2,2,0,2
P45b94f1aab,2013,38,36,4,2
P467b7b3f59,2013,46,46,,1
P488064c36d,2013,34,34,,1
P56b91ee390,2013,43.5,43,1,2
P58c3f134a2,2013,24.5,22,5,2
P591a253b3e,2013,51,51,,1
P5d0988f1e1,2013,29.5,28,3,2
P5e50445e82,2013,54,53,2,2
P607c704c53,2013,42.5,37,11,2
P622332ff90,2013,33,28,10,2
P6258e82584,2013,6,6,0,2
P6a23d47737,2013,9,9,,1
P70fe638043,2013,32.5,31,3,2
P73a117bd09,2013,45,45,,1
P824176de50,2013,18,18,0,2
P83fd4822e5,2013,42,42,,1
P84101ffd6c,2013,9.5,8,3,2
P84dee8d837,2013,10,10,0,2
P854bff0ae3,2013,3,1,4,2
P8aa2e06ade,2013,52,46,12,2
P93a13b19c2,2013,15,15,0,2
P9702e35c0a,2013,18.5,11,15,2
Pa0a2c9503f,2013,59,59,,1
Pa33d5803eb,2013,45.5,39,13,2
Pb10604e423,2013,45,42,6,2
Pb18185e9fe,2013,23,23,0,2
Pca1c024cab,2013,6,5,2,2
Pcad0645e5a,2013,25,25,0,2
Pccb83c9fcb,2013,26,19,14,2
Pd2b56a96a1,2013,36.5,35,3,2
Pdbcc4b2801,2013,29.5,27,5,2
Pde25a111c0,2013,2.5,1,3,2
Pea46ee56c1,2013,30,30,,1
Pecca0a47dd,2013,55,50,10,2
Pef94ae3f83,2013,34.5,29,11,2
Pf1323eea4d,2013,59,58,2,2
Pf1615243ab,2013,49.5,47,5,2
Pf209014384,2013,50,47,6,2
Pf825457ab4,2013,22,20,4,2
Pfb1f867cde,2013,27,24,6,2
P0a4bbd8b0a,2014,5,5,0,2
P1044a073cf,2014,5,4,2,2
P11fb43c4ea,2014,8,8,0,2
P12d1ca8d35,2014,11.5,10,3,2
P1dca1ecf2b,2014,7,7,0,2
P2171d2817b,2014,3,3,0,2
P23f1ba707f,2014,2,2,0,2
P24fc987f38,2014,32,29,6,2
P25150e1302,2014,41,41,,1
P2f95e0c256,2014,12.5,9,7,2
P31e153a014,2014,36.5,26,21,2
P331cffbdbb,2014,49,48,2,2
P360c31499c,2014,24.5,20,9,2
P3997afa4f2,2014,14.5,12,5,2
P44154d877a,2014,32.5,30,5,2
P465ab55c02,2014,12.5,11,3,2
P49827cf895,2014,16,15,2,2
P4f181909b7,2014,20,15,10,2
P59ddf4705a,2014,58,58,,1
P5c19a79a93,2014,20.5,20,1,2
P6cee28a4f3,2014,25,22,6,2
P6e49424689,2014,47.5,43,9,2
P7f1d080745,2014,13.5,11,5,2
P83de6de3ec,2014,45,45,,1
P8c2c5e7b71,2014,60,60,,1
P8c383a7533,2014,49,49,,1
P944e30c99c,2014,45,36,18,2
P962232fdc6,2014,43,43,,1
P96c6ba4e0f,2014,11.5,10,3,2
P9da0cf7014,2014,59,59,,1
Pa47459a77d,2014,58,58,,1
Pa5d86611c0,2014,47,47,,1
Pa9426d162d,2014,18.5,18,1,2
Pab87e9a8b8,2014,36.5,33,7,2
Paf95fb158c,2014,15,12,6,2
Pb51c66667f,2014,41.5,37,9,2
Pb59be03b24,2014,46,36,20,2
Pb8a773b356,2014,44,44,,1
Pbac4f67696,2014,35.5,31,9,2
Pbed27928bf,2014,39,39,,1
Pc0fff42784,2014,53,53,,1
Pc7e0f691c6,2014,11.5,9,5,2
Pc9a1f10582,2014,5,4,2,2
Pccdaab2014,2014,31,30,2,2
Pd35ff11e6d,2014,44,39,10,2
Pd5729dac8f,2014,29.5,26,7,2
Pd8244d9a42,2014,27.5,27,1,2
Pd856b04e96,2014,56,56,,1
Pd907989bcb,2014,25.5,24,3,2
Pdb1689c286,2014,1,1,0,2
Pdd79d6ef7f,2014,21,21,,1
Pe966e23e9c,2014,28.5,23,11,2
Pea7725adea,2014,22,19,6,2
Pf78412d8c5,2014,37.5,37,1,2
Pf7c7a85a9a,2014,23,22,2,2
Pfe357344e4,2014,27,23,8,2
