pid,draft_year,vcons_dx_rank,vcons_nbadraft_rank,vcons_walter_rank
P0f110bb83f,2007,36,,
P12dc2a4dac,2007,7,,8
P1311f2955b,2007,39,,21
P168e9ad8d4,2007,47,,26
P2224af8be2,2007,1,,1
P23d9f5804f,2007,10,,6
P243742fc34,2007,15,,23
P25a045baff,2007,16,,11
P2f5200d27c,2007,14,,15
P40c501f5d6,2007,34,,
P41fad117db,2007,28,,
P42adf8ab25,2007,21,,25
P473b24f6eb,2007,38,,
P49b077589e,2007,11,,
P4a79922b86,2007,8,,9
P544e2d56ac,2007,43,,
P56d107e80a,2007,53,,
P5713a8b541,2007,2,,2
P61624e71c6,2007,25,,
P6525188e53,2007,31,,
P67d2056db6,2007,19,,
P6950e00d3b,2007,18,,28
P6a22b03d03,2007,35,,29
P7703cc27be,2007,26,,
P8bc7e2260e,2007,20,,14
P8e68185705,2007,32,,
P93e1b535ab,2007,44,,27
P971be31864,2007,33,,20
P9bd8ef5672,2007,60,,
Pa610141ccc,2007,52,,
Pac5bd0e496,2007,37,,
Pad16010a79,2007,9,,10
Pb70d7d0b57,2007,23,,24
Pba0c961d37,2007,3,,4
Pc544b8efa0,2007,24,,16
Pcb5c1e8ac6,2007,49,,
Pcd53db286a,2007,27,,18
Pd1415c96b7,2007,41,,30
Pd35ff5934d,2007,6,,3
Pd6f3aa739f,2007,17,,13
Pd84423f7e2,2007,12,,12
Pd9ad951135,2007,22,,22
Pdd125f24cc,2007,13,,17
Pea4d2012e7,2007,5,,7
Pf5e2b9f7f1,2007,30,,
Pf6d18cb839,2007,54,,
P16bd14d8e6,2008,47,,
P246009ab63,2008,43,,
P2d45174d7f,2008,2,,1
P2e38e474e2,2008,23,,14
P2fe87c73a6,2008,19,,22
P376f10f64c,2008,10,,13
P3d1eff1bca,2008,17,,
P41bc73e83b,2008,38,,
P4afc5fb3f7,2008,20,,11
P4b06d66b80,2008,50,,
P4b0ccf34e0,2008,22,,10
P4b40cf78ae,2008,35,,26
P4e0fbd7a78,2008,26,,28
P51f87bc5f4,2008,34,,20
P552ea773e2,2008,5,,4
P5f07dfebd6,2008,3,,6
P67ee7c4408,2008,11,,12
P6dfb5df5c6,2008,42,,23
P722aa856f7,2008,1,,2
P7c1c1e7eac,2008,12,,9
P7c81e9aca5,2008,9,,8
P7e5e28e6b3,2008,25,,21
P82dd1ca59f,2008,45,,
P8482acfde2,2008,53,,
P94bbcbe8b9,2008,51,,
P969f2b1c13,2008,32,,
P9f5758481a,2008,40,,
Pab534e249b,2008,14,,17
Pab86c7dfaf,2008,4,,3
Pad8df3794d,2008,46,,
Pc3a5f10000,2008,13,,24
Pd19bde5a19,2008,27,,27
Pd2241d6e4b,2008,29,,
Pd43d378f42,2008,7,,15
Pda7ff44e77,2008,15,,18
Pdb3f441dab,2008,21,,29
Pdfe2a49906,2008,8,,7
Pe67238da8c,2008,33,,
Peda84f3898,2008,6,,5
Pf14243ec5e,2008,39,,
Pf1e6555cfc,2008,24,,25
Pfcb4575061,2008,18,,16
Pffe825f9b7,2008,30,,30
P0086aec335,2009,8,18,
P117b8ca478,2009,,57,
P146ec7320a,2009,1,1,
P16997d7184,2009,,60,
P1738f63a26,2009,28,13,
P20418f8d52,2009,13,17,
P22c8154970,2009,,2,
P26f8dd510c,2009,4,3,
P2acc089d0e,2009,2,5,
P322900af3b,2009,42,48,
P3326a2a68b,2009,,36,
P3391f209f3,2009,3,4,
P38fd19ed26,2009,55,29,
P4417860ddd,2009,25,25,
P456fdc6328,2009,46,45,
P4b1ba6339f,2009,52,,
P4b68bd7095,2009,56,52,
P4c4f563b8c,2009,29,26,
P52f9046b71,2009,6,7,
P56bb4beeed,2009,44,32,
P57802757ed,2009,,38,
P57a6e7dc53,2009,49,41,
P5e4e4a8cf1,2009,19,21,
P60425a0c89,2009,21,11,
P6fd4123c4d,2009,,16,
P7b8c6b66e0,2009,9,8,
P7d7c4d5568,2009,35,22,
P8514f39741,2009,45,34,
P8afd917a6c,2009,23,31,
P922c03ccad,2009,24,14,
P977d8b209e,2009,32,30,
Pab257f8a15,2009,,23,
Pad8e6fd6b0,2009,20,6,
Pc430805a15,2009,11,12,
Pc643573699,2009,34,28,
Pc99e2f6730,2009,,40,
Pe2d0a4cddd,2009,15,15,
Pe79f6d1bdb,2009,27,10,
Pe7ad570728,2009,,27,
Pef77516e2b,2009,10,9,
Pfd96fb33e5,2009,40,,
P0aa146e53e,2010,41,31,
P0d0da4d2bc,2010,18,25,
P10d0b75bed,2010,11,15,
P11d27a665c,2010,47,41,
P1402e898dc,2010,8,14,
P24b8a1c556,2010,32,28,
P297adbbd5f,2010,7,6,
P2c1e066057,2010,27,36,
P38bff88a77,2010,20,27,
P3d55371834,2010,19,33,
P3f25ee2633,2010,13,12,
P433bbb1ab7,2010,56,39,
P440f6cc00f,2010,22,32,
P4570803785,2010,54,51,
P4793f789c0,2010,28,43,
P4d2f3d5dbd,2010,21,18,
P502aba077e,2010,16,23,
P54e531f2ec,2010,35,22,
P581e368d46,2010,58,59,
P6f36cd1fed,2010,15,8,
P6ff85cb7e1,2010,52,49,
P7072c546bd,2010,57,38,
P780225999f,2010,34,30,
P7e584efe40,2010,14,9,
P7f86ce09cc,2010,12,11,
P809c73ddd0,2010,,50,
P815e63680a,2010,36,24,
P830611c613,2010,23,17,
P871b04878c,2010,17,13,
P8fac339738,2010,9,10,
P966e81614a,2010,38,21,
P96ac6f0cd3,2010,33,53,
P97ae54051b,2010,10,16,
P9c4bb7f4c2,2010,,56,
Pa56ca2c36c,2010,24,29,
Pabb4255b19,2010,26,,
Pb3be83363c,2010,6,7,
Pb46ac34cd7,2010,30,19,
Pc58bcc8049,2010,5,5,
Pc62b6f4e46,2010,60,55,
Pc781d37e72,2010,,54,
Pcc98298533,2010,3,3,
Pd01ecb3669,2010,1,1,
Pd646388a2b,2010,25,20,
Pdc16ca4e2e,2010,29,35,
Pdcb8ac9b93,2010,48,42,
Pe03992058c,2010,42,45,
Pe6ceea2b5e,2010,51,,
Pe82bc0553e,2010,39,26,
Pe97fa79993,2010,50,40,
Peb88f22502,2010,4,4,
Pec2bc35d4f,2010,37,37,
Ped95bfcd7e,2010,2,2,
P0c700e1af1,2011,21,21,
P13a0e44cab,2011,58,54,
P148aecdd52,2011,8,16,
P22add316a5,2011,9,7,
P2606a3d161,2011,26,27,
P268ca85d2e,2011,15,9,
P2c06075e55,2011,42,25,
P2d49f5a403,2011,17,15,
P2e873db9ac,2011,25,29,
P2e890c30d2,2011,11,5,
P31bc34ca23,2011,29,26,
P355f728583,2011,34,48,
P36b818b767,2011,30,43,
P3ce7981258,2011,52,,
P3e5e9d6579,2011,37,33,
P3ef4d7a55a,2011,7,13,
P42d7cc83b1,2011,56,,
P43d78a0411,2011,41,35,
P477dab5e0e,2011,,60,
P47e2698d94,2011,23,19,
P495da5b1cd,2011,43,49,
P4a7a8900d7,2011,5,3,
P4d8e3ba87c,2011,59,44,
P4ec69893f6,2011,6,6,
P52af59d765,2011,38,37,
P53502448c1,2011,39,31,
P575f19a655,2011,1,1,
P5969d3ea2a,2011,2,4,
P629d2ef8de,2011,46,42,
P69e13b90fc,2011,24,28,
P701bdb09e4,2011,12,14,
P749792a28d,2011,27,41,
P74ab2a2c37,2011,28,34,
P7c4530d600,2011,55,51,
P7f14bdd3aa,2011,,59,
P85135a294f,2011,32,39,
P96af95e7fd,2011,47,40,
P9cc36d2c64,2011,31,24,
P9e7b32dc92,2011,18,11,
Pa98bcc077b,2011,36,38,
Paef9538004,2011,48,53,
Pb035a35ee9,2011,3,2,
Pb0e43997bd,2011,10,10,
Pb5da2dd439,2011,4,12,
Pbbfb6a2c4a,2011,16,17,
Pc4acbf93e3,2011,33,36,
Pc5e44c9142,2011,19,23,
Pc8dae45369,2011,13,8,
Pce366ff1b3,2011,14,18,
Pce627023f0,2011,22,22,
Pd11fd10026,2011,53,46,
Pd30706ab20,2011,,56,
Pd9bc466fd2,2011,40,30,
Pde91f9542b,2011,35,32,
Pe0ab16a2ed,2011,,58,
Pe1228b6b2c,2011,20,20,
Pe6bde91a1f,2011,44,47,
P0267b55e6b,2012,43,,
P093d3a11ad,2012,47,47,
P0dca4f55c4,2012,52,34,
P163aa00374,2012,1,1,
P1ba89514b1,2012,46,40,
P2320c27578,2012,8,10,
P272afc1b90,2012,4,,
P2db62bcb6f,2012,49,,
P319cf0c2e0,2012,48,38,
P31e884be2b,2012,39,33,
P337fb06bb7,2012,51,42,
P3f927eeca6,2012,14,11,
P400aecdd2c,2012,11,9,
P404f9fdfb6,2012,45,,
P41b1bb4705,2012,31,30,
P43f8251240,2012,7,8,
P47044d9385,2012,21,22,
P47e358160b,2012,36,28,
P4b46fb5c89,2012,38,35,
P4bc4764e2a,2012,32,39,
P4d2e34ba12,2012,10,14,
P4e4e438f6e,2012,9,7,
P52c65c114a,2012,30,31,
P6d4d3ba13b,2012,33,32,
P711641b36d,2012,,56,
P798e5b71ce,2012,29,29,
P838aeb9cb6,2012,25,18,
P83b3d780d7,2012,19,23,
P86f7665380,2012,34,,
P8d6fb61ea0,2012,20,15,
P8e2f7481af,2012,44,53,
P91c52ea937,2012,58,,
P9fd176d178,2012,57,54,
Pa260a40e68,2012,3,3,
Pa3f9e715ae,2012,24,25,
Pa548aa166c,2012,26,26,
Paa36360f59,2012,42,55,
Pb172e7dcfc,2012,28,,
Pb5ebcb5d6c,2012,5,4,
Pbc5d4fc393,2012,12,12,
Pbf890a872a,2012,56,43,
Pc0b16a51f2,2012,50,50,
Pc2a67f2add,2012,22,19,
Pc3d030ae81,2012,13,13,
Pc6c9992e46,2012,27,24,
Pc8a80657b3,2012,37,37,
Pca1e2194fa,2012,18,20,
Pcfae2f19b7,2012,17,21,
Pd9273beb4e,2012,35,51,
Pded0fedf79,2012,53,60,
Pefaae49c8b,2012,23,27,
Pf2c709b50b,2012,40,,
Pf849910cdc,2012,2,2,
Pf9e0178b31,2012,6,6,
Pff7518dc75,2012,,49,
P00193b3ed9,2013,7,4,
P1100d011d0,2013,12,17,
P15f2c20d7d,2013,,54,
P17a4a5cfae,2013,22,20,
P24a562f4ba,2013,56,,
P31b4a243f7,2013,14,19,
P36eaf9779b,2013,33,56,
P36f801ddc1,2013,16,14,
P398088f587,2013,13,,
P3cb5a9e68b,2013,8,12,
P3ede0fa0b1,2013,2,2,
P45b94f1aab,2013,40,36,
P467b7b3f59,2013,,46,
P488064c36d,2013,34,,
P56b91ee390,2013,44,43,
P58c3f134a2,2013,27,22,
P591a253b3e,2013,51,,
P5d0988f1e1,2013,28,31,
P5e50445e82,2013,53,55,
P607c704c53,2013,48,37,
P622332ff90,2013,38,28,
P6258e82584,2013,6,6,
P6a23d47737,2013,9,,
P70fe638043,2013,31,34,
P73a117bd09,2013,,45,
P824176de50,2013,18,18,
P83fd4822e5,2013,,42,
P84101ffd6c,2013,11,8,
P84dee8d837,2013,10,10,
P854bff0ae3,2013,1,5,
P8aa2e06ade,2013,46,58,
P93a13b19c2,2013,15,15,
P9702e35c0a,2013,26,11,
Pa0a2c9503f,2013,59,,
Pa33d5803eb,2013,39,52,
Pb10604e423,2013,42,48,
Pb18185e9fe,2013,23,23,
Pca1c024cab,2013,5,7,
Pcad0645e5a,2013,25,25,
Pccb83c9fcb,2013,19,33,
Pd2b56a96a1,2013,35,38,
Pdbcc4b2801,2013,32,27,
Pde25a111c0,2013,4,1,
Pea46ee56c1,2013,30,,
Pecca0a47dd,2013,60,50,
Pef94ae3f83,2013,29,40,
Pf1323eea4d,2013,58,60,
Pf1615243ab,2013,52,47,
Pf209014384,2013,47,53,
Pf825457ab4,2013,20,24,
Pfb1f867cde,2013,24,30,
P0a4bbd8b0a,2014,5,5,
P1044a073cf,2014,6,4,
P11fb43c4ea,2014,8,8,
P12d1ca8d35,2014,10,13,
P1dca1ecf2b,2014,7,7,
P2171d2817b,2014,3,3,
P23f1ba707f,2014,2,2,
P24fc987f38,2014,29,35,
P25150e1302,2014,41,,
P2f95e0c256,2014,16,9,
P31e153a014,2014,26,47,
P331cffbdbb,2014,48,50,
P360c31499c,2014,20,29,
P3997afa4f2,2014,17,12,
P44154d877a,2014,35,30,
P465ab55c02,2014,14,11,
P49827cf895,2014,15,17,
P4f181909b7,2014,25,15,
P59ddf4705a,2014,58,,
P5c19a79a93,2014,21,20,
P6cee28a4f3,2014,28,22,
P6e49424689,2014,52,43,
P7f1d080745,2014,11,16,
P83de6de3ec,2014,45,,
P8c2c5e7b71,2014,,60,
P8c383a7533,2014,,49,
P944e30c99c,2014,36,54,
P962232fdc6,2014,43,,
P96c6ba4e0f,2014,13,10,
P9da0cf7014,2014,59,,
Pa47459a77d,2014,,58,
Pa5d86611c0,2014,47,,
Pa9426d162d,2014,18,19,
Pab87e9a8b8,2014,40,33,
Paf95fb158c,2014,12,18,
Pb51c66667f,2014,46,37,
Pb59be03b24,2014,56,36,
Pb8a773b356,2014,,44,
Pbac4f67696,2014,31,40,
Pbed27928bf,2014,39,,
Pc0fff42784,2014,53,,
Pc7e0f691c6,2014,9,14,
Pc9a1f10582,2014,4,6,
Pccdaab2014,2014,30,32,
Pd35ff11e6d,2014,49,39,
Pd5729dac8f,2014,33,26,
Pd8244d9a42,2014,27,28,
Pd856b04e96,2014,,56,
Pd907989bcb,2014,24,27,
Pdb1689c286,2014,1,1,
Pdd79d6ef7f,2014,,21,
Pe966e23e9c,2014,34,23,
Pea7725adea,2014,19,25,
Pf78412d8c5,2014,37,38,
Pf7c7a85a9a,2014,22,24,
Pfe357344e4,2014,23,31,
